date,gold_price,gold_volume,token_price,token_total_volume,token_market_cap,gold_forward_filled,token_log_price,gold_log_price,basis,abs_basis,premium_discount_pct,weekday,is_monday,gold_return,token_return,tracking_error,basis_change
2019-09-26,1506.071701657,,1516.5106201171875,5337186,,0,7.324167330148748,7.317260017888506,0.0069073122602425485,0.0069073122602425485,0.6931222762304421,Thursday,0,,,,
2019-09-27,1496.8946397781,,1528.739990234375,2583554,,0,7.3321991393000605,7.311148001033023,0.02105113826703775,0.02105113826703775,2.1274276498842735,Friday,0,-0.006112016855483127,0.008031809151312075,0.014143826006795202,0.014143826006795202
2019-09-28,1497.062015794,,1525.7178955078125,2243053,,0,7.330220329425614,7.311259810277664,0.018960519147949384,0.018960519147949384,1.9141411251833969,Saturday,0,0.000111809244641492,-0.001978809874446874,0.002090619119088366,-0.002090619119088366
2019-09-29,1496.6699094515,,1528.8665771484375,1602218,,0,7.332281940609742,7.310997858737224,0.02128408187251818,0.02128408187251818,2.151220352170839,Sunday,0,-0.0002619515404402861,0.002061611184128509,0.002323562724568795,0.002323562724568795
2019-09-30,1472.8206949665,,1513.8780517578125,3023598,,0,7.3224298836976995,7.294934681263996,0.027495202433703625,0.027495202433703625,2.7876683788888745,Monday,1,-0.016063177473228052,-0.009852056912042606,0.006211120561185446,0.006211120561185446
2019-10-01,1480.6226606065,,1499.5137939453125,1876107,,0,7.312896197176638,7.300217994907749,0.012678202268888938,0.012678202268888938,1.2758911396826975,Tuesday,0,0.005283313643753118,-0.009533686521061568,0.014817000164814687,-0.014817000164814687
2019-10-02,1499.5383537063,,1466.4097900390625,892474,,0,7.290572372743704,7.312912575525382,-0.022340202781677476,0.022340202781677476,-2.2092508394570984,Wednesday,0,0.012694580617632845,-0.02232382443293357,0.035018405050566415,-0.035018405050566415
2019-10-03,1507.1497529143,,1496.9918212890625,1536692,,0,7.3112129210039445,7.317975565231807,-0.0067626442278623244,0.0067626442278623244,-0.673982900876019,Thursday,0,0.005062989706424936,0.020640548260240088,0.015577558553815152,0.015577558553815152
2019-10-04,1504.2050625719,,1510.148193359375,1566060,,0,7.319963066291027,7.316019840010824,0.003943226280203049,0.003943226280203049,0.39510110259257814,Friday,0,-0.0019557252209825293,0.008750145287082844,0.010705870508065374,0.010705870508065374
2019-10-05,1504.1326043304,,1497.5797119140625,1321624,,0,7.311605558565635,7.315971668396108,-0.0043661098304728085,0.0043661098304728085,-0.43565922296157344,Saturday,0,-4.817161471670772e-05,-0.008357507725392566,0.008309336110675858,-0.008309336110675858
2019-10-06,1508.3070008069,,1535.4833984375,3331031,,0,7.336600527994034,7.3187431092849495,0.017857418709084527,0.017857418709084527,1.8017815747100125,Sunday,0,0.0027714408888419584,0.024994969428399294,0.022223528539557336,0.022223528539557336
2019-10-07,1492.6669871815,,1532.6455078125,4016854,,0,7.334750611304721,7.308319723216896,0.02643088808782501,0.02643088808782501,2.678328185343519,Monday,1,-0.010423386068053375,-0.0018499166893128915,0.008573469378740484,0.008573469378740484
2019-10-08,1507.4490155568,,1530.3182373046875,2249215,,0,7.333230990996205,7.3181741075032445,0.015056883492960083,0.015056883492960083,1.5170809434931578,Tuesday,0,0.009854384286348328,-0.0015196203085166005,0.011374004594864928,-0.011374004594864928
2019-10-09,1511.662929394,,1520.4644775390625,5673851,,0,7.32677114448941,7.320965601591853,0.005805542897556748,0.005805542897556748,0.5822427721099762,Wednesday,0,0.0027914940886084594,-0.006459846506794875,0.009251340595403335,-0.009251340595403335
2019-10-10,1494.2887962147,,1534.4639892578125,3340582,,0,7.335936406373421,7.30940565103785,0.026530755335571143,0.026530755335571143,2.6885828994290475,Thursday,0,-0.011559950554002718,0.009165261884011677,0.020725212438014395,0.020725212438014395
2019-10-11,1488.8198800625,,1538.6441650390625,4870887,,0,7.338656895304831,7.305739058316871,0.03291783698795925,0.03291783698795925,3.3465623104435482,Friday,0,-0.0036665927209789118,0.002720488931409193,0.006387081652388105,0.006387081652388105
2019-10-12,1488.5050199832,,1518.955810546875,1189723,,0,7.32577841102507,7.305527552961531,0.020250858063538324,0.020250858063538324,2.0457297862534976,Saturday,0,-0.00021150535533998038,-0.012878484279760904,0.012666978924420924,-0.012666978924420924
2019-10-13,1485.3323431118,,1530.8951416015625,1973779,,0,7.333607903175983,7.303393826272585,0.03021407690339739,0.03021407690339739,3.067515408323208,Sunday,0,-0.0021337266889460693,0.007829492150912998,0.009963218839859067,0.009963218839859067
2019-10-14,1492.2239458472,,1538.9613037109375,1861798,,0,7.338862989735204,7.308022867252981,0.03084012248222301,0.03084012248222301,3.132060572664429,Monday,1,0.004629040980395516,0.005255086559221134,0.0006260455788256181,0.0006260455788256181
2019-10-15,1481.4698331089,,1532.95361328125,2834839,,0,7.33495161962813,7.3007900044093414,0.03416161521878891,0.03416161521878891,3.4751824857823808,Tuesday,0,-0.007232862843639332,-0.003911370107073431,0.003321492736565901,0.003321492736565901
2019-10-16,1489.9393109758,,1525.372802734375,2519667,,0,7.329994119975264,7.306490667221254,0.023503452754009224,0.023503452754009224,2.3781835607363537,Wednesday,0,0.005700662811912949,-0.004957499652866737,0.010658162464779686,-0.010658162464779686
2019-10-17,1492.356859786,,1513.2073974609375,2321023,,0,7.321986781367687,7.308111934326411,0.013874847041275729,0.013874847041275729,1.3971549457632622,Thursday,0,0.001621267105156754,-0.008007338607576742,0.009628605712733496,-0.009628605712733496
2019-10-18,1490.2142237624,,1521.9437255859375,5283331,,0,7.327743563747234,7.306675162942146,0.02106840080508743,0.02106840080508743,2.129190643706836,Friday,0,-0.001436771384264901,0.005756782379546799,0.0071935537638117,0.0071935537638117
2019-10-19,1490.2463377196,,1526.0347900390625,4389881,,0,7.330428009775263,7.306696712603038,0.02373129717222433,0.02373129717222433,2.401512515992934,Saturday,0,2.154966089218391e-05,0.002684446028029086,0.002662896367136902,0.002662896367136902
2019-10-20,1492.169838771,,1531.0445556640625,6825304,,0,7.333705497562151,7.307986607241661,0.025718890320489685,0.025718890320489685,2.6052474646640045,Sunday,0,0.0012898946386226129,0.003277487786887967,0.001987593148265354,0.001987593148265354
2019-10-21,1484.0531465337,,1528.12646484375,5138334,,0,7.331797731251735,7.302532236114154,0.029265495137580366,0.029265495137580366,2.969793798354989,Monday,1,-0.005454371127506796,-0.0019077663104161147,0.0035466048170906816,0.0035466048170906816
2019-10-22,1488.2199041389,,1513.975341796875,1849206,,0,7.322494147072739,7.3053359895134875,0.017158157559251208,0.017158157559251208,1.7306204268835848,Tuesday,0,0.002803753399333253,-0.009303584178995905,0.012107337578329158,-0.012107337578329158
2019-10-23,1492.1967977273,,1498.958984375,16076364,,0,7.312526135736924,7.308004674027405,0.004521461709519059,0.004521461709519059,0.4531698940782599,Wednesday,0,0.002668684513917441,-0.009968011335814708,0.012636695849732149,-0.012636695849732149
2019-10-24,1503.2731178351,,1484.32080078125,4312836,,0,7.30271257339849,7.315400088371261,-0.012687514972770764,0.012687514972770764,-1.2607367769034363,Thursday,0,0.007395414343855933,-0.00981356233843389,0.017208976682289823,-0.017208976682289823
2019-10-25,1504.1682295648,,1520.5,1208814,,0,7.32679450711742,7.315995353018337,0.010799154099082386,0.010799154099082386,1.085767543429986,Friday,0,0.0005952646470763767,0.024081933718929527,0.02348666907185315,0.02348666907185315
2019-10-26,1504.0873573937,,1509.3011474609375,681,,0,7.319402006425438,7.315941586196482,0.003460420228956096,0.003460420228956096,0.3466414395153293,Saturday,0,-5.376682185520565e-05,-0.007392500691981496,0.0073387338701262905,-0.0073387338701262905
2019-10-27,1503.9177056231,,1514.4765625,125079,,0,7.322825154943123,7.315828786006837,0.006996368936285968,0.006996368936285968,0.7020900703157416,Sunday,0,-0.00011280018964487937,0.003423148517684993,0.0035359487073298723,0.0035359487073298723
2019-10-28,1492.2615145812,,1512.3568115234375,557111,,0,7.321424515356354,7.308048043273772,0.01337647208258197,0.01337647208258197,1.3466337331548295,Monday,1,-0.007780742733064727,-0.001400639586768726,0.006380103146296001,0.006380103146296001
2019-10-29,1487.6273253233,,1541.06689453125,1100512,,0,7.3402302441970475,7.304937730612583,0.035292513584464835,0.035292513584464835,3.5922685943091386,Tuesday,0,-0.0031103126611897736,0.018805728840693092,0.021916041501882866,0.021916041501882866
2019-10-30,1495.1133352572,,1501.7607421875,868220,,0,7.314393526817722,7.309957292487978,0.00443623432974416,0.00443623432974416,0.44460889843888385,Wednesday,0,0.0050195618753949844,-0.02583671737932569,0.030856279254720675,-0.030856279254720675
2019-10-31,1512.7535366386,,1493.3623046875,879891,,0,7.308785437013114,7.321686803386725,-0.012901366373610834,0.012901366373610834,-1.281850049029676,Thursday,0,0.011729510898747186,-0.005608089804607808,0.017337600703354994,-0.017337600703354994
2019-11-01,1513.4329599232,,1522.9644775390625,4702498,,0,7.328414028617285,7.322135832748787,0.006278195868498315,0.006278195868498315,0.6297945048286839,Friday,0,0.00044902936206181465,0.019628591604170964,0.01917956224210915,0.01917956224210915
2019-11-02,1513.3744466725,,1519.135009765625,2400671,,0,7.325896379334482,7.322097169402992,0.0037992099314898553,0.0037992099314898553,0.38064360778596107,Saturday,0,-3.866334579427644e-05,-0.0025176492828027364,0.00247898593700846,-0.00247898593700846
2019-11-03,1512.8821918637,,1487.9876708984375,3321575,,0,7.305179929672176,7.321771846820054,-0.016591917147877666,0.016591917147877666,-1.6455029412829054,Sunday,0,-0.00032532258293827,-0.02071644966230579,0.02039112707936752,-0.02039112707936752
2019-11-04,1507.3509049739,,1482.6068115234375,9202816,,0,7.3015571765216825,7.318109021536998,-0.01655184501531526,0.01655184501531526,-1.6415615878700096,Monday,1,-0.0036628252830563923,-0.0036227531504939847,4.00721325624076e-05,4.00721325624076e-05
2019-11-05,1483.9991887471,,1481.16357421875,9320207,,0,7.30058325666223,7.302495877060802,-0.0019126203985724288,0.0019126203985724288,-0.19107925057183744,Tuesday,0,-0.01561314447619555,-0.000973919859452721,0.01463922461674283,0.01463922461674283
2019-11-06,1490.3367470972,,1510.1864013671875,6486061,,0,7.319988366804342,7.3067573781674975,0.013230988636844465,0.013230988636844465,1.331890548136157,Wednesday,0,0.00426150110669532,0.019405110142112214,0.015143609035416894,0.015143609035416894
2019-11-07,1468.3485975832,,1486.2421875,6458455,,0,7.304006191473094,7.291893645278011,0.012112546195082174,0.012112546195082174,1.2186200161359244,Thursday,0,-0.014863732889486059,-0.01598217533124835,0.0011184424417622907,-0.0011184424417622907
2019-11-08,1458.3426967364,,1453.8272705078125,13753675,,0,7.281954854962246,7.285055930722239,-0.003101075759992966,0.003101075759992966,-0.3096272391045364,Friday,0,-0.006837714555772756,-0.022051336510847896,0.01521362195507514,-0.01521362195507514
2019-11-09,1458.310547231,,1451.631591796875,1836,,0,7.280443438533395,7.285033885245651,-0.004590446712255947,0.004590446712255947,-0.45799267150655376,Saturday,0,-2.204547658735123e-05,-0.0015114164288503318,0.0014893709522629806,-0.0014893709522629806
2019-11-10,1461.5609470915,,1457.079833984375,0,,0,7.284189598094496,7.287260285420774,-0.003070687326277799,0.003070687326277799,-0.30659775878949874,Sunday,0,0.002226400175122656,0.0037461595611008036,0.0015197593859781477,0.0015197593859781477
2019-11-11,1455.6760544125,,1458.7940673828125,219713,,0,7.285365392147268,7.283225713900732,0.0021396782465359365,0.0021396782465359365,0.21419689915631174,Monday,1,-0.00403457152004183,0.0011757940527719057,0.0052103655728137355,0.0052103655728137355
2019-11-12,1457.7204545917,,1456.843017578125,8154743,,0,7.284027056792729,7.284629162081195,-0.0006021052884666034,0.0006021052884666034,-0.060192405945264454,Tuesday,0,0.0014034481804632293,-0.0013383353545393106,0.00274178353500254,-0.00274178353500254
2019-11-13,1463.5665720891,,1484.54638671875,6032423,,0,7.3028645410842685,7.288631593371449,0.014232947712819133,0.014232947712819133,1.4334718372054218,Wednesday,0,0.004002431290254016,0.018837484291539752,0.014835053001285736,0.014835053001285736
2019-11-14,1469.0234067162,,1485.2369384765625,7618046,,0,7.303329593039002,7.29235310982243,0.010976483216571964,0.010976483216571964,1.1036945828253055,Thursday,0,0.003721516450980289,0.00046505195473312,0.003256464496247169,-0.003256464496247169
2019-11-15,1467.222653551,,1556.331787109375,16082148,,0,7.35008691279797,7.291126541371418,0.05896037142655164,0.05896037142655164,6.073320456354153,Friday,0,-0.0012265684510115449,0.04675731975896813,0.047983888209979675,0.047983888209979675
2019-11-16,1467.4590945777,,1559.512939453125,4987903,,0,7.3521288331940235,7.291287677090725,0.06084115610329821,0.06084115610329821,6.273009259036005,Saturday,0,0.00016113571930720383,0.0020419203960537757,0.001880784676746572,0.001880784676746572
2019-11-17,1468.795440859,,1428.54296875,7965893,,0,7.264410300847426,7.292197915871077,-0.02778761502365068,0.02778761502365068,-2.7405090585969636,Sunday,0,0.0009102387803512357,-0.08771853234659766,0.08862877112694889,-0.08862877112694889
2019-11-18,1471.3365385558,,1523.8961181640625,13706464,,0,7.329025569988983,7.29392647659373,0.03509909339525308,0.03509909339525308,3.572233695756155,Monday,1,0.0017285607226531496,0.06461526914155691,0.06288670841890376,0.06288670841890376
2019-11-19,1474.4390647517,,1497.2760009765625,10346176,,0,7.311402736815502,7.296032901359813,0.015369835455689262,0.015369835455689262,1.5488558849807939,Tuesday,0,0.002106424766083137,-0.01762283317348068,0.019729257939563816,-0.019729257939563816
2019-11-20,1474.3295730724,,1458.6798095703125,9802913,,0,7.285287065610423,7.295958638714758,-0.010671573104334975,0.010671573104334975,-1.061483387969663,Wednesday,0,-7.426264505472346e-05,-0.02611567120507896,0.026041408560024237,-0.026041408560024237
2019-11-21,1464.5456574417,,1462.4930419921875,3056038,,0,7.287897821482515,7.289300341911355,-0.0014025204288401483,0.0014025204288401483,-0.1401537356710435,Thursday,0,-0.006658296803403019,0.002610755872091808,0.009269052675494827,0.009269052675494827
2019-11-22,1462.3632865593,,1469.2987060546875,3867939,,0,7.2925404952272475,7.287809095460859,0.004731399766388478,0.004731399766388478,0.4742610512128952,Friday,0,-0.001491246450496142,0.004642673744732484,0.006133920195228626,0.006133920195228626
2019-11-23,1462.1700065067,,1525.0821533203125,1008322,,0,7.329803558620234,7.287676917069634,0.042126641550599864,0.042126641550599864,4.30265608880305,Saturday,0,-0.00013217839122514619,0.03726306339298624,0.037395241784211386,0.037395241784211386
2019-11-24,1460.1737606775,,1474.6900634765625,1381488,,0,7.296203120237696,7.28631072178343,0.009892398454265816,0.009892398454265816,0.9941489971938086,Sunday,0,-0.001366195286204075,-0.03360043838253812,0.03223424309633405,-0.03223424309633405
2019-11-25,1453.8293725985,,1476.105712890625,1727182,,0,7.297162623795352,7.281956300862464,0.015206322932888483,0.015206322932888483,1.532252732816194,Monday,1,-0.004354420920965829,0.0009595035576568378,0.005313924478622667,0.005313924478622667
2019-11-26,1460.4892940073,,1536.0662841796875,647815,,0,7.336980066539338,7.286526791439614,0.050453275099724415,0.050453275099724415,5.17477193995848,Tuesday,0,0.004570490577149755,0.03981744274398569,0.03524695216683593,0.03524695216683593
2019-11-27,1457.3786263639,,1470.0777587890625,739060,,0,7.293070575509194,7.28439463953505,0.008675935974144622,0.008675935974144622,0.8713680985459767,Wednesday,0,-0.0021321519045640613,-0.043909491030143855,0.04177733912557979,-0.04177733912557979
2019-11-28,1456.0363459891,,1469.455078125,311771,,0,7.292646915895288,7.283473191349665,0.009173724545623152,0.009173724545623152,0.9215932124815535,Thursday,0,-0.0009214481853847545,-0.0004236596139062243,0.0004977885714785302,0.0004977885714785302
2019-11-29,1464.0454342785,,1469.633056640625,329079,,0,7.292768027279283,7.288958728382939,0.003809298896344515,0.003809298896344515,0.38165634968007356,Friday,0,0.005485537033274035,0.00012111138399539811,0.005364425649278637,-0.005364425649278637
2019-11-30,1464.0431014289,,1467.6112060546875,275234,,0,7.291391328084769,7.288957134954618,0.00243419313015103,0.00243419313015103,0.2437158183597942,Saturday,0,-1.5934283208451916e-06,-0.0013766991945143303,0.0013751057661934851,-0.0013751057661934851
2019-12-01,1461.9776171227,,1471.2998046875,385270,,0,7.293901509955643,7.287545330426933,0.006356179528710371,0.006356179528710371,0.6376422905260987,Sunday,0,-0.0014118045276854119,0.0025101818708739287,0.003921986398559341,0.003921986398559341
2019-12-02,1462.4487516002,,1470.71484375,313311,,0,7.293503849838268,7.28786753685115,0.005636312987117975,0.005636312987117975,0.565222688368074,Monday,1,0.0003222064242169864,-0.00039766011737540907,0.0007198665415923955,-0.0007198665415923955
2019-12-03,1477.0920231702,,1469.796875,216527,,0,7.2928794899529,7.297830584700376,-0.004951094747476681,0.004951094747476681,-0.4938858280842156,Tuesday,0,0.009963047849226747,-0.0006243598853679089,0.010587407734594656,-0.010587407734594656
2019-12-04,1475.3662892444,,1480.116455078125,840805,,0,7.299876049526189,7.296661569635829,0.003214479890360167,0.003214479890360167,0.3219651871101004,Wednesday,0,-0.001169015064547807,0.006996559573289041,0.008165574637836848,0.008165574637836848
2019-12-05,1476.3802958791,,1494.8607177734375,570843,,0,7.309788316115686,7.297348625008196,0.012439691107489992,0.012439691107489992,1.2517385897062154,Thursday,0,0.0006870553723672401,0.009912266589497065,0.009225211217129825,0.009225211217129825
2019-12-06,1460.2378410471,,1486.3216552734375,471056,,0,7.304059658969612,7.286354606261613,0.017705052707999158,0.017705052707999158,1.7862716259724896,Friday,0,-0.010994018746583123,-0.005728657146073957,0.005265361600509166,0.005265361600509166
2019-12-07,1459.9818962245,,1488.984619140625,269786,,0,7.305849702973589,7.286179314779271,0.0196703881943181,0.0196703881943181,1.9865125034170545,Saturday,0,-0.000175291482341855,0.001790044003977087,0.001965335486318942,0.001965335486318942
2019-12-08,1459.9499237176,,1490.0419921875,284489,,0,7.306559581218555,7.286157415290602,0.020402165927952964,0.020402165927952964,2.061171275880053,Sunday,0,-2.18994886687085e-05,0.0007098782449661556,0.0007317777336348641,0.0007317777336348641
2019-12-09,1461.4286231731,,1484.8389892578125,516307,,0,7.303061620616199,7.287169745297172,0.015891875319026916,0.015891875319026916,1.6018822755697177,Monday,1,0.0010123300065698615,-0.003497960602356187,0.004510290608926049,-0.004510290608926049
2019-12-10,1464.1763402312,,1489.0789794921875,372111,,0,7.3059130732465665,7.2890481382452155,0.016864935001351,0.016864935001351,1.700795087090081,Tuesday,0,0.0018783929480434836,0.002851452630367568,0.0009730596823240845,0.0009730596823240845
2019-12-11,1474.7344035841,,1480.416259765625,359955,,0,7.300078583811334,7.296233187193494,0.0038453966178400023,0.0038453966178400023,0.38527996415600285,Wednesday,0,0.007185048948278094,-0.0058344894352329035,0.013019538383510998,-0.013019538383510998
2019-12-12,1465.7169321554,,1486.384033203125,477078,,0,7.304101626077179,7.29009977523193,0.014001850845248853,0.014001850845248853,1.4100335879543393,Thursday,0,-0.006133411961563695,0.004023042265845156,0.010156454227408851,0.010156454227408851
2019-12-13,1475.6400181858,,1458.1776123046875,312517,,0,7.284942724288272,7.296847085296364,-0.011904361008092224,0.011904361008092224,-1.183378443651955,Friday,0,0.006747310064434409,-0.019158901788906668,0.025906211853341077,-0.025906211853341077
2019-12-14,1475.2852832917,,1489.3924560546875,338375,,0,7.306123568173539,7.296606662473305,0.009516905700233558,0.009516905700233558,0.956233544979942,Saturday,0,-0.00024042282305902773,0.021180843885266754,0.02142126670832578,0.02142126670832578
2019-12-15,1474.5673987894,,1485.7901611328125,345279,,0,7.3037020047633625,7.296119936799964,0.007582067963398664,0.007582067963398664,0.7610884624620282,Sunday,0,-0.0004867256733414038,-0.0024215634101762973,0.0019348377368348935,-0.0019348377368348935
2019-12-16,1475.1270895488,,1488.5362548828125,711057,,0,7.3055485368154525,7.296499427468119,0.00904910934733305,0.00904910934733305,0.9090176317020862,Monday,1,0.00037949066815556876,0.0018465320520899553,0.0014670413839343865,0.0014670413839343865
2019-12-17,1475.4619258954,,1463.868896484375,896019,,0,7.288838138929563,7.296726389844977,-0.007888250915414119,0.007888250915414119,-0.7857220310168115,Tuesday,0,0.00022696237685781995,-0.01671039788588935,0.01693736026274717,-0.01693736026274717
2019-12-18,1475.5221610263,,1471.6014404296875,1502461,,0,7.2941065020489,7.296767213603515,-0.002660711554614892,0.002660711554614892,-0.26571749989070964,Wednesday,0,4.082375853808884e-05,0.005268363119337316,0.005227539360799227,0.005227539360799227
2019-12-19,1478.8641332218,,1480.810791015625,618776,,0,7.300345048520435,7.2990295945436525,0.0013154539767823437,0.0013154539767823437,0.1316319565871125,Thursday,0,0.0022623809401371986,0.006238546471534434,0.0039761655313972355,0.0039761655313972355
2019-12-20,1478.3639620774,,1474.9786376953125,389627,,0,7.296398785750609,7.298691324289853,-0.0022925385392431608,0.0022925385392431608,-0.22899126797777067,Friday,0,-0.0003382702537999549,-0.003946262769825459,0.0036079925160255044,-0.0036079925160255044
2019-12-21,1478.7212019046,,1476.2301025390625,160254,,0,7.297246889039069,7.298932940482237,-0.0016860514431673579,0.0016860514431673579,-0.16846308569384447,Saturday,0,0.0002416161923841642,0.0008481032884599671,0.0006064870960758029,0.0006064870960758029
2019-12-22,1478.9398958826,,1486.8880615234375,466375,,0,7.304440665565717,7.299080823536561,0.00535984202915607,0.00535984202915607,0.537423167970879,Sunday,0,0.00014788305432400506,0.007193776526647433,0.007045893472323428,0.007045893472323428
2019-12-23,1485.6956863804,,1470.9344482421875,791498,,0,7.293653156890739,7.303638417213367,-0.009985260322628697,0.009985260322628697,-0.993557312815207,Monday,1,0.004557593676806526,-0.010787508674978241,0.015345102351784767,-0.015345102351784767
2019-12-24,1498.9906679646,,1483.7904052734375,485418,,0,7.302355177413881,7.312547272575948,-0.01019209516206665,0.01019209516206665,-1.0140331768577477,Tuesday,0,0.008908855362580681,0.008702020523142728,0.00020683483943795267,-0.00020683483943795267
2019-12-25,1499.3964929116,,1489.5716552734375,253099,,0,7.306243877927043,7.312817968071695,-0.006574090144651379,0.006574090144651379,-0.6552528090207944,Wednesday,0,0.00027069549574676444,0.0038887005131620356,0.003618005017415271,0.003618005017415271
2019-12-26,1510.9461908232,,1480.0135498046875,366519,,0,7.299806521989689,7.320491350006069,-0.020684828016380052,0.020684828016380052,-2.0472364407404586,Thursday,0,0.00767338193437439,-0.006437355937354283,0.014110737871728674,-0.014110737871728674
2019-12-27,1510.7333965891,,1524.7271728515625,456148,,0,7.329570769988297,7.320350505003615,0.009220264984681315,0.009220264984681315,0.9262902570405404,Friday,0,-0.00014084500245381548,0.02976424799860755,0.029905093001061367,0.029905093001061367
2019-12-28,1510.8250615661,,1514.8536376953125,343261,,0,7.323074104494569,7.32041117897587,0.0026629255186989553,0.0026629255186989553,0.26664742541645153,Saturday,0,6.067397225439919e-05,-0.00649666549372796,0.006557339465982359,-0.006557339465982359
2019-12-29,1513.2026935008,,1536.4251708984375,381963,,0,7.337213679374804,7.321983672760462,0.015230006614341818,0.015230006614341818,1.5346574188228668,Sunday,0,0.0015724937845922327,0.014139574880235095,0.012567081095642862,0.012567081095642862
2019-12-30,1515.1517588667,,1540.394775390625,325757,,0,7.339794010212478,7.323270883795812,0.016523126416666756,0.016523126416666756,1.6660388225933371,Monday,1,0.001287211035349678,0.002580330837674616,0.001293119802324938,0.001293119802324938
2019-12-31,1518.232650164,,1532.9163818359375,298000,,0,7.334927331941194,7.325302207189914,0.00962512475128019,0.00962512475128019,0.9671595239603991,Tuesday,0,0.00203132339410228,-0.004866678271284286,0.006898001665386566,-0.006898001665386566
2020-01-01,1519.0757942868,,1528.142333984375,157196,,0,7.331808115901561,7.325857398840599,0.005950717060962063,0.005950717060962063,0.5968457750215015,Wednesday,0,0.0005551916506849608,-0.003119216039633166,0.0036744076903181266,-0.0036744076903181266
2020-01-02,1528.7456129579,,1525.2001953125,644501,,0,7.329880956040377,7.3322028173049665,-0.002321861264589664,0.002321861264589664,-0.23191678297216023,Thursday,0,0.006345418464367647,-0.0019271598611840801,0.008272578325551727,-0.008272578325551727
2020-01-03,1550.4079938115,,1537.1595458984375,1189868,,0,7.33769154159865,7.346273397090379,-0.008581855491729407,0.008581855491729407,-0.8545136484037859,Friday,0,0.014070579785412818,0.0078105855582730754,0.006259994227139742,-0.006259994227139742
2020-01-04,1551.3135747694,,1546.6805419921875,407470,,0,7.343866327627589,7.346857318608548,-0.0029909909809591184,0.0029909909809591184,-0.2986522423682918,Saturday,0,0.000583921518169106,0.006174786028939394,0.005590864510770288,0.005590864510770288
2020-01-05,1569.5383987569,,1547.7525634765625,669667,,0,7.344559198658065,7.358536841581265,-0.013977642923199696,0.013977642923199696,-1.388040923216169,Sunday,0,0.011679522972716683,0.0006928710304761054,0.010986651942240577,-0.010986651942240577
2020-01-06,1564.5214400376,,1539.7396240234375,741566,,0,7.339368605803378,7.355335267097875,-0.015966661294497086,0.015966661294497086,-1.5839869866894891,Monday,1,-0.0032015744833904236,-0.005190592854687814,0.001989018371297391,-0.001989018371297391
2020-01-07,1587.2640432139,,1538.2786865234375,856372,,0,7.3384193342511574,7.369767085523722,-0.031347751272564395,0.031347751272564395,-3.0861504675225175,Tuesday,0,0.014431818425847176,-0.0009492715522201323,0.015381089978067308,-0.015381089978067308
2020-01-08,1557.6357949066,,1575.6014404296875,849445,,0,7.362392345306594,7.350924434601973,0.01146791070462072,0.01146791070462072,1.15339192780715,Wednesday,0,-0.01884265092174875,0.023973011055436366,0.042815661977185115,0.042815661977185115
2020-01-09,1552.4224304821,,1567.3685302734375,438514,,0,7.357153396755751,7.347571848296641,0.009581548459109968,0.009581548459109968,0.9627598453789417,Thursday,0,-0.0033525863053318616,-0.005238948550842615,0.0018863622455107532,-0.0018863622455107532
2020-01-10,1561.6115491772,,1514.934814453125,448637,,0,7.323127690254178,7.35347361136483,-0.030345921110652263,0.030345921110652263,-2.98901059925361,Friday,0,0.005901763068188792,-0.03402570650157344,0.03992746956976223,-0.03992746956976223
2020-01-11,1562.2681008288,,1520.1243896484375,273933,,0,7.326547445787021,7.353893955126323,-0.02734650933930194,0.02734650933930194,-2.6975978807993855,Saturday,0,0.000420343761493136,0.0034197555328434603,0.0029994117713503243,0.0029994117713503243
2020-01-12,1559.6852555154,,1523.79736328125,125268,,0,7.328960763679918,7.352239320602441,-0.023278556922522675,0.023278556922522675,-2.3009701545387022,Sunday,0,-0.0016546345238825921,0.0024133178928966714,0.0040679524167792636,0.0040679524167792636
2020-01-13,1546.1671607075,,1527.7645263671875,106977,,0,7.3315608520703135,7.3435343479514135,-0.011973495881099971,0.011973495881099971,-1.1902098820862133,Monday,1,-0.008704972651027099,0.002600088390395605,0.011305061041422704,0.011305061041422704
2020-01-14,1549.9773914588,,1568.9803466796875,746765,,0,7.358181226637811,7.345995623651301,0.012185602986510169,0.012185602986510169,1.2260149938704872,Tuesday,0,0.0024612756998871888,0.02662037456749733,0.02415909886761014,0.02415909886761014
2020-01-15,1555.8437649133,,1521.4761962890625,406334,,0,7.327436324317543,7.349773291543695,-0.02233696722615175,0.02233696722615175,-2.208934431546386,Wednesday,0,0.0037776678923941986,-0.03074490232026772,0.03452257021266192,-0.03452257021266192
2020-01-16,1552.3111976073,,1515.41064453125,271687,,0,7.323441733711253,7.347500194565164,-0.024058460853910724,0.024058460853910724,-2.3771363070064697,Thursday,0,-0.002273096978530731,-0.003994590606289705,0.0017214936277589743,-0.0017214936277589743
2020-01-17,1557.1649409222,,1589.6785888671875,477537,,0,7.3712871294136,7.350622101304969,0.020665028108631134,0.020665028108631134,2.0880028242693376,Friday,0,0.003121906739805169,0.04784539570234703,0.04472348896254186,0.04472348896254186
2020-01-18,1557.4625819615,,1592.0428466796875,225435,,0,7.372773279785682,7.350813225950224,0.02196005383545785,0.02196005383545785,2.2202950567606154,Saturday,0,0.00019112464525505857,0.0014861503720817737,0.0012950257268267151,0.0012950257268267151
2020-01-19,1557.4019420802,,1583.7080078125,481108,,0,7.3675242168797315,7.350774290143649,0.016749926736082443,0.016749926736082443,1.6890993276381476,Sunday,0,-3.893580657532425e-05,-0.00524906290595073,0.005210127099375406,-0.005210127099375406
2020-01-20,1561.5912659157,,1592.1063232421875,232981,,0,7.372813150130393,7.353460622607646,0.019352527522746854,0.019352527522746854,1.9541001536400007,Monday,1,0.0026863324639974095,0.00528893325066182,0.0026026007866644107,0.0026026007866644107
2020-01-21,1556.8587599379,,1583.8443603515625,157256,,0,7.3676103101929895,7.350425454770004,0.0171848554229852,0.0171848554229852,1.7333364533812239,Tuesday,0,-0.0030351678376421276,-0.00520283993740378,0.0021676720997616528,-0.0021676720997616528
2020-01-22,1560.8552453345,,1578.7564697265625,158208,,0,7.364392771662044,7.352989184206905,0.011403587455139252,0.011403587455139252,1.1468856221978547,Wednesday,0,0.0025637294369005303,-0.0032175385309454185,0.005781267967845949,-0.005781267967845949
2020-01-23,1561.3736703879,,1583.282470703125,240997,,0,7.367255484078151,7.35332127072084,0.013934213357311265,0.013934213357311265,1.4031746999923596,Thursday,0,0.00033208651393490385,0.002862712416106916,0.0025306259021720123,0.0025306259021720123
2020-01-24,1570.9895406479,,1589.5230712890625,203383,,0,7.371189295054617,7.359460980466367,0.0117283145882503,0.0117283145882503,1.1797360938201429,Friday,0,0.006139709745527355,0.00393381097646639,0.0022058987690609655,-0.0022058987690609655
2020-01-25,1570.7094109054,,1587.3934326171875,94823,,0,7.369848599453551,7.3592826503669135,0.010565949086637438,0.010565949086637438,1.062196584291825,Saturday,0,-0.00017833009945356082,-0.0013406956010664217,0.001162365501612861,-0.001162365501612861
2020-01-26,1582.1533106558,,1591.1571044921875,226373,,0,7.372216769215221,7.366542053022706,0.005674716192515028,0.005674716192515028,0.5690847894288765,Sunday,0,0.007259402655792613,0.0023681697616702024,0.00489123289412241,-0.00489123289412241
2020-01-27,1581.6935796124,,1591.45458984375,559807,,0,7.372403713386235,7.36625143779221,0.006152275594025092,0.006152275594025092,0.6171239712398593,Monday,1,-0.00029061523049644933,0.00018694417101361438,0.0004775594015100637,0.0004775594015100637
2020-01-28,1567.2779962299,,1588.9049072265625,698871,,0,7.370800320332225,7.357095633277288,0.013704687054937104,0.013704687054937104,1.3799026751275878,Tuesday,0,-0.009155804514922039,-0.0016033930540100272,0.007552411460912012,0.007552411460912012
2020-01-29,1577.0640026723,,1591.6414794921875,448887,,0,7.3725211397187,7.363320171220209,0.00920096849849017,0.00920096849849017,0.9243427530643252,Wednesday,0,0.006224537942921771,0.0017208193864748367,0.004503718556446934,-0.004503718556446934
2020-01-30,1574.6408848738,,1592.7889404296875,417674,,0,7.373241809248788,7.361782515657655,0.011459293591133068,0.011459293591133068,1.15252028130478,Thursday,0,-0.001537655562554363,0.0007206695300885357,0.002258325092642899,0.002258325092642899
2020-01-31,1588.5220500046,,1596.103515625,301043,,0,7.375320635320634,7.370559334635956,0.004761300684677394,0.004761300684677394,0.4772653687985013,Friday,0,0.008776818978301293,0.0020788260718456186,0.006697992906455674,-0.006697992906455674
2020-02-01,1589.6103070332,,1594.5830078125,151504,,0,7.374367543930156,7.371244175258608,0.0031233686715479436,0.0031233686715479436,0.31282514697460717,Saturday,0,0.0006848406226520609,-0.0009530913904773897,0.0016379320131294506,-0.0016379320131294506
2020-02-02,1589.7113878975,,1605.8009033203125,362793,,0,7.381377916286428,7.371307761692467,0.010070154593960545,0.010070154593960545,1.0121029229143332,Sunday,0,6.358643385873108e-05,0.007010372356271333,0.006946785922412602,0.006946785922412602
2020-02-03,1578.2598813271,,1603.1064453125,368899,,0,7.37969855421808,7.3640781781672136,0.015620376050866192,0.015620376050866192,1.5743011831807767,Monday,1,-0.007229583525253602,-0.001679362068347956,0.005550221456905646,0.005550221456905646
2020-02-04,1553.8389879756,,1595.6234130859375,409825,,0,7.375019793454517,7.348483914218254,0.026535879236263327,0.026535879236263327,2.6891090668780153,Tuesday,0,-0.015594263948959686,-0.0046787607635625506,0.010915503185397135,0.010915503185397135
2020-02-05,1555.9066119163,,1611.8865966796875,177515,,0,7.3851605711376465,7.349813684888532,0.03534688624911464,0.03534688624911464,3.5979013351219584,Wednesday,0,0.0013297706702779521,0.010140777683129265,0.008811007012851313,0.008811007012851313
2020-02-06,1565.8018086143,,1572.9483642578125,62707,,0,7.360707076237102,7.356153309546783,0.004553766690318817,0.004553766690318817,0.4564150842204673,Thursday,0,0.006339624658250997,-0.024453494900544825,0.030793119558795823,-0.030793119558795823
2020-02-07,1570.1032655922,,1575.113525390625,71429,,0,7.3620826282752185,7.35889667044187,0.0031859578333488514,0.0031859578333488514,0.31910383910547024,Friday,0,0.002743360895086866,0.0013755520381169006,0.0013678088569699653,-0.0013678088569699653
2020-02-08,1570.1298497386,,1570.3338623046875,21913,,0,7.359043526884785,7.358913601762204,0.0001299251225814757,0.0001299251225814757,0.012993356321553757,Saturday,0,1.6931320334201416e-05,-0.0030391013904331743,0.0030560327107673757,-0.0030560327107673757
2020-02-09,1574.8031496063,,1601.4228515625,43564,,0,7.378647795277261,7.361885559071583,0.01676223620567807,0.01676223620567807,1.6903510742187031,Sunday,0,0.0029719573093789364,0.019604268392475532,0.016632311083096596,0.016632311083096596
2020-02-10,1572.0940440919,,1584.0703125,7811,,0,7.367752960593745,7.36016379568568,0.007589164908065271,0.007589164908065271,0.7618035608688969,Monday,1,-0.001721763385902797,-0.010894834683515597,0.0091730712976128,-0.0091730712976128
2020-02-11,1567.3399018257,,1583.1507568359375,264019,,0,7.367172290239659,7.357135131294476,0.010037158945182867,0.010037158945182867,1.0087700180299328,Tuesday,0,-0.0030286643912038613,-0.0005806703540862657,0.0024479940371175957,0.0024479940371175957
2020-02-12,1568.2877377248,,1591.22314453125,618276,,0,7.372258272765333,7.3577396902771905,0.014518582488142862,0.014518582488142862,1.4624489023757563,Wednesday,0,0.0006045589827143871,0.005085982525674382,0.004481423542959995,0.004481423542959995
2020-02-13,1576.9558221261,,1587.8668212890625,1548451,,0,7.370146772603169,7.363251572700065,0.0068951999031039435,0.0068951999031039435,0.6919026525582678,Thursday,0,0.005511882422874592,-0.002111500162164326,0.007623382585038918,-0.007623382585038918
2020-02-14,1584.3293695557,,1593.3890380859375,981179,,0,7.373618497348067,7.367916486084386,0.005702011263680973,0.005702011263680973,0.5718298672187211,Friday,0,0.004664913384321068,0.003471724744898097,0.0011931886394229707,-0.0011931886394229707
2020-02-15,1584.3341043759,,1590.3563232421875,1038582,,0,7.371713372775067,7.367919474612665,0.003793898162402165,0.003793898162402165,0.3801104104023357,Saturday,0,2.988528279068703e-06,-0.001905124572999739,0.0019081131012788077,-0.0019081131012788077
2020-02-16,1582.6916837465,,1588.894775390625,785958,,0,7.370793943696219,7.366882273853012,0.003911669843207122,0.003911669843207122,0.39193304089657893,Sunday,0,-0.0010372007596535227,-0.000919429078848566,0.0001177716808049567,0.0001177716808049567
2020-02-17,1584.5098318835,,1590.6390380859375,1082406,,0,7.37189112521566,7.368030384150222,0.003860741065437878,0.003860741065437878,0.3868203326420312,Monday,1,0.0011481102972101809,0.0010971815194409373,5.092877776924354e-05,-5.092877776924354e-05
2020-02-18,1600.8791725451,,1540.74462890625,947468,,0,7.340021103810802,7.378308240158143,-0.03828713634734093,0.03828713634734093,-3.75634493034519,Tuesday,0,0.01027785600792086,-0.03187002140485795,0.04214787741277881,-0.04214787741277881
2020-02-19,1610.7212382248,,1539.9578857421875,820626,,0,7.339510348113084,7.38443733172076,-0.04492698360767644,0.04492698360767644,-4.393271213124485,Wednesday,0,0.006129091562617539,-0.0005107556977179684,0.006639847260335507,-0.006639847260335507
2020-02-20,1621.6912898175,,1552.8958740234375,734309,,0,7.3478767726223175,7.391224889691296,-0.04334811706897845,0.04334811706897845,-4.2422017202672775,Thursday,0,0.0067875579705356515,0.008366424509233639,0.0015788665386979872,0.0015788665386979872
2020-02-21,1643.9249002389,,1584.84423828125,523054,,0,7.3682414091045745,7.40484189345282,-0.03660048434824592,0.03660048434824592,-3.5938784033908204,Friday,0,0.013617003761524415,0.020364636482256948,0.006747632720732533,0.006747632720732533
2020-02-22,1644.1824713707,,1586.3673095703125,580048,,0,7.369201970317971,7.404998561774877,-0.03579659145690606,0.03579659145690606,-3.516347048280403,Saturday,0,0.0001566683220568521,0.0009605612133967156,0.0008038928913398635,0.0008038928913398635
2020-02-23,1666.2362223092,,1638.93115234375,680108,,0,7.401799571970008,7.418322602777082,-0.016523030807074512,0.016523030807074512,-1.6387274265115006,Sunday,0,0.013324041002205078,0.03259760165203662,0.019273560649831545,0.019273560649831545
2020-02-24,1655.6964660171,,1666.6015625,1205869,,0,7.418541839485169,7.411977024676969,0.006564814808199593,0.006564814808199593,0.6586410436167113,Monday,1,-0.006345578100113158,0.016742267515160947,0.023087845615274105,0.023087845615274105
2020-02-25,1638.2155316403,,1655.5692138671875,1784904,,0,7.411900164550192,7.401362837954822,0.010537326595370544,0.010537326595370544,1.0593039738496266,Tuesday,0,-0.010614186722147423,-0.0066416749349764714,0.0039725117871709514,0.0039725117871709514
2020-02-26,1642.6619959308,,1663.5733642578125,2215491,,0,7.4167231968352025,7.4040733731549215,0.012649823680281003,0.012649823680281003,1.2730171136127888,Wednesday,0,0.002710535200099784,0.0048230322850102425,0.0021124970849104585,0.0021124970849104585
2020-02-27,1644.0861087444,,1679.1419677734375,1685037,,0,7.42603820846035,7.404939951826219,0.02109825663413023,0.02109825663413023,2.1322398408809558,Thursday,0,0.0008665786712978019,0.00931501162514703,0.008448432953849228,0.008448432953849228
2020-02-28,1585.3234245968,,1619.408447265625,874125,,0,7.389816205531867,7.368543718868699,0.021272486663168166,0.021272486663168166,2.1500358942525595,Friday,0,-0.0363962329575207,-0.036222002928482766,0.00017423002903793616,0.00017423002903793616
2020-02-29,1585.6152980164,,1621.6328125,1161995,,0,7.391188829577868,7.368727811622269,0.022461017955599516,0.022461017955599516,2.271516585937198,Saturday,0,0.00018409275357011978,0.0013726240460014694,0.0011885312924313496,0.0011885312924313496
2020-03-01,1585.5398763279,,1610.02294921875,1738681,,0,7.384003712050055,7.3686802442946755,0.015323467755379738,0.015323467755379738,1.544147407225903,Sunday,0,-4.7567327593256437e-05,-0.007185117527813034,0.007137550200219778,-0.007137550200219778
2020-03-02,1592.2122253619,,1615.334228515625,2560525,,0,7.387297166886267,7.372879664907816,0.014417501978450709,0.014417501978450709,1.452193544643179,Monday,1,0.004199420613140603,0.0032934548362115734,0.0009059657769290297,-0.0009059657769290297
2020-03-03,1645.3263402887,,1643.9957275390625,4079636,,0,7.404884976792227,7.405694026678361,-0.0008090498861346163,0.0008090498861346163,-0.080872269351993,Tuesday,0,0.0328143617705452,0.017587809905959872,0.015226551864585325,-0.015226551864585325
2020-03-04,1636.5116384599,,1641.4256591796875,2683310,,0,7.403320447569884,7.400322205715458,0.002998241854426098,0.002998241854426098,0.3002741076997155,Wednesday,0,-0.005371820962903229,-0.0015645292223425145,0.0038072917405607143,0.0038072917405607143
2020-03-05,1673.8718506118,,1644.9027099609375,3969291,,0,7.405436518569574,7.422894695318508,-0.01745817674893413,0.01745817674893413,-1.7306665764332145,Thursday,0,0.022572489603049917,0.00211607099968969,0.020456418603360227,-0.020456418603360227
2020-03-06,1674.4167603268,,1656.5689697265625,3825762,,0,7.41250385668761,7.423220180832529,-0.010716324144919298,0.010716324144919298,-1.0659108904735304,Friday,0,0.0003254855140211177,0.0070673381180359485,0.006741852604014831,0.006741852604014831
2020-03-07,1674.7753707534,,1665.3897705078125,2920539,,0,7.417814471419346,7.423434328253122,-0.005619856833775749,0.005619856833775749,-0.5604094978639068,Saturday,0,0.0002141474205927807,0.0053106147317363295,0.005096467311143549,0.005096467311143549
2020-03-08,1700.260990062,,1678.5872802734375,2485103,,0,7.425707814039556,7.438537041826653,-0.012829227787097608,0.012829227787097608,-1.2747284043593912,Sunday,0,0.015102713573531545,0.007893342620209687,0.007209370953321859,-0.007209370953321859
2020-03-09,1666.6259260329,,1630.663818359375,1929378,,0,7.396742461424044,7.418556458069099,-0.021813996645055234,0.021813996645055234,-2.157779205986928,Monday,1,-0.019980583757554626,-0.028965352615512252,0.008984768857957626,-0.008984768857957626
2020-03-10,1652.581137271,,1635.7491455078125,1246473,,0,7.399856171364147,7.410093670230626,-0.010237498866479733,0.010237498866479733,-1.0185274044083004,Tuesday,0,-0.00846278783847243,0.003113709940103071,0.0115764977785755,0.0115764977785755
2020-03-11,1642.7993030081,,1645.1376953125,1584273,,0,7.4055793650535175,7.404156957811617,0.0014224072419004585,0.0014224072419004585,0.14234193428973602,Wednesday,0,-0.005936712419009282,0.005723193689370909,0.011659906108380191,0.011659906108380191
2020-03-12,1576.5749245493,,1606.3365478515625,4155041,,0,7.381711429122885,7.363010003735467,0.018701425387417814,0.018701425387417814,1.8877392275391238,Thursday,0,-0.04114695407614999,-0.023867935930632633,0.017279018145517355,0.017279018145517355
2020-03-13,1529.2625863213,,1587.81103515625,4020234,,0,7.37011163923301,7.3325409284770995,0.037570710755910675,0.037570710755910675,3.8285412432531007,Friday,0,-0.030469075258367617,-0.011599789889874756,0.01886928536849286,0.01886928536849286
2020-03-14,1529.1688967046,,1558.6951904296875,1607617,,0,7.351604333860994,7.332479662029086,0.019124671831908024,0.019124671831908024,1.9308719781521488,Saturday,0,-6.126644801351944e-05,-0.01850730537201617,0.01844603892400265,-0.01844603892400265
2020-03-15,1557.9600071666,,1578.4432373046875,1902049,,0,7.364194347455806,7.351132556760152,0.013061790695653386,0.013061790695653386,1.3147468512583664,Sunday,0,0.01865289473106646,0.012590013594811822,0.006062881136254639,-0.006062881136254639
2020-03-16,1507.20888698,,1547.8795166015625,1325750,,0,7.344641219467895,7.318014800155565,0.026626419312330007,0.026626419312330007,2.6984069675341686,Monday,1,-0.03311775660458771,-0.01955312798791109,0.013564628616676622,0.013564628616676622
2020-03-17,1539.3847827833,,1543.072265625,1203396,,0,7.341530685760952,7.339138123890452,0.002392561870499854,0.002392561870499854,0.23954263306623785,Tuesday,0,0.021123323734887123,-0.0031105337069430306,0.024233857441830153,-0.024233857441830153
2020-03-18,1496.7445005911,,1513.4893798828125,1150831,,0,7.322173111511361,7.311047695565272,0.011125415946088957,0.011125415946088957,1.1187533533678995,Wednesday,0,-0.028090428325179495,-0.019357574249590392,0.008732854075589103,0.008732854075589103
2020-03-19,1470.6042237479,,1549.28564453125,879231,,0,7.345549229182032,7.293428631883592,0.05212059729843954,0.05212059729843954,5.3502784442456495,Thursday,0,-0.017619063681680203,0.023376117670670382,0.040995181352350585,0.040995181352350585
2020-03-20,1497.5765251724,,1524.3834228515625,2550666,,0,7.329345294400799,7.311603430635463,0.017741863765335708,0.017741863765335708,1.7900185552171777,Friday,0,0.018174798751871002,-0.01620393478123283,0.034378733533103834,-0.034378733533103834
2020-03-21,1497.6898134627,,1574.307861328125,1186281,,0,7.361571001546911,7.311679075521457,0.04989192602545334,0.04989192602545334,5.115748746950614,Saturday,0,7.564488599420827e-05,0.03222570714611184,0.03215006226011763,0.03215006226011763
2020-03-22,1492.3479857033,,1532.9365234375,1642755,,0,7.334940471254909,7.308105987954385,0.02683448330052407,0.02683448330052407,2.7197770307621467,Sunday,0,-0.0035730875670720863,-0.026630530292001353,0.023057442724929267,-0.023057442724929267
2020-03-23,1562.5246966479,,1598.8077392578125,1869373,,0,7.377013467492085,7.354058187340302,0.022955280151783164,0.022955280151783164,2.3220780246066366,Monday,1,0.04595219938591644,0.04207299623717553,0.003879203148740906,-0.003879203148740906
2020-03-24,1635.1237227802,,1654.79736328125,4876876,,0,7.4114338412099,7.3994737518936144,0.011960089316285227,0.011960089316285227,1.2031897175095012,Tuesday,0,0.04541556455331275,0.03442037371781481,0.010995190835497937,-0.010995190835497937
2020-03-25,1610.0053287185,,1627.01953125,2783070,,0,7.394505111603039,7.383992767736075,0.010512343866964535,0.010512343866964535,1.056779268242704,Wednesday,0,-0.015480984157539623,-0.016928729606860315,0.001447745449320692,-0.001447745449320692
2020-03-26,1625.1899662392,,1697.147216796875,1232819,,0,7.436704012677731,7.393379990232343,0.04332402244538791,0.04332402244538791,4.42762089678593,Thursday,0,0.009387222496267889,0.042198901074691264,0.032811678578423376,0.032811678578423376
2020-03-27,1622.5082665897,,1644.7734375,996633,,0,7.40535792575058,7.391728543535805,0.013629382214774388,0.013629382214774388,1.3722685652072784,Friday,0,-0.0016514466965373842,-0.03134608692715091,0.029694640230613523,-0.029694640230613523
2020-03-28,1622.1126395017,,1650.3267822265625,2706803,,0,7.4087285971196275,7.391484677086434,0.017243920033193305,0.017243920033193305,1.739345470702312,Saturday,0,-0.0002438664493711329,0.003370671369047784,0.003614537818418917,0.003614537818418917
2020-03-29,1626.6775111834,,1660.1658935546875,3043558,,0,7.41467281223365,7.394294876867967,0.020377935365682553,0.020377935365682553,2.0586983062749136,Sunday,0,0.0028101997815328517,0.0059442151140221,0.0031340153324892484,0.0031340153324892484
2020-03-30,1616.5265815726,,1654.2078857421875,1653992,,0,7.4110775543496885,7.388035040935391,0.023042513414297083,0.023042513414297083,2.3310043026283025,Monday,1,-0.006259835932575619,-0.0035952578839610894,0.00266457804861453,0.00266457804861453
2020-03-31,1576.5767122624,,1644.364990234375,1688565,,0,7.405109564499329,7.363011137656892,0.042098426842436254,0.042098426842436254,4.299713261316561,Tuesday,0,-0.025023903278499127,-0.005967989850359956,0.01905591342813917,0.01905591342813917
2020-04-01,1591.6829030679,,1629.5611572265625,1760715,,0,7.396066028856896,7.372547165075049,0.023518863781847088,0.023518863781847088,2.379761325930797,Wednesday,0,0.009536027418156401,-0.009043535642432765,0.018579563060589166,-0.018579563060589166
2020-04-02,1612.8689071912,,1738.367431640625,1470637,,0,7.46070169409152,7.385769802157311,0.07493189193420857,0.07493189193420857,7.781074077990621,Thursday,0,0.013222637082262345,0.06463566523462383,0.051413028152361484,0.051413028152361484
2020-04-03,1619.3888298227,,1733.380859375,2395724,,0,7.457829034395711,7.389804091502339,0.06802494289337258,0.06802494289337258,7.039200681949899,Friday,0,0.004034289345027808,-0.0028726596958081885,0.006906949040835997,-0.006906949040835997
2020-04-04,1619.4331983806,,1766.8377685546875,2765895,,0,7.476946656307728,7.389831489462162,0.08711516684556564,0.08711516684556564,9.102232208249712,Saturday,0,2.7397959823538542e-05,0.019117621912016602,0.019090223952193064,0.019090223952193064
2020-04-05,1618.6206115149,,1733.60546875,2232674,,0,7.457958604779933,7.3893295911427,0.06862901363723317,0.06862901363723317,7.103879464841567,Sunday,0,-0.0005018983194622351,-0.018988051527794703,0.018486153208332468,-0.018486153208332468
2020-04-06,1663.6950455279,,1769.737548828125,2914553,,0,7.478586537075445,7.416796338677191,0.0617901983982545,0.0617901983982545,6.373914713833695,Monday,1,0.027466747534490743,0.020627932295512075,0.006838815238978668,-0.006838815238978668
2020-04-07,1648.6984929504,,1637.3746337890625,1493279,,0,7.400849405060447,7.407741463483134,-0.006892058422686809,0.006892058422686809,-0.6868362656820883,Tuesday,0,-0.009054875194056677,-0.07773713201499799,0.06868225682094131,-0.06868225682094131
2020-04-08,1646.9324644975,,1661.3740234375,919874,,0,7.415400263937547,7.406669724174489,0.008730539763058154,0.008730539763058154,0.876876207817444,Wednesday,0,-0.0010717393086450144,0.014550858877099948,0.015622598185744963,0.015622598185744963
2020-04-09,1683.7022654354,,1664.0692138671875,637083,,0,7.417021215388219,7.4287503771729755,-0.011729161784756137,0.011729161784756137,-1.166064331637368,Thursday,0,0.022080652998486272,0.0016209514506719813,0.02045970154781429,-0.02045970154781429
2020-04-10,1686.1416021718,,1686.55029296875,1011026,,0,7.430440474969463,7.430198122088348,0.00024235288111462694,0.00024235288111462694,0.02423822509470942,Friday,0,0.0014477449153726951,0.013419259581243459,0.011971514665870764,0.011971514665870764
2020-04-11,1686.1416021718,,1686.7381591796875,633297,,0,7.4305518595805315,7.430198122088348,0.00035373749218337025,0.00035373749218337025,0.035380006466779405,Saturday,0,0.0,0.00011138461106874331,0.00011138461106874331,0.00011138461106874331
2020-04-12,1687.1514977687,,1696.128662109375,831803,,0,7.436103675567257,7.430796881577756,0.005306793989501735,0.005306793989501735,0.5320899962183325,Sunday,0,0.0005987594894074633,0.005551815986725828,0.004953056497318364,0.004953056497318364
2020-04-13,1717.1173053984,,1705.8741455078125,1185054,,0,7.44183295364678,7.448402178539544,-0.006569224892763792,0.006569224892763792,-0.6547694706261753,Monday,1,0.01760529696178814,0.005729278079522615,0.011876018882265527,-0.011876018882265527
2020-04-14,1726.2191544079,,1779.06884765625,14503634,,0,7.483845387117254,7.453688836009419,0.03015655110783566,0.03015655110783566,3.0615865380359297,Tuesday,0,0.005286657469874889,0.04201243347047434,0.03672577600059945,0.03672577600059945
2020-04-15,1716.2694628815,,1736.567626953125,9077382,,0,7.459665815827269,7.447908297371266,0.011757518456002813,0.011757518456002813,1.1826909765990816,Wednesday,0,-0.0057805386381524215,-0.02417957128998527,0.018399032651832847,-0.018399032651832847
2020-04-16,1714.9888416064,,1734.8365478515625,4349769,,0,7.45866847921195,7.447161853226921,0.011506625985029828,0.011506625985029828,1.15730818554898,Thursday,0,-0.0007464441443456593,-0.0009973366153186447,0.0002508924709729854,-0.0002508924709729854
2020-04-17,1684.2502705982,,1731.8062744140625,1057173,,0,7.456920232066419,7.4290758005046715,0.027844431561747207,0.027844431561747207,2.8235710954626714,Friday,0,-0.018086052722249057,-0.0017482471455316784,0.01633780557671738,0.01633780557671738
2020-04-18,1684.1254336623,,1697.5467529296875,828962,,0,7.436939401280191,7.4290016775760455,0.007937723704145583,0.007937723704145583,0.7969310954589279,Saturday,0,-7.412292862607472e-05,-0.0199808307862277,0.019906707857601624,-0.019906707857601624
2020-04-19,1676.9097906378,,1709.9832763671875,889936,,0,7.444238869546653,7.4247079682701,0.019530901276552548,0.019530901276552548,1.9722877112434496,Sunday,0,-0.0042937093059451925,0.007299468266461773,0.011593177572406965,0.011593177572406965
2020-04-20,1692.0245678038,,1724.00732421875,1430244,,0,7.45240669960136,7.43368106003936,0.018725639561999685,0.018725639561999685,1.8902063849145365,Monday,1,0.008973091769259867,0.008167830054707004,0.0008052617145528629,-0.0008052617145528629
2020-04-21,1687.5859472286,,1721.205322265625,929361,,0,7.450780093142806,7.431054353140732,0.019725740002074055,0.019725740002074055,1.992157797487928,Tuesday,0,-0.002626706898627873,-0.0016266064585535034,0.0010001004400743696,0.0010001004400743696
2020-04-22,1712.4973714584,,1707.2684326171875,1095058,,0,7.442649964454279,7.4457080352204,-0.003058070766120302,0.003058070766120302,-0.3053399630482037,Wednesday,0,0.01465368207966744,-0.008130128688526916,0.022783810768194357,-0.022783810768194357
2020-04-23,1729.0362326387,,1722.895263671875,874922,,0,7.451761447490456,7.455319441298712,-0.0035579938082559437,0.0035579938082559437,-0.35516716485769,Thursday,0,0.009611406078311902,0.00911148303617626,0.0004999230421356415,-0.0004999230421356415
2020-04-24,1728.0404563306,,1740.2562255859375,482333,,0,7.461787637451334,7.454743361318296,0.007044276133037819,0.007044276133037819,0.706914540720714,Friday,0,-0.0005760799804157557,0.010026189960878007,0.010602269941293763,0.010602269941293763
2020-04-25,1728.0857130514,,1747.7781982421875,412097,,0,7.466100659286939,7.454769550594141,0.011331108692798075,0.011331108692798075,1.139554886777872,Saturday,0,2.6189275844856752e-05,0.004313021835605113,0.004286832559760256,0.004286832559760256
2020-04-26,1724.702919922,,1739.625732421875,238163,,0,7.461425272762779,7.452810094298763,0.008615178464015827,0.008615178464015827,0.8652395915552687,Sunday,0,-0.0019594562953777483,-0.004675386524159997,0.0027159302287822484,-0.0027159302287822484
2020-04-27,1711.0768537715,,1722.4619140625,720488,,0,7.451509891794308,7.444878190341939,0.006631701452369576,0.006631701452369576,0.6653739874924591,Monday,1,-0.007931903956824193,-0.009915380968470444,0.001983477011646251,-0.001983477011646251
2020-04-28,1705.30191715,,1726.5076904296875,296407,,0,7.45385597116689,7.441497451548577,0.012358519618312691,0.012358519618312691,1.243520168858299,Tuesday,0,-0.0033807387933615374,0.0023460793725815776,0.005726818165943115,0.005726818165943115
2020-04-29,1714.724279833,,1739.4959716796875,614225,,0,7.461350678797241,7.447007576898518,0.014343101898722566,0.014343101898722566,1.4446457741357681,Wednesday,0,0.0055101253499412195,0.007494707630351094,0.0019845822804098745,0.0019845822804098745
2020-04-30,1685.8230398881,,1697.923095703125,622724,,0,7.437161074740275,7.430009174505283,0.007151900234991793,0.007151900234991793,0.7177536152209714,Thursday,0,-0.016998402393235246,-0.02418960405696602,0.007191201663730773,-0.007191201663730773
2020-05-01,1700.0639175622,,1741.49365234375,330311,,0,7.462498444863295,7.438421127903499,0.024077316959795425,0.024077316959795425,2.4369515965586754,Friday,0,0.008411953398216099,0.02533737012301973,0.016925416724803632,0.016925416724803632
2020-05-02,1700.5356687357,,1719.19873046875,225353,,0,7.449613606885002,7.438698579667257,0.010915027217745177,0.010915027217745177,1.0974813452119723,Saturday,0,0.00027745176375759684,-0.012884837978292651,0.013162289742050248,-0.013162289742050248
2020-05-03,1698.7446277201,,1706.999267578125,129870,,0,7.442492293724709,7.437644802970345,0.004847490754364081,0.004847490754364081,0.4859258845223637,Sunday,0,-0.0010537766969118678,-0.007121313160292964,0.006067536463381096,-0.006067536463381096
2020-05-04,1702.9707093334,,1716.0224609375,335002,,0,7.447764369086663,7.4401294810628675,0.007634888023795305,0.007634888023795305,0.766410809802412,Monday,1,0.0024846780925225076,0.005272075361953732,0.0027873972694312243,0.0027873972694312243
2020-05-05,1704.5271077311,,1696.5908203125,323146,,0,7.436376116721545,7.441042995077838,-0.0046668783562928695,0.0046668783562928695,-0.4656005400327099,Tuesday,0,0.000913514014970751,-0.011388252365117424,0.012301766380088175,-0.012301766380088175
2020-05-06,1688.3040390341,,1696.015625,357948,,0,7.436037029163184,7.431479776847816,0.004557252315367855,0.004557252315367855,0.45676523822758136,Wednesday,0,-0.009563218230022485,-0.0003390875583617614,0.009224130671660724,0.009224130671660724
2020-05-07,1715.8179296134,,1706.03271484375,273577,,0,7.44192590421228,7.447645172794839,-0.005719268582559778,0.005719268582559778,-0.5702944701046962,Thursday,0,0.016165395947023598,0.005888875049095965,0.010276520897927632,-0.010276520897927632
2020-05-08,1702.1465241034,,1730.7042236328125,201003,,0,7.456283670346773,7.439645394795293,0.016638275551479786,0.016638275551479786,1.6777462530410052,Friday,0,-0.007999777999546431,0.014357766134493133,0.022357544134039564,0.022357544134039564
2020-05-09,1702.8957742641,,1712.854248046875,392583,,0,7.445916408917123,7.440085477535617,0.0058309313815056996,0.0058309313815056996,0.5847964351827969,Saturday,0,0.00044008274032414363,-0.010367261429649943,0.010807344169974087,-0.010807344169974087
2020-05-10,1706.644821613,,1714.517333984375,408113,,0,7.446886882078974,7.442284629447393,0.004602252631581649,0.004602252631581649,0.46128592614452035,Sunday,0,0.0021991519117756653,0.0009704731618516149,0.0012286787499240504,-0.0012286787499240504
2020-05-11,1697.2557293654,,1699.5562744140625,376998,,0,7.438122480923399,7.436767948851652,0.001354532071746739,0.001354532071746739,0.13554498646604887,Monday,1,-0.0055166805957407306,-0.00876440115557564,0.00324772055983491,-0.00324772055983491
2020-05-12,1702.6344785632,,1705.512451171875,195491,,0,7.441620902431215,7.439932023781274,0.0016888786499418273,0.0016888786499418273,0.16903056086962598,Tuesday,0,0.003164074929621563,0.0034984215078166514,0.0003343465781950883,0.0003343465781950883
2020-05-13,1717.4341820563,,1717.1756591796875,268433,,0,7.44843616153511,7.448586701415358,-0.00015053988024860132,0.00015053988024860132,-0.015052854968970528,Wednesday,0,0.008654677634084784,0.0068152591038943555,0.0018394185301904287,-0.0018394185301904287
2020-05-14,1732.854718355,,1732.39306640625,476096,,0,7.457259007027134,7.4575254537461895,-0.00026644671905540207,0.00026644671905540207,-0.026641122528043105,Thursday,0,0.008938752330831079,0.008822845492024278,0.00011590683880680075,-0.00011590683880680075
2020-05-15,1742.9527066066,,1735.5140380859375,699457,,0,7.459058924053879,7.463335911822359,-0.004276987768479401,0.004276987768479401,-0.4267854481918255,Friday,0,0.005810458076169311,0.0017999170267453124,0.004010541049423999,-0.004010541049423999
2020-05-16,1743.7551767732,,1753.4154052734375,336213,,0,7.469320825059449,7.463796214324093,0.005524610735355928,0.005524610735355928,0.5539899539173645,Saturday,0,0.00046030250173423326,0.010261901005569563,0.00980159850383533,0.00980159850383533
2020-05-17,1757.9790273102,,1764.3348388671875,397893,,0,7.475529036505509,7.471920148316282,0.0036088881892268887,0.0036088881892268887,0.3615408067018947,Sunday,0,0.008123933992188803,0.006208211446059764,0.0019157225461290395,-0.0019157225461290395
2020-05-18,1734.4109215663,,1743.7989501953125,994764,,0,7.463821316972266,7.458423108254041,0.005398208718224495,0.005398208718224495,0.5412805300219423,Monday,1,-0.013497040062240728,-0.011707719533243122,0.0017893205289976066,0.0017893205289976066
2020-05-19,1745.0712341928,,1764.936767578125,813986,,0,7.475870142990867,7.464550655690329,0.011319487300538,0.011319487300538,1.1383795111672952,Tuesday,0,0.006127547436287628,0.012048826018601133,0.005921278582313505,0.005921278582313505
2020-05-20,1747.899316282,,1776.000732421875,1297691,,0,7.482119335951735,7.466169955175566,0.01594938077616881,0.01594938077616881,1.6077251062521294,Wednesday,0,0.0016192994852373133,0.006249192960868122,0.0046298934756308086,0.0046298934756308086
2020-05-21,1726.3518448787,,1748.4761962890625,1164231,,0,7.4664999426212635,7.453765700740596,0.012734241880667518,0.012734241880667518,1.2815667603330954,Thursday,0,-0.012404254434970063,-0.015619393330471354,0.0032151388955012905,-0.0032151388955012905
2020-05-22,1735.4529773848,,1745.8372802734375,789448,,0,7.464989536336876,7.459023740371135,0.005965795965741094,0.005965795965741094,0.5983626767165885,Friday,0,0.00525803963053928,-0.0015104062843871446,0.006768445914926424,-0.006768445914926424
2020-05-23,1735.7796254188,,1742.186279296875,431771,,0,7.4628960858497475,7.459211943279059,0.003684142570688387,0.003684142570688387,0.369093736569774,Saturday,0,0.0001882029079238734,-0.002093450487128834,0.0022816533950527074,-0.0022816533950527074
2020-05-24,1730.5529116553,,1734.583984375,716278,,0,7.458522885171296,7.456196238542839,0.002326646628456608,0.002326646628456608,0.23293553710785972,Sunday,0,-0.0030157047362200373,-0.004373200678451816,0.001357495942231779,-0.001357495942231779
2020-05-25,1727.7775706677,,1727.1448974609375,525875,,0,7.454224975878432,7.454591220400369,-0.0003662445219365651,0.0003662445219365651,-0.036617746259899095,Monday,1,-0.0016050181424702714,-0.004297909292863444,0.002692891150393173,-0.002692891150393173
2020-05-26,1712.1443948098,,1719.2867431640625,346108,,0,7.449664799595285,7.44550189590777,0.0041629036875150405,0.0041629036875150405,0.41715806072863554,Tuesday,0,-0.009089324492598472,-0.004560176283146866,0.004529148209451606,0.004529148209451606
2020-05-27,1710.7366550724,,1712.9774169921875,647946,,0,7.445988314928514,7.444679349172283,0.001308965756231295,0.001308965756231295,0.13098228258239095,Wednesday,0,-0.0008225467354874283,-0.0036764846667711737,0.0028539379312837454,-0.0028539379312837454
2020-05-28,1720.182038496,,1737.7484130859375,653379,,0,7.460345538779739,7.450185400542113,0.010160138237626626,0.010160138237626626,1.0211927689523101,Thursday,0,0.005506051369829734,0.014357223851225065,0.00885117248139533,0.00885117248139533
2020-05-29,1729.6912430292,,1746.740234375,395937,,0,7.465506606676986,7.455698199326303,0.009808407350683446,0.009808407350683446,0.9856667433860732,Friday,0,0.005512798784190309,0.005161067897247129,0.0003517308869431801,-0.0003517308869431801
2020-05-30,1731.391865921,,1738.2021484375,463086,,0,7.460606610015425,7.456680910792701,0.0039256992227239,0.0039256992227239,0.3933414873054885,Saturday,0,0.0009827114663982783,-0.004899996661561268,0.005882708127959546,-0.005882708127959546
2020-05-31,1739.4783304487,,1749.81005859375,357727,,0,7.467262523080462,7.461340537169591,0.005921985910871008,0.005921985910871008,0.5939555534667044,Sunday,0,0.0046596263768901025,0.006655913065037211,0.0019962866881471086,0.0019962866881471086
2020-06-01,1742.1657661226,,1735.5780029296875,425080,,0,7.4590957798001405,7.462884311394119,-0.003788531593978739,0.003788531593978739,-0.3781364162363449,Monday,1,0.001543774224527894,-0.008166743280321853,0.009710517504849747,-0.009710517504849747
2020-06-02,1727.5604453564,,1726.568603515625,747023,,0,7.453891251641898,7.45446554510575,-0.0005742934638517383,0.0005742934638517383,-0.05741285889248735,Tuesday,0,-0.008418766288369461,-0.005204528158242461,0.0032142381301270007,0.0032142381301270007
2020-06-03,1699.8456488872,,1701.7254638671875,583592,,0,7.439397994047058,7.438292731149978,0.0011052628970800171,0.0011052628970800171,0.11058739252108583,Wednesday,0,-0.01617281395577219,-0.014493257594840436,0.0016795563609317554,0.0016795563609317554
2020-06-04,1713.0811032962,,1719.58935546875,564795,,0,7.449840794482445,7.446048842968785,0.0037919515136604076,0.0037919515136604076,0.3799150057768627,Thursday,0,0.007756111818807199,0.01044280043538759,0.0026866886165803905,0.0026866886165803905
2020-06-05,1684.1403880141,,1703.3934326171875,634664,,0,7.440377677244099,7.429010557131634,0.011367120112464768,0.011367120112464768,1.1431971313145888,Friday,0,-0.017038285837150724,-0.009463117238346364,0.0075751685988043604,0.0075751685988043604
2020-06-06,1683.6859252275,,1689.4002685546875,295244,,0,7.43212887425792,7.42874067219869,0.003388202059229961,0.003388202059229961,0.33939485040330686,Saturday,0,-0.00026988493294410887,-0.008248802986178916,0.007978918053234807,-0.007978918053234807
2020-06-07,1681.1949934013,,1687.1864013671875,323120,,0,7.4308175692501415,7.4272601251353905,0.003557444114751007,0.003557444114751007,0.3563779329229362,Sunday,0,-0.0014805470632994755,-0.0013113050077784294,0.0001692420555210461,0.0001692420555210461
2020-06-08,1697.9324094944,,1697.6798095703125,381917,,0,7.437017779932245,7.437166560127542,-0.00014878019529707132,0.00014878019529707132,-0.01487691280730546,Monday,1,0.009906434992151603,0.006200210682103524,0.0037062243100480785,-0.0037062243100480785
2020-06-09,1713.8738138498,,1717.2918701171875,393780,,0,7.448503834871109,7.446511475589817,0.001992359281291378,0.001992359281291378,0.19943453478116482,Tuesday,0,0.009344915462275338,0.011486054938863788,0.0021411394765884495,0.0021411394765884495
2020-06-10,1735.479820026,,1733.497802734375,637758,,0,7.457896497592908,7.459039207476243,-0.0011427098833349802,0.0011427098833349802,-0.11420572390149007,Wednesday,0,0.012527731886425642,0.009392662721799283,0.0031350691646263584,-0.0031350691646263584
2020-06-11,1728.0062699786,,1722.0684814453125,1292479,,0,7.451281452748213,7.454723577817256,-0.003442125069042845,0.003442125069042845,-0.3436207747880995,Thursday,0,-0.004315629658987241,-0.006615044844695106,0.002299415185707865,-0.002299415185707865
2020-06-12,1731.3176418063,,1704.48486328125,1214277,,0,7.441018211093382,7.456638040251845,-0.015619829158463716,0.015619829158463716,-1.5498472306361415,Friday,0,0.0019144624345894812,-0.01026324165483139,0.012177704089420871,-0.012177704089420871
2020-06-13,1731.6766959609,,1711.33349609375,675882,,0,7.445028167870344,7.456845406548677,-0.011817238678332842,0.011817238678332842,-1.174768934328215,Saturday,0,0.00020736629683160146,0.0040099567769624755,0.003802590480130874,0.003802590480130874
2020-06-14,1732.8019407382,,1715.3995361328125,1096994,,0,7.447401298142861,7.457494996247369,-0.010093698104507887,0.010093698104507887,-1.0042927697769017,Sunday,0,0.0006495896986917771,0.0023731302725167325,0.0017235405738249554,0.0017235405738249554
2020-06-15,1724.6436946795,,1787.9598388671875,1046458,,0,7.48883049399752,7.452775754321299,0.03605473967622164,0.03605473967622164,3.671259424947709,Monday,1,-0.004719241926069984,0.04142919585465954,0.04614843778072952,0.04614843778072952
2020-06-16,1726.8180562436,,1793.9517822265625,813784,,0,7.492176165014823,7.454035720103143,0.03814044491168023,0.03814044491168023,3.8877127639608133,Tuesday,0,0.0012599657818439525,0.003345671017302543,0.0020857052354585903,0.0020857052354585903
2020-06-17,1727.9322447474,,1734.54638671875,1419080,,0,7.458501209620232,7.454680738379635,0.0038204712405969232,0.0038204712405969232,0.382777854366437,Wednesday,0,0.0006450182764927703,-0.03367495539459053,0.034319973671083304,-0.034319973671083304
2020-06-18,1723.4428527211,,1748.5233154296875,959196,,0,7.466526890946804,7.452079227717085,0.014447663229719687,0.014447663229719687,1.4552535158905062,Thursday,0,-0.0026015106625507656,0.008025681326571998,0.010627191989122764,0.010627191989122764
2020-06-19,1742.8740749624,,1784.7269287109375,977122,,0,7.487020701396615,7.463290796761203,0.02372990463541136,0.02372990463541136,2.4013699182162855,Friday,0,0.011211569044118797,0.020493810449810468,0.009282241405691671,0.009282241405691671
2020-06-20,1742.8890128277,,1763.03857421875,754234,,0,7.474794062033013,7.463299367547528,0.011494694485485013,0.011494694485485013,1.1561012343728563,Saturday,0,8.570786324213486e-06,-0.012226639363602132,0.012235210149926345,-0.012235210149926345
2020-06-21,1748.8020705817,,1775.9716796875,717528,,0,7.482102977303072,7.466686301423003,0.015416675880068453,0.015416675880068453,1.5536125878878104,Sunday,0,0.0033869338754755063,0.007308915270058947,0.00392198139458344,0.00392198139458344
2020-06-22,1754.7918066149,,1774.884033203125,1098920,,0,7.481490366368506,7.470105500153566,0.011384866214940281,0.011384866214940281,1.1449920447818895,Monday,1,0.0034191987305627336,-0.0006126109345654385,0.004031809665128172,-0.004031809665128172
2020-06-23,1768.495991546,,1766.119140625,7405889,,0,7.4765398424359075,7.477884742058856,-0.001344899622948148,0.001344899622948148,-0.1343995650746201,Tuesday,0,0.00777924190528978,-0.004950523932598649,0.01272976583788843,-0.01272976583788843
2020-06-24,1762.4558613308,,1761.7913818359375,1476815,,0,7.47408640098246,7.4744634911562695,-0.0003770901738091581,0.0003770901738091581,-0.037701908424573265,Wednesday,0,-0.0034212509025861593,-0.0024534414534471694,0.0009678094491389899,0.0009678094491389899
2020-06-25,1764.7139724405,,1769.985107421875,901120,,0,7.478726411646532,7.475743900960518,0.0029825106860137396,0.0029825106860137396,0.29869627960645745,Thursday,0,0.0012804098042487055,0.004640010664071603,0.0033596008598228977,0.0033596008598228977
2020-06-26,1770.5866611628,,1774.2384033203125,1051503,,0,7.48112654128133,7.47906621763609,0.00206032364523967,0.00206032364523967,0.20624475704082343,Friday,0,0.0033223166755718125,0.002400129634797743,0.0009221870407740695,-0.0009221870407740695
2020-06-27,1770.5695922378,,1774.1925048828125,1047541,,0,7.481100671572329,7.479056577324407,0.002044094247922068,0.002044094247922068,0.20461848327766635,Saturday,0,-9.64031168315671e-06,-2.586970900075869e-05,1.622939731760198e-05,-1.622939731760198e-05
2020-06-28,1770.663644734,,1812.990478515625,1004338,,0,7.50273295895707,7.479109695822924,0.0236232631341462,0.0236232631341462,2.390450264651119,Sunday,0,5.3118498517079615e-05,0.02163228738474121,0.02157916888622413,0.02157916888622413
2020-06-29,1773.1102237664,,1794.94775390625,1206840,,0,7.492731194039864,7.480490472086814,0.012240721953050482,0.012240721953050482,1.2315946209741704,Monday,1,0.0013807762638897714,-0.010001764917205946,0.011382541181095718,-0.011382541181095718
2020-06-30,1783.3899587063,,1790.0474853515625,1148649,,0,7.489997426612301,7.48627130326343,0.0037261233488710133,0.0037261233488710133,0.37330739767605603,Tuesday,0,0.005780831176616097,-0.0027337674275633717,0.008514598604179469,-0.008514598604179469
2020-07-01,1768.1743550149,,1786.1053466796875,1080949,,0,7.487792744399988,7.477702855425119,0.010089888974868622,0.010089888974868622,1.0140963538992454,Wednesday,0,-0.008568447838310789,-0.0022046822123131804,0.006363765625997608,0.006363765625997608
2020-07-02,1775.7075013867,,1796.7862548828125,1017732,,0,7.493754934179102,7.481954214823231,0.011800719355870903,0.011800719355870903,1.1870622543212521,Thursday,0,0.0042513593981121645,0.005962189779114446,0.0017108303810022818,0.0017108303810022818
2020-07-03,1775.7415940832,,1789.0177001953125,941128,,0,7.4894219773643655,7.481973414139107,0.007448563225258553,0.007448563225258553,0.7476372776505732,Friday,0,1.9199315875795264e-05,-0.004332956814736555,0.00435215613061235,-0.00435215613061235
2020-07-04,1775.7415940832,,1780.8544921875,713353,,0,7.484848579888863,7.481973414139107,0.0028751657497556593,0.0028751657497556593,0.2879303002946087,Saturday,0,0.0,-0.004573397475502894,0.004573397475502894,-0.004573397475502894
2020-07-05,1775.8677333712,,1776.2906494140625,897290,,0,7.482282564111628,7.482044446325602,0.00023811778602578215,0.00023811778602578215,0.023814613831604856,Sunday,0,7.10321864954011e-05,-0.002566015777234476,0.002637047963729877,-0.002637047963729877
2020-07-06,1785.0605075605,,1795.259033203125,1051361,,0,7.4929045987021095,7.487207591432219,0.0056970072698900864,0.0056970072698900864,0.5713266076656759,Monday,1,0.005163145106616973,0.010622034590481277,0.005458889483864304,0.005458889483864304
2020-07-07,1794.9862061665,,1787.2679443359375,952126,,0,7.488443444790117,7.492752616305944,-0.004309171515827437,0.004309171515827437,-0.4299900358034653,Tuesday,0,0.005545024873724991,-0.0044611539119925325,0.010006178785717523,-0.010006178785717523
2020-07-08,1808.8289691915,,1806.7091064453125,1004524,,0,7.499262296142068,7.500434936531828,-0.0011726403897602822,0.0011726403897602822,-0.11719531156862005,Wednesday,0,0.007682320225883998,0.010818851351951153,0.0031365311260671547,0.0031365311260671547
2020-07-09,1804.4045373522,,1783.1488037109375,1006341,,0,7.486136071313467,7.49798592013549,-0.011849848822023112,0.011849848822023112,-1.1779915867676356,Thursday,0,-0.0024490163963379885,-0.013126224828600819,0.01067720843226283,-0.01067720843226283
2020-07-10,1798.9064438014,,1801.59814453125,983372,,0,7.496429408044336,7.49493422804094,0.0014951800033964346,0.0014951800033964346,0.14962983423206813,Friday,0,-0.0030516920945506953,0.010293336730868852,0.013345028825419547,0.013345028825419547
2020-07-11,1798.8846914913,,1802.8021240234375,710026,,0,7.497097468996095,7.494922136004864,0.0021753329912312935,0.0021753329912312935,0.21777007446152521,Saturday,0,-1.2092036075550538e-05,0.0006680609517593084,0.0006801529878348589,0.0006801529878348589
2020-07-12,1801.0391996182,,1799.757568359375,700785,,0,7.495407250568727,7.496119110412828,-0.0007118598441016033,0.0007118598441016033,-0.07116065319936758,Sunday,0,0.0011969744079642908,-0.001690218427368606,0.002887192835332897,-0.002887192835332897
2020-07-13,1801.9884329482,,1811.61962890625,1074881,,0,7.501976546744937,7.496646019140023,0.005330527604914259,0.005330527604914259,0.5344760144932027,Monday,1,0.0005269087271946304,0.006569296176210493,0.0060423874490158624,0.0060423874490158624
2020-07-14,1808.4805112543,,1814.8851318359375,1127202,,0,7.503777456451503,7.5002422751407245,0.003535181310778235,0.003535181310778235,0.3541437434233421,Tuesday,0,0.003596256000701459,0.0018009097065654345,0.0017953462941360243,-0.0017953462941360243
2020-07-15,1812.0237550481,,1801.7806396484375,869586,,0,7.496530699153749,7.502199596366936,-0.005668897213187307,0.005668897213187307,-0.5652859335384666,Wednesday,0,0.001957321226211839,-0.007246757297753703,0.009204078523965542,-0.009204078523965542
2020-07-16,1797.8746750095,,1806.08740234375,1247454,,0,7.498918128345079,7.494360510160358,0.004557618184721335,0.004557618184721335,0.4568019922860686,Thursday,0,-0.007839086206578472,0.0023874291913301704,0.010226515397908642,0.010226515397908642
2020-07-17,1810.4377632682,,1808.6319580078125,1299728,,0,7.500326014175597,7.501323953176128,-0.000997939000531467,0.000997939000531467,-0.09974412250038081,Friday,0,0.006963443015770565,0.0014078858305177633,0.005555557185252802,-0.005555557185252802
2020-07-18,1810.8068955527,,1809.4185791015625,977828,,0,7.500760845639711,7.501527823569077,-0.0007669779293664192,0.0007669779293664192,-0.07666838769762094,Saturday,0,0.0002038703929487795,0.00043483146411382734,0.00023096107116504783,0.00023096107116504783
2020-07-19,1808.7598238268,,1815.4869384765625,702851,,0,7.504108996378807,7.500396709210446,0.003712287168360362,0.003712287168360362,0.3719186240840985,Sunday,0,-0.0011311143586310024,0.0033481507390957788,0.004479265097726781,0.004479265097726781
2020-07-20,1818.1599311021,,1816.9647216796875,1206682,,0,7.5049226525113095,7.505580241771456,-0.000657589260146807,0.000657589260146807,-0.06573730957144275,Monday,1,0.005183532561010118,0.000813656132502949,0.004369876428507169,-0.004369876428507169
2020-07-21,1842.427433141,,1845.7958984375,1388389,,0,7.520665844723417,7.5188392382897815,0.0018266064336351917,0.0018266064336351917,0.18282756953729506,Tuesday,0,0.013258996518325183,0.015743192212107182,0.0024841956937819987,0.0024841956937819987
2020-07-22,1869.3986259448,,1873.5826416015625,1533019,,0,7.53560772807037,7.533372067723499,0.002235660346871171,0.002235660346871171,0.22381612988764907,Wednesday,0,0.014532829433717254,0.014941883346953233,0.0004090539132359794,0.0004090539132359794
2020-07-23,1885.2628815319,,1885.545166015625,1187780,,0,7.541972270808553,7.541822549857132,0.00014972095142073982,0.00014972095142073982,0.01497321601620524,Thursday,0,0.008450482133633308,0.006364542738182877,0.0020859393954504313,-0.0020859393954504313
2020-07-24,1901.24207809,,1903.240234375,2169538,,0,7.551313099147281,7.550262676879746,0.001050422267534934,0.001050422267534934,0.10509741542262785,Friday,0,0.008440127022613986,0.00934082833872818,0.0009007013161141941,0.0009007013161141941
2020-07-25,1901.3756452794,,1900.3426513671875,1242199,,0,7.549789491719555,7.550332927006986,-0.0005434352874305048,0.0005434352874305048,-0.05432876532194867,Saturday,0,7.025012723982371e-05,-0.001523607427725615,0.0015938575549654388,-0.0015938575549654388
2020-07-26,1912.942009163,,1903.1483154296875,1197643,,0,7.551264801952117,7.556397654899747,-0.00513285294763044,0.00513285294763044,-0.5119702367557737,Sunday,0,0.006064727892761468,0.001475310232561533,0.004589417660199935,-0.004589417660199935
2020-07-27,1957.2719081249,,1956.6617431640625,2463167,,0,7.57899510788037,7.5793068990450365,-0.0003117911646661753,0.0003117911646661753,-0.03117425628521823,Monday,1,0.022909244145289165,0.02773030592825343,0.004821061782964264,0.004821061782964264
2020-07-28,1957.3135027455,,1966.058349609375,1676453,,0,7.583785979620389,7.579328150143804,0.004457829476584685,0.004457829476584685,0.44677803793866766,Tuesday,0,2.125109876782716e-05,0.004790871740018687,0.00476962064125086,0.00476962064125086
2020-07-29,1968.4543010178,,1979.9786376953125,1405680,,0,7.590841334587608,7.585003894984929,0.0058374396026783515,0.0058374396026783515,0.5854510654148204,Wednesday,0,0.0056757448411248745,0.007055354967218541,0.0013796101260936666,0.0013796101260936666
2020-07-30,1957.835699344,,1967.44677734375,1246466,,0,7.58449192902034,7.57959490707931,0.004897021941030033,0.004897021941030033,0.49090319493971574,Thursday,0,-0.005408987905619611,-0.0063494055672679295,0.0009404176616483184,-0.0009404176616483184
2020-07-31,1974.2608386274,,1986.943603515625,1150057,,0,7.594352859419088,7.587949348360037,0.006403511059050793,0.006403511059050793,0.6424057368753057,Friday,0,0.008354441280727265,0.009860930398748025,0.0015064891180207596,0.0015064891180207596
2020-08-01,1974.0413561664,,1974.844970703125,1287608,,0,7.588245178407743,7.587838170212875,0.0004070081948679416,0.0004070081948679416,0.04070910339414873,Saturday,0,-0.00011117814716143926,-0.00610768101134429,0.005996502864182851,-0.005996502864182851
2020-08-02,1981.159176234,,1985.15234375,1589388,,0,7.593450937657462,7.591437394926376,0.0020135427310856713,0.0020135427310856713,0.20155712695386377,Sunday,0,0.003599224713500604,0.005205759249718334,0.0016065345362177297,0.0016065345362177297
2020-08-03,1975.2048865393,,1984.57177734375,2042788,,0,7.5931584405505195,7.588427411974497,0.004731028576022034,0.004731028576022034,0.4742237561421466,Monday,1,-0.003009982951878598,-0.0002924971069422355,0.0027174858449363626,0.0027174858449363626
2020-08-04,2028.3446552235,,2035.7940673828125,1698359,,0,7.618641226868602,7.61497529860655,0.0036659282620519207,0.0036659282620519207,0.3672655995680206,Tuesday,0,0.026547886632052986,0.025482786318082873,0.0010651003139701132,-0.0010651003139701132
2020-08-05,2036.4520303667,,2049.3330078125,1697551,,0,7.625269657148058,7.618964371872032,0.00630528527602614,0.00630528527602614,0.6325205432646771,Wednesday,0,0.00398907326548148,0.006628430279455699,0.0026393570139742195,0.0026393570139742195
2020-08-06,2069.5240564701,,2083.294189453125,1387305,,0,7.641705664823321,7.635073935412166,0.006631729411155085,0.006631729411155085,0.6653768019740884,Thursday,0,0.01610956354013382,0.016436007675262765,0.0003264441351289449,0.0003264441351289449
2020-08-07,2034.1424621816,,2057.49267578125,1811148,,0,7.629243372778789,7.6178296145597235,0.011413758219065429,0.011413758219065429,1.1479143685249624,Friday,0,-0.017244320852442208,-0.012462292044531864,0.0047820288079103435,0.0047820288079103435
2020-08-08,2033.8638328164,,2040.9710693359375,1479558,,0,7.621180987959719,7.61769262884956,0.0034883591101593225,0.0034883591101593225,0.3494450515743606,Saturday,0,-0.00013698571016362848,-0.008062384819069734,0.007925399108906106,-0.007925399108906106
2020-08-09,2027.8422744279,,2034.022705078125,1077729,,0,7.617770739318141,7.614727587735784,0.0030431515823572397,0.0030431515823572397,0.30477866686986654,Sunday,0,-0.0029650411137760457,-0.0034102486415781286,0.00044520752780208284,-0.00044520752780208284
2020-08-10,2028.6845861146,,2043.3135986328125,1381660,,0,7.622328082123899,7.615142874865766,0.007185207258133097,0.007185207258133097,0.7211082796380086,Monday,1,0.0004152871299822891,0.004557342805758147,0.0041420556757758575,0.0041420556757758575
2020-08-11,1911.4676719017,,1958.17041015625,6057317,,0,7.5797658520695395,7.5556266405695425,0.024139211499996982,0.024139211499996982,2.443292080796006,Tuesday,0,-0.05951623429622366,-0.04256223005435977,0.016954004241863885,0.016954004241863885
2020-08-12,1922.2242908738,,1943.2938232421875,2309569,,0,7.572139659376535,7.561238279326194,0.010901380050341025,0.010901380050341025,1.0961016603743812,Wednesday,0,0.0056116387566511605,-0.007626192693004796,0.013237831449655957,-0.013237831449655957
2020-08-13,1958.0927219542,,1970.7158203125,1904136,,0,7.586152116297292,7.579726177410591,0.006425938886700955,0.006425938886700955,0.6446629527176838,Thursday,0,0.018487898084397436,0.014012456920757366,0.00447544116364007,-0.00447544116364007
2020-08-14,1944.5171525274,,1958.38232421875,1937623,,0,7.57987406665368,7.5727689746046725,0.007105092049007666,0.007105092049007666,0.7130393102127531,Friday,0,-0.006957202805918605,-0.006278049643611894,0.0006791531623067115,0.0006791531623067115
2020-08-15,1944.9009559188,,1944.2403564453125,1208159,,0,7.572626617524337,7.5729663323491705,-0.00033971482483341475,0.00033971482483341475,-0.033965712828572275,Saturday,0,0.0001973577444980279,-0.007247449129343053,0.007444806873841081,-0.007444806873841081
2020-08-16,1933.9741234262,,1957.1785888671875,1317174,,0,7.579259219679669,7.5673322961027365,0.011926923576932147,0.011926923576932147,1.1998332945571535,Sunday,0,-0.005634036246433993,0.006632602155331568,0.012266638401765562,0.012266638401765562
2020-08-17,1984.4628575593,,1992.5618896484375,1905825,,0,7.597176471486087,7.593103555776515,0.0040729157095720225,0.0040729157095720225,0.4081221302926599,Monday,1,0.025771259673778246,0.017917251806418122,0.007854007867360124,-0.007854007867360124
2020-08-18,2003.4558106684,,2026.8409423828125,3389425,,0,7.614233673902372,7.602628873765279,0.011604800137092752,0.011604800137092752,1.1672397060063222,Tuesday,0,0.009525317988764215,0.017057202416284944,0.00753188442752073,0.00753188442752073
2020-08-19,1929.2006043548,,1945.4044189453125,1791367,,0,7.573225161916934,7.564861001461821,0.008364160455112568,0.008364160455112568,0.8399237774410601,Wednesday,0,-0.03776787230345757,-0.04100851198543776,0.003240639681980184,-0.003240639681980184
2020-08-20,1949.1480094046,,1961.8167724609375,1135914,,0,7.5816262476200915,7.57514763782715,0.006478609792941903,0.006478609792941903,0.6499641379315929,Thursday,0,0.010286636365328228,0.008401085703157563,0.0018855506621706652,-0.0018855506621706652
2020-08-21,1939.1967796845,,1952.87451171875,1644363,,0,7.577057674700032,7.570029135232373,0.007028539467659023,0.007028539467659023,0.705329762174801,Friday,0,-0.005118502594776864,-0.004568572920059744,0.0005499296747171201,0.0005499296747171201
2020-08-22,1939.0930861636,,1947.0465087890625,1165353,,0,7.574068892497821,7.569975661394928,0.004093231102893391,0.004093231102893391,0.41016198150641453,Saturday,0,-5.347383744513934e-05,-0.0029887822022107713,0.002935308364765632,-0.002935308364765632
2020-08-23,1934.6663184267,,1940.2969970703125,867885,,0,7.570596331613458,7.56769014533597,0.0029061862774879543,0.0029061862774879543,0.291041333070372,Sunday,0,-0.0022855160589578816,-0.0034725608843633182,0.0011870448254054367,-0.0011870448254054367
2020-08-24,1931.026380578,,1933.9317626953125,1065335,,0,7.567310392399732,7.5658069439499025,0.0015034484498297473,0.0015034484498297473,0.15045791950510842,Monday,1,-0.0018832013860672348,-0.0032859392137254417,0.001402737827658207,-0.001402737827658207
2020-08-25,1929.4113688083,,1951.78759765625,2520736,,0,7.576500948376408,7.564970245125178,0.011530703251230179,0.011530703251230179,1.1597438063076526,Tuesday,0,-0.000836698824724813,0.009190555976675618,0.010027254801400431,0.010027254801400431
2020-08-26,1953.4123764586,,1958.8330078125,2396378,,0,7.580104170723811,7.57733305884802,0.0027711118757904885,0.0027711118757904885,0.2774954955352162,Wednesday,0,0.012362813722842425,0.0036032223474027347,0.00875959137543969,-0.00875959137543969
2020-08-27,1927.9492802892,,1937.405517578125,1147998,,0,7.569104994917478,7.564212167920516,0.004892826996961475,0.004892826996961475,0.490481642105569,Thursday,0,-0.013120890927504014,-0.010999175806333028,0.002121715121170986,0.002121715121170986
2020-08-28,1964.6269893002,,1969.7308349609375,1093563,,0,7.585652180397508,7.583057678955732,0.002594501441776309,0.002594501441776309,0.2597870073318866,Friday,0,0.0188455110352157,0.016547185480030535,0.0022983255551851656,-0.0022983255551851656
2020-08-29,1964.6944408971,,1963.7034912109375,1106557,,0,7.582587505628484,7.583092011396131,-0.0005045057676467124,0.0005045057676467124,-0.050437852601146256,Saturday,0,3.433244039907635e-05,-0.003064674769023945,0.0030990072094230214,-0.0030990072094230214
2020-08-30,1972.989770048,,1973.4912109375,937941,,0,7.587559441552321,7.587305321036036,0.00025412051628492804,0.00025412051628492804,0.02541528076385913,Sunday,0,0.00421330963990485,0.00497193592383649,0.0007586262839316404,0.0007586262839316404
2020-08-31,1968.6865450587,,1969.6270751953125,1070698,,0,7.585599501880848,7.585121870973215,0.0004776309076328644,0.0004776309076328644,0.04777449914376835,Monday,1,-0.0021834500628203912,-0.001959939671472455,0.00022351039134793638,0.00022351039134793638
2020-09-01,1971.7024482422,,1977.4765625,1717796,,0,7.589576847485605,7.586652635462479,0.002924212023126316,0.002924212023126316,0.29284917016498446,Tuesday,0,0.001530764489263703,0.003977345604757154,0.0024465811154934514,0.0024465811154934514
2020-09-02,1944.3292451021,,1947.08642578125,2074925,,0,7.574089393591573,7.5726723354442464,0.001417058147326955,0.001417058147326955,0.14180626486463266,Wednesday,0,-0.013980300018232583,-0.015487453894031944,0.0015071538757993608,-0.0015071538757993608
2020-09-03,1928.9438403138,,1928.3096923828125,6619203,,0,7.564399091100322,7.564727899114275,-0.0003288080139531857,0.0003288080139531857,-0.03287539625229562,Thursday,0,-0.007944436329971438,-0.009690302491251579,0.0017458661612801407,-0.0017458661612801407
2020-09-04,1933.4035123997,,1946.859619140625,1701973,,0,7.573972901663712,7.567037206724676,0.006935694939036452,0.006935694939036452,0.6959802573350823,Friday,0,0.0023093076104006016,0.00957381056339024,0.007264502952989638,0.007264502952989638
2020-09-05,1933.8806215492,,1954.191162109375,1415176,,0,7.577731658989206,7.567283947918441,0.010447711070765031,0.010447711070765031,1.050247897096387,Saturday,0,0.00024674119376566495,0.003758757325494244,0.003512016131728579,0.003512016131728579
2020-09-06,1934.404348541,,1931.6597900390625,1243125,,0,7.56613490715414,7.567554727863068,-0.001419820708927766,0.001419820708927766,-0.14188132403690773,Sunday,0,0.00027077994462665345,-0.011596751835066144,0.011867531779692797,-0.011867531779692797
2020-09-07,1930.0535088309,,1936.160888671875,1125242,,0,7.568462368036433,7.565303006297456,0.003159361738976685,0.003159361738976685,0.31643577823261754,Monday,1,-0.0022517215656119305,0.0023274608822925202,0.004579182447904451,0.004579182447904451
2020-09-08,1930.6564574461,,1927.848876953125,1204703,,0,7.56416008877529,7.565615357458444,-0.00145526868315482,0.00145526868315482,-0.1454210293160508,Tuesday,0,0.0003123511609883778,-0.004302279261143127,0.004614630422131505,-0.004614630422131505
2020-09-09,1947.7970396769,,1944.7813720703125,1022246,,0,7.572904844629382,7.574454289696855,-0.0015494450674733429,0.0015494450674733429,-0.15482452972039892,Wednesday,0,0.008838932238410813,0.00874475585409229,9.417638431852282e-05,-9.417638431852282e-05
2020-09-10,1947.8465467206,,1947.2459716796875,998450,,0,7.5741713310752,7.574479706315498,-0.00030837524029792007,0.00030837524029792007,-0.03083276975404184,Thursday,0,2.5416618642637445e-05,0.0012664864458180602,0.0012410698271754228,0.0012410698271754228
2020-09-11,1941.2253004431,,1942.3143310546875,1132691,,0,7.571635495204878,7.571074650849743,0.0005608443551343711,0.0005608443551343711,0.056100165773594245,Friday,0,-0.003405055465754536,-0.002535835870322245,0.0008692195954322912,0.0008692195954322912
2020-09-12,1941.0879798127,,1935.68798828125,1624635,,0,7.5682180917704915,7.571003909196227,-0.0027858174257353596,0.0027858174257353596,-0.2781940637214753,Saturday,0,-7.074165351639294e-05,-0.0034174034343861237,0.0033466617808697308,-0.0033466617808697308
2020-09-13,1942.2755700579,,1939.89990234375,1008662,,0,7.570391653996191,7.5716155389172,-0.0012238849210088887,0.0012238849210088887,-0.12231362793072771,Sunday,0,0.0006116297209732835,0.0021735622256997544,0.001561932504726471,0.001561932504726471
2020-09-14,1956.9076178445,,1953.2603759765625,1156109,,0,7.5772552430227655,7.5791207602749395,-0.0018655172521739871,0.0018655172521739871,-0.18637782564078745,Monday,1,0.0075052213577393445,0.006863589026574246,0.0006416323311650984,-0.0006416323311650984
2020-09-15,1954.1900113641,,1950.14892578125,1254654,,0,7.575661020837098,7.577731070128896,-0.002070049291797993,0.002070049291797993,-0.20679082173944485,Tuesday,0,-0.0013896901460439537,-0.0015942221856679595,0.0002045320396240058,-0.0002045320396240058
2020-09-16,1959.9880063322,,1969.7060546875,1175874,,0,7.585639599780465,7.580693632987575,0.0049459667928895,0.0049459667928895,0.49582182767973787,Wednesday,0,0.002962562858679796,0.009978578943367289,0.007016016084687493,0.007016016084687493
2020-09-17,1946.3532944928,,1947.3885498046875,1241067,,0,7.5742445487926915,7.573712795339238,0.0005317534534539092,0.0005317534534539092,0.05318948593848913,Thursday,0,-0.00698083764833779,-0.01139505098777338,0.004414213339435591,-0.004414213339435591
2020-09-18,1949.7974882271,,1952.673095703125,1283982,,0,7.576954531153442,7.57548079397355,0.0014737371798920762,0.0014737371798920762,0.1474823664194808,Friday,0,0.0017679986343122067,0.0027099823607503737,0.000941983726438167,0.000941983726438167
2020-09-19,1949.8498615607,,1962.27734375,969107,,0,7.581860987805999,7.575507654522161,0.006353333283837692,0.006353333283837692,0.6373558515604271,Saturday,0,2.6860548611118418e-05,0.004906456652556734,0.004879596103945616,0.004879596103945616
2020-09-20,1948.9568208616,,1960.2808837890625,983664,,0,7.5808430500125885,7.575049544752962,0.005793505259626741,0.005793505259626741,0.581032006776652,Sunday,0,-0.00045810976919913315,-0.0010179377934100842,0.000559828024210951,-0.000559828024210951
2020-09-21,1915.1625387391,,1915.60205078125,1409397,,0,7.557787239036502,7.557557774639092,0.00022946439741033942,0.00022946439741033942,0.022949072637947716,Monday,1,-0.017491770113870153,-0.023055810976086555,0.005564040862216402,-0.005564040862216402
2020-09-22,1902.8108515827,,1909.2642822265625,1056970,,0,7.5544732542834305,7.551087467496826,0.0033857867866045055,0.0033857867866045055,0.3391525037023364,Tuesday,0,-0.006470307142265597,-0.0033139847530714306,0.003156322389194166,0.003156322389194166
2020-09-23,1857.9414806297,,1862.4425048828125,1554669,,0,7.529644079915653,7.527224422984182,0.002419656931470726,0.002419656931470726,0.2422586663809786,Wednesday,0,-0.02386304451264376,-0.02482917436777754,0.0009661298551337794,-0.0009661298551337794
2020-09-24,1868.3887192553,,1877.4149169921875,1165643,,0,7.537651065430177,7.532831690960026,0.004819374470151239,0.004819374470151239,0.4831006333888151,Thursday,0,0.005607267975843655,0.008006985514524168,0.0023997175386805125,0.0023997175386805125
2020-09-25,1861.1923300575,,1876.2181396484375,1184983,,0,7.537013401936573,7.52897259899569,0.00804080294088294,0.00804080294088294,0.8073217017004019,Friday,0,-0.003859091964335981,-0.0006376634936042791,0.003221428470731702,0.003221428470731702
2020-09-26,1861.7640214103,,1858.099609375,720071,,0,7.5273095290104965,7.529279715869122,-0.001970186858625489,0.001970186858625489,-0.19682473144605378,Saturday,0,0.0003071168734321006,-0.009703872926076329,0.01001098979950843,-0.01001098979950843
2020-09-27,1862.457512688,,1861.7806396484375,792246,,0,7.529288641900445,7.52965213801392,-0.00036349611347485933,0.00036349611347485933,-0.03634300567670678,Sunday,0,0.00037242214479782376,0.0019791128899484534,0.0016066907451506296,0.0016066907451506296
2020-09-28,1882.182636685,,1878.285888671875,1158033,,0,7.538114878572048,7.540187359371511,-0.0020724807994625394,0.0020724807994625394,-0.20703346939743286,Monday,1,0.010535221357590885,0.008826236671603205,0.00170898468598768,-0.00170898468598768
2020-09-29,1897.4654482465,,1897.47509765625,933837,,0,7.548279385418845,7.5482743000112436,5.085407601690406e-06,5.085407601690406e-06,0.0005085420532358949,Tuesday,0,0.00808694063973281,0.010164506846797039,0.00207756620706423,0.00207756620706423
2020-09-30,1886.6735846691,,1880.542236328125,1005998,,0,7.5393154378167,7.542570549308138,-0.0032551114914376456,0.0032551114914376456,-0.32498193597438185,Wednesday,0,-0.00570375070310547,-0.008963947602144806,0.003260196899039336,-0.003260196899039336
2020-10-01,1904.5190187159,,1892.11279296875,1120372,,0,7.545449363568888,7.551984772067747,-0.006535408498858253,0.006535408498858253,-0.65140991637431,Thursday,0,0.00941422275960857,0.006133925752187963,0.0032802970074206073,-0.0032802970074206073
2020-10-02,1899.8330179823,,1902.6817626953125,1615778,,0,7.551019624039738,7.549521276019921,0.0014983480198171861,0.0014983480198171861,0.1499471104064754,Friday,0,-0.0024634960478255863,0.005570260470849853,0.008033756518675439,0.008033756518675439
2020-10-03,1900.4000342072,,1900.844970703125,900299,,0,7.5500537877179665,7.549819687312766,0.00023410040520044362,0.00023410040520044362,0.02341278088382404,Saturday,0,0.00029841129284502443,-0.0009658363217717181,0.0012642476146167425,-0.0012642476146167425
2020-10-04,1903.9278030577,,1890.697021484375,884750,,0,7.544700834501913,7.551674296070251,-0.006973461568338557,0.006973461568338557,-0.6949203405757507,Sunday,0,0.00185460875748511,-0.005352953216053891,0.007207561973539001,-0.007207561973539001
2020-10-05,1912.4517496562,,1915.91455078125,1245705,,0,7.557950359822963,7.556141336444501,0.0018090233784624488,0.0018090233784624488,0.18106606483915053,Monday,1,0.00446704037424972,0.013249525321050726,0.008782484946801006,0.008782484946801006
2020-10-06,1878.9937696507,,1879.14404296875,1253230,,0,7.538571655851949,7.538491683628671,7.997222327826847e-05,7.997222327826847e-05,0.007997542114148435,Tuesday,0,-0.017649652815830308,-0.019378703971014488,0.0017290511551841803,-0.0017290511551841803
2020-10-07,1887.0309888775,,1887.3994140625,1313304,,0,7.542955189140273,7.542759967532328,0.00019522160794505083,0.00019522160794505083,0.019524066492365124,Wednesday,0,0.0042682839036576325,0.004383533288324415,0.00011524938466678236,0.00011524938466678236
2020-10-08,1894.1108388887,,1894.964599609375,1468468,,0,7.5469554363971145,7.546504793094293,0.00045064330282151843,0.00045064330282151843,0.045074485776969625,Thursday,0,0.0037448255619647597,0.004000247256841227,0.0002554216948764676,0.0002554216948764676
2020-10-09,1930.0823990539,,1931.8330078125,1567767,,0,7.566224576157095,7.565317974797887,0.0009066013592082811,0.0009066013592082811,0.0907012446441749,Friday,0,0.01881318170359414,0.019269139759980902,0.0004559580563867627,0.0004559580563867627
2020-10-10,1930.4087640558,,1925.0887451171875,1125565,,0,7.562727347018828,7.565487054321133,-0.0027597073023057916,0.0027597073023057916,-0.2755902810674735,Saturday,0,0.00016907952324629605,-0.0034972291382677767,0.0036663086615140728,-0.0036663086615140728
2020-10-11,1929.86857595,,1927.828125,902548,,0,7.564149324412448,7.565207184217642,-0.001057859805194461,0.001057859805194461,-0.10573004687614476,Sunday,0,-0.0002798701034913975,0.0014219773936199331,0.0017018474971113307,0.0017018474971113307
2020-10-12,1924.5388171078,,1918.3182373046875,1155993,,0,7.5592041631109606,7.5624416424906675,-0.0032374793797069756,0.0032374793797069756,-0.3232244394249637,Monday,1,-0.0027655417269745186,-0.004945161301487033,0.0021796195745125146,-0.0021796195745125146
2020-10-13,1892.6828255374,,1897.145751953125,1302764,,0,7.548105799852854,7.54575058594939,0.0023552139034634934,0.0023552139034634934,0.23579895984197813,Tuesday,0,-0.016691056541277227,-0.011098363258106758,0.005592693283170469,0.005592693283170469
2020-10-14,1898.9262358706,,1901.2940673828125,1302367,,0,7.550290021415512,7.549043866387814,0.0012461550276983147,0.0012461550276983147,0.12469318015014175,Wednesday,0,0.003293280438423807,0.002184221562658628,0.0011090588757651787,-0.0011090588757651787
2020-10-15,1906.3506942011,,1904.9415283203125,1146153,,0,7.552206593294626,7.552946062148089,-0.0007394688534629879,0.0007394688534629879,-0.07391955137498897,Thursday,0,0.0039021957602747293,0.0019165718791134267,0.0019856238811613025,-0.0019856238811613025
2020-10-16,1898.5884632065,,1900.570068359375,1129048,,0,7.549909156131357,7.548865974955255,0.001043181176101804,0.001043181176101804,0.10437254788372541,Friday,0,-0.004080087192833481,-0.0022974371632686896,0.0017826500295647918,0.0017826500295647918
2020-10-17,1898.3977522971,,1893.390380859375,840017,,0,7.546124353328751,7.5487655211222755,-0.0026411677935245237,0.0026411677935245237,-0.2637682978535936,Saturday,0,-0.00010045383297985211,-0.0037848028026061797,0.0036843489696263276,-0.0036843489696263276
2020-10-18,1900.9961219679,,1896.7327880859375,977347,,0,7.547888099752832,7.550133302490504,-0.0022452027376722583,0.0022452027376722583,-0.2242684155267609,Sunday,0,0.0013677813682289042,0.0017637464240811696,0.0003959650558522654,0.0003959650558522654
2020-10-19,1904.0538230604,,1900.3997802734375,1401960,,0,7.549819553691542,7.551740483365842,-0.0019209296743003534,0.0019209296743003534,-0.19190858696889634,Monday,1,0.0016071808753377326,0.0019314539387096374,0.00032427306337190487,0.00032427306337190487
2020-10-20,1909.766163289,,1901.9400634765625,1532214,,0,7.550629730241073,7.554736085948424,-0.0041063557073508505,0.0041063557073508505,-0.4097936157251469,Tuesday,0,0.002995602582581469,0.0008101765495309721,0.002185426033050497,-0.002185426033050497
2020-10-21,1923.0189036887,,1923.8624267578125,3837416,,0,7.562090124905005,7.561651575851799,0.00043854905320639403,0.00043854905320639403,0.04386452299010043,Wednesday,0,0.006915489903374983,0.011460394663932227,0.004544904760557245,0.004544904760557245
2020-10-22,1904.6306983536,,1907.0980224609375,2712325,,0,7.553338005674766,7.552043409635723,0.0012945960390426947,0.0012945960390426947,0.12954343902312365,Thursday,0,-0.009608166216075631,-0.00875211923023933,0.0008560469858363007,0.0008560469858363007
2020-10-23,1901.2180563281,,1910.2899169921875,3252394,,0,7.555010298523036,7.550250042027018,0.004760256496017412,0.004760256496017412,0.4771604516321729,Friday,0,-0.0017933676087045214,0.001672292848270196,0.0034656604569747174,0.0034656604569747174
2020-10-24,1901.4298752662,,1914.4351806640625,1512217,,0,7.557177913287024,7.550361448048365,0.006816465238658864,0.006816465238658864,0.6839750214843825,Saturday,0,0.00011140602134673827,0.0021676147639881904,0.002056208742641452,0.002056208742641452
2020-10-25,1898.0554421995,,1908.356689453125,2205146,,0,7.553997778694173,7.548585189596511,0.005412589097661957,0.005412589097661957,0.5427263621808492,Sunday,0,-0.0017762584518541402,-0.003180134592851047,0.001403876140996907,-0.001403876140996907
2020-10-26,1901.722774424,,1903.1302490234375,2759966,,0,7.551255309002012,7.550515477710257,0.0007398312917548111,0.0007398312917548111,0.07401050344280029,Monday,1,0.0019302881137459593,-0.002742469692161187,0.004672757805907146,-0.004672757805907146
2020-10-27,1905.632325646,,1905.9327392578125,3055319,,0,7.552726794639648,7.552569161957367,0.0001576326822814167,0.0001576326822814167,0.01576451069650252,Tuesday,0,0.0020536842471097216,0.0014714856376363272,0.0005821986094733944,-0.0005821986094733944
2020-10-28,1878.7957728785,,1892.2957763671875,3413660,,0,7.5455460673973604,7.538386304245316,0.007159763152044363,0.007159763152044363,0.7185455536768742,Wednesday,0,-0.014182857712050634,-0.007180727242287688,0.007002130469762946,0.007002130469762946
2020-10-29,1868.3090995825,,1887.8140869140625,3097345,,0,7.543174870942705,7.53278907596857,0.010385794974134832,0.010385794974134832,1.0439914538724413,Thursday,0,-0.005597228276745803,-0.0023711964546553332,0.0032260318220904693,0.0032260318220904693
2020-10-30,1878.8451265975,,1897.5177001953125,2881733,,0,7.548301837392451,7.538412572704876,0.009889264687575228,0.009889264687575228,0.9938325055896261,Friday,0,0.005623496736305356,0.005126966449745751,0.0004965302865596044,-0.0004965302865596044
2020-10-31,1879.2930099696,,1898.7777099609375,2722517,,0,7.54896564759464,7.538650926569447,0.010314721025193485,0.010314721025193485,1.0368101135890821,Saturday,0,0.00023835386457093932,0.0006638102021891967,0.0004254563376182574,0.0004254563376182574
2020-11-01,1876.4366468077,,1895.979736328125,1995524,,0,7.547490995167203,7.537129856645009,0.010361138522193336,0.010361138522193336,1.0415000982672522,Sunday,0,-0.001521069924437235,-0.001474652427437384,4.641749699985098e-05,4.641749699985098e-05
2020-11-02,1894.6954732592,,1903.8206787109375,2791235,,0,7.551618029566671,7.546813404475807,0.004804625090864434,0.004804625090864434,0.4816185809554142,Monday,1,0.009683547830797501,0.004127034399468599,0.005556513431328902,-0.005556513431328902
2020-11-03,1911.5705612595,,1917.4765625,2862327,,0,7.558765310220165,7.555680466532848,0.003084843687317651,0.003084843687317651,0.30896067140773803,Tuesday,0,0.008867062057040798,0.007147280653494015,0.0017197814035467829,-0.0017197814035467829
2020-11-04,1904.2926718877,,1917.2733154296875,4952494,,0,7.558659307441902,7.551865917765222,0.006793389676679418,0.006793389676679418,0.6816517089844183,Wednesday,0,-0.0038145487676253254,-0.00010600277826355864,0.0037085459893617667,0.0037085459893617667
2020-11-05,1946.5737011419,,1958.8216552734375,4204649,,0,7.580098375144547,7.573826029751074,0.006272345393472989,0.006272345393472989,0.629205774451413,Thursday,0,0.021960111985851682,0.021439067702645254,0.0005210442832064288,-0.0005210442832064288
2020-11-06,1952.0273494522,,1960.812255859375,3850810,,0,7.581114082632647,7.576623777864741,0.004490304767905684,0.004490304767905684,0.45004012928611264,Friday,0,0.0027977481136671756,0.0010157074880998707,0.001782040625567305,-0.001782040625567305
2020-11-07,1952.2861270548,,1955.0455322265625,3523586,,0,7.578168762289719,7.576756337714014,0.001412424575705451,0.001412424575705451,0.14134225170801276,Saturday,0,0.00013255984927251774,-0.0029453203429277153,0.003077880192200233,-0.003077880192200233
2020-11-08,1959.7275978639,,1962.529052734375,4085977,,0,7.581989253488069,7.580560761884169,0.0014284916038995732,0.0014284916038995732,0.1429512384031642,Sunday,0,0.0038044241701555848,0.003820491198349707,1.60670281941222e-05,1.60670281941222e-05
2020-11-09,1867.1843034266,,1875.2796630859375,4391274,,0,7.536513080928046,7.532186855020201,0.004326225907845149,0.004326225907845149,0.43355975328632845,Monday,1,-0.048373906863968585,-0.04547617256002301,0.002897734303945576,0.002897734303945576
2020-11-10,1876.4577640632,,1883.2659912109375,1946045,,0,7.540762777953936,7.537141110495072,0.003621667458864053,0.003621667458864053,0.3628233620881058,Tuesday,0,0.004954255474871161,0.004249697025890065,0.0007045584489810963,-0.0007045584489810963
2020-11-11,1865.2234101424,,1871.670654296875,2420848,,0,7.534586709025873,7.531136115864624,0.0034505931612489604,0.0034505931612489604,0.34565533112104185,Wednesday,0,-0.006004994630448124,-0.006176068928063216,0.00017107429761509252,-0.00017107429761509252
2020-11-12,1875.963527327,,1895.3302001953125,2351800,,0,7.547148350461261,7.5368776876538295,0.010270662807431385,0.010270662807431385,1.0323587098682767,Thursday,0,0.005741571789205757,0.012561641435388182,0.006820069646182425,0.006820069646182425
2020-11-13,1888.0988575632,,1894.07373046875,2089532,,0,7.546485201430121,7.543325706332115,0.003159495098006282,0.003159495098006282,0.3164491563360847,Friday,0,0.006448018678285372,-0.0006631490311397314,0.007111167709425104,-0.007111167709425104
2020-11-14,1888.1283927307,,1899.9345703125,2995891,,0,7.549574727883944,7.543341349017548,0.006233378866395967,0.006233378866395967,0.6252846801760874,Saturday,0,1.5642685433192582e-05,0.0030895264538228773,0.0030738837683896847,0.0030738837683896847
2020-11-15,1890.5557288565,,1889.8111572265625,809180,,0,7.544232186250328,7.544626101265459,-0.0003939150151310855,0.0003939150151310855,-0.03938374407973336,Sunday,0,0.0012847522479111362,-0.005342541633615916,0.006627293881527052,-0.006627293881527052
2020-11-16,1889.4235990212,,1894.7933349609375,982252,,0,7.546865053501157,7.544027087476784,0.0028379660243729177,0.0028379660243729177,0.28419968621748903,Monday,1,-0.0005990137886753288,0.0026328672508286743,0.003231881039504003,0.003231881039504003
2020-11-17,1881.45526941,,1885.2618408203125,1771207,,0,7.541821997832327,7.539800835852403,0.002021161979923747,0.002021161979923747,0.2023205904600731,Tuesday,0,-0.00422625162438095,-0.005043055668830121,0.0008168040444491709,-0.0008168040444491709
2020-11-18,1871.9271756033,,1877.9241943359375,1732710,,0,7.537922293850181,7.534723754359524,0.0031985394906568487,0.0031985394906568487,0.3203660276316467,Wednesday,0,-0.00507708149287911,-0.0038997039821460078,0.001177377510733102,0.001177377510733102
2020-11-19,1864.2535764945,,1860.7562255859375,1861958,,0,7.528738256974548,7.530616024884985,-0.0018777679104369227,0.0018777679104369227,-0.18760060072615792,Thursday,0,-0.004107729474538857,-0.009184036875632628,0.005076307401093771,-0.005076307401093771
2020-11-20,1871.3153101078,,1873.026611328125,1940012,,0,7.535310910206546,7.534396836985998,0.0009140732205477065,0.0009140732205477065,0.09144911127918524,Friday,0,0.003780812101012998,0.006572653231997627,0.002791841130984629,0.002791841130984629
2020-11-21,1871.7303210953,,1874.7318115234375,2417112,,0,7.536220894320027,7.534618587416044,0.0016023069039832194,0.0016023069039832194,0.16035912835888905,Saturday,0,0.00022175043004590833,0.0009099841134814213,0.0006882336834355129,0.0006882336834355129
2020-11-22,1872.4312583674,,1868.275634765625,1302690,,0,7.532771163987841,7.534993003565248,-0.0022218395774062927,0.0022218395774062927,-0.22193731188820004,Sunday,0,0.00037441614920386,-0.003449730332185652,0.003824146481389512,-0.003824146481389512
2020-11-23,1835.8428359293,,1845.34619140625,2299624,,0,7.520422176491455,7.515258966170735,0.005163210320720424,0.005163210320720424,0.5176562661552351,Monday,1,-0.01973403739451296,-0.012348987496386243,0.0073850498981267165,0.0073850498981267165
2020-11-24,1808.2885237842,,1815.052734375,2076403,,0,7.503869801028936,7.500136109959359,0.0037336910695771053,0.0037336910695771053,0.37406699770701596,Tuesday,0,-0.015122856211375435,-0.016552375462518754,0.0014295192511433186,-0.0014295192511433186
2020-11-25,1807.3213886575,,1815.046630859375,1379219,,0,7.503866438302459,7.499601132363221,0.004265305939237685,0.004265305939237685,0.4274415303419534,Wednesday,0,-0.0005349775961382974,-3.36272647771807e-06,0.0005316148696605794,0.0005316148696605794
2020-11-26,1809.4064652136,,1817.1148681640625,2744650,,0,7.505005284980274,7.500754150710935,0.004251134269338763,0.004251134269338763,0.4260183158764407,Thursday,0,0.0011530183477139744,0.001138846677815053,1.417166989892138e-05,-1.417166989892138e-05
2020-11-27,1787.6255159446,,1798.1837158203125,1999873,,0,7.494532387687353,7.48864349081321,0.005888896874142624,0.005888896874142624,0.5906270514455835,Friday,0,-0.012110659897724751,-0.01047289729292089,0.0016377626048038607,0.0016377626048038607
2020-11-28,1787.3739901337,,1791.04345703125,1037593,,0,7.49055366588206,7.488502777053173,0.002050888828886599,0.002050888828886599,0.20529933398412184,Saturday,0,-0.0001407137600368813,-0.003978721805292906,0.003838008045256025,-0.003838008045256025
2020-11-29,1786.2565421646,,1787.339111328125,859727,,0,7.4884832628686295,7.487877391750792,0.0006058711178376086,0.0006058711178376086,0.060605469481620836,Sunday,0,-0.0006253853023814315,-0.002070403013430422,0.0014450177110489903,-0.0014450177110489903
2020-11-30,1778.3888221179,,1788.4814453125,2615579,,0,7.489122184204385,7.483463077271428,0.005659106932957236,0.005659106932957236,0.567514992732615,Monday,1,-0.004414314479364023,0.0006389213357556045,0.005053235815119628,0.005053235815119628
2020-12-01,1812.5857623381,,1818.84765625,2260872,,0,7.5059584236363985,7.502509702761464,0.00344872087493453,0.00344872087493453,0.3454674554997379,Tuesday,0,0.019046625490036106,0.0168362394320134,0.0022103860580227064,-0.0022103860580227064
2020-12-02,1831.1254757165,,1825.7332763671875,1799212,,0,7.50973698058818,7.512686070844562,-0.0029490902563820143,0.0029490902563820143,-0.29447459613342813,Wednesday,0,0.010176368083097742,0.003778556951781198,0.006397811131316544,-0.006397811131316544
2020-12-03,1840.6692758781,,1841.99658203125,1506858,,0,7.518605361238747,7.517884521357077,0.0007208398816702655,0.0007208398816702655,0.07210997491750658,Thursday,0,0.005198450512515329,0.008868380650567609,0.0036699301380522797,0.0036699301380522797
2020-12-04,1838.3759771831,,1823.175048828125,1838859,,0,7.508334792464927,7.5166378397675455,-0.008303047302618438,0.008303047302618438,-0.8268672210494775,Friday,0,-0.001246681589531562,-0.010270568773820266,0.009023887184288704,-0.009023887184288704
2020-12-05,1838.7592052883,,1831.317138671875,1114672,,0,7.512790734849288,7.516846278178194,-0.004055543328906452,0.004055543328906452,-0.404733071900965,Saturday,0,0.00020843841064888124,0.004455942384360867,0.004247503973711986,0.004247503973711986
2020-12-06,1835.1822794799,,1829.627197265625,669337,,0,7.511867507741082,7.51489909042172,-0.0030315826806379675,0.0030315826806379675,-0.30269920739695283,Sunday,0,-0.001947187756474733,-0.0009232271082062482,0.0010239606482684849,0.0010239606482684849
2020-12-07,1864.4890326792,,1865.8525390625,1155334,,0,7.531473353130564,7.530742317423619,0.0007310357069449935,0.0007310357069449935,0.0731302978672277,Monday,1,0.01584322700189933,0.01960584538948229,0.003762618387582961,0.003762618387582961
2020-12-08,1870.2650441033,,1863.5614013671875,1300055,,0,7.530244667862505,7.533835434619801,-0.0035907667572967483,0.0035907667572967483,-0.3584327663743782,Tuesday,0,0.0030931171961823267,-0.0012286852680594151,0.004321802464241742,-0.004321802464241742
2020-12-09,1836.0850201236,,1839.8807373046875,1208622,,0,7.517456031820104,7.51539087736515,0.0020651544549536993,0.0020651544549536993,0.2067288355106723,Wednesday,0,-0.018444557254650995,-0.012788636042400547,0.005655921212250448,0.005655921212250448
2020-12-10,1836.7642174154,,1829.2503662109375,1074479,,0,7.511661525961434,7.515760724998754,-0.004099199037320034,0.004099199037320034,-0.4090808789293397,Thursday,0,0.0003698476336033707,-0.005794505858670362,0.006164353492273733,-0.006164353492273733
2020-12-11,1839.0063453709,,1827.638916015625,1109999,,0,7.510780202970634,7.516980675044752,-0.006200472074118224,0.006200472074118224,-0.61812888160439,Friday,0,0.001219950045998175,-0.0008813229908000153,0.0021012730367981902,-0.0021012730367981902
2020-12-12,1838.9959082341,,1826.5107421875,884856,,0,7.5101627275142375,7.516974999606794,-0.006812272092556526,0.006812272092556526,-0.67891211669899,Saturday,0,-5.67543795781944e-06,-0.0006174754563961216,0.0006118000184383021,-0.0006118000184383021
2020-12-13,1838.1846088803,,1833.974853515625,944826,,0,7.5142409414441245,7.516533737959079,-0.0022927965149541762,0.0022927965149541762,-0.22901700647136042,Sunday,0,-0.00044126164771540743,0.004078213929886942,0.00451947557760235,0.00451947557760235
2020-12-14,1827.6362649291,,1827.4686279296875,1007047,,0,7.510687024817043,7.510778752416903,-9.172759985975887e-05,9.172759985975887e-05,-0.009172339301276831,Monday,1,-0.005754985542175461,-0.003553916627081044,0.0022010689150944174,0.0022010689150944174
2020-12-15,1852.6049347621,,1844.2884521484375,1068689,,0,7.519848819295432,7.524348000511781,-0.0044991812163486244,0.0044991812163486244,-0.4489075062692928,Tuesday,0,0.013569248094877473,0.009161794478388607,0.004407453616488866,-0.004407453616488866
2020-12-16,1864.7569182463,,1860.1285400390625,1713007,,0,7.528400871867313,7.530885984841154,-0.0024851129738410194,0.0024851129738410194,-0.24820276369266972,Wednesday,0,0.006537984329373359,0.008552052571880964,0.002014068242507605,0.002014068242507605
2020-12-17,1884.4464333896,,1898.01708984375,2516582,,0,7.548564983261976,7.5413893874635045,0.007175595798471157,0.007175595798471157,0.7201402074210217,Thursday,0,0.0105034026223505,0.020164111394662676,0.009660708772312177,0.009660708772312177
2020-12-18,1880.5379219973,,1892.7398681640625,2666047,,0,7.545780723998048,7.539313143618947,0.006467580379101001,0.006467580379101001,0.6488540339459371,Friday,0,-0.0020762438445576237,-0.0027842592639277797,0.000708015419370156,-0.000708015419370156
2020-12-19,1880.476888939,,1886.487060546875,1975269,,0,7.542471680407545,7.539280687985894,0.0031909924216515506,0.0031909924216515506,0.31960890576358314,Saturday,0,-3.245563305309673e-05,-0.0033090435905025473,0.0032765879574494505,-0.0032765879574494505
2020-12-20,1883.2746379405,,1888.64453125,2257600,,0,7.543614671524832,7.540767369291407,0.0028473022334249976,0.0028473022334249976,0.2851359648411308,Sunday,0,0.0014866813055132155,0.0011429911172866625,0.00034369018822655306,-0.00034369018822655306
2020-12-21,1878.3465355351,,1889.79541015625,3373124,,0,7.544223853599809,7.538147166459912,0.0060766871398971745,0.0060766871398971745,0.6095187658164734,Monday,1,-0.002620202831495,0.000609182074977177,0.003229384906472177,0.003229384906472177
2020-12-22,1863.2017164432,,1880.6937255859375,2930077,,0,7.539395990730386,7.5300516398037125,0.009344350926673073,0.009344350926673073,0.9388145678681143,Tuesday,0,-0.008095526656199503,-0.004827862869423605,0.0032676637867758984,0.0032676637867758984
2020-12-23,1872.4413464416,,1876.4908447265625,2374355,,0,7.537158739653801,7.534998391238082,0.0021603484157193265,0.0021603484157193265,0.21626836496951982,Wednesday,0,0.00494675143436929,-0.0022372510765844567,0.007184002510953746,-0.007184002510953746
2020-12-24,1876.3620640937,,1890.660400390625,2430469,,0,7.544681465217465,7.537090108862218,0.007591356355247214,0.007591356355247214,0.7620243752812866,Thursday,0,0.00209171762413618,0.007522725563664068,0.005431007939527888,0.005431007939527888
2020-12-25,1876.1153859211,,1898.0640869140625,2108396,,0,7.54858974409723,7.536958634029262,0.011631110067967576,0.011631110067967576,1.1699014441047624,Friday,0,-0.0001314748329557247,0.003908278879764637,0.004039753712720362,0.004039753712720362
2020-12-26,1876.2606125991,,1911.6611328125,2671584,,0,7.555727846111311,7.537036039213674,0.018691806897637164,0.018691806897637164,1.8867592260736703,Saturday,0,7.740518441146094e-05,0.007138102014081049,0.007060696829669588,0.007060696829669588
2020-12-27,1887.5403461749,,1926.6065673828125,4548961,,0,7.563515479111865,7.5430298563516285,0.020485622760236133,0.020485622760236133,2.069689333374,Sunday,0,0.005993817137954771,0.00778763300055374,0.0017938158625989686,0.0017938158625989686
2020-12-28,1874.8133701837,,1909.0081787109375,5345201,,0,7.554339108007265,7.536264397548458,0.01807471045880682,0.01807471045880682,1.8239046654487505,Monday,1,-0.0067654588031702545,-0.009176371104599568,0.0024109123014293132,-0.0024109123014293132
2020-12-29,1878.8120127091,,1901.1336669921875,3951000,,0,7.550205654057643,7.538394947952444,0.011810706105198854,0.011810706105198854,1.1880727891930765,Tuesday,0,0.002130550403985687,-0.004133453949622279,0.006264004353607966,-0.006264004353607966
2020-12-30,1894.1315586933,,1916.7132568359375,3779023,,0,7.558367152742256,7.546515732101054,0.011851420641201926,0.011851420641201926,1.192192698495346,Wednesday,0,0.00812078414860995,0.008161498684613022,4.071453600307251e-05,4.071453600307251e-05
2020-12-31,1896.2251960311,,1930.4727783203125,3578921,,0,7.565520214760694,7.547620450039868,0.017899764720826106,0.017899764720826106,1.8060925654238995,Thursday,0,0.0011047179388139483,0.007153062018438128,0.006048344079624179,0.006048344079624179
2021-01-01,1896.7622262469,,1928.3507080078125,2098259,,0,7.564420361121917,7.547903620090068,0.016516741031849413,0.016516741031849413,1.6653896478851933,Friday,0,0.0002831700502001766,-0.0010998536387765157,0.0013830236889766923,-0.0013830236889766923
2021-01-02,1896.0940462647,,1960.474365234375,5913206,,0,7.580941746020465,7.547551284045091,0.03339046197537421,0.03339046197537421,3.3954180224606527,Saturday,0,-0.00035233604497708626,0.01652138489854771,0.016873720943524795,0.016873720943524795
2021-01-03,1912.7224735327,,1961.2314453125,4404860,,0,7.581327843358768,7.556282884965513,0.025044958393254824,0.025044958393254824,2.5361218081056203,Sunday,0,0.008731600920421911,0.0003860973383025268,0.008345503582119385,-0.008345503582119385
2021-01-04,1941.9611514129,,1997.9852294921875,8343112,,0,7.59989456653462,7.571453644229398,0.028440922305222216,0.028440922305222216,2.8849226998452733,Monday,1,0.015170759263885003,0.018566723175852395,0.0033959639119673923,0.0033959639119673923
2021-01-05,1949.6832125591,,2020.681396484375,9875627,,0,7.6111900585062315,7.575422183262637,0.035767875243594816,0.035767875243594816,3.6415240931415114,Tuesday,0,0.003968539033238905,0.011295491971611504,0.0073269529383725995,0.0073269529383725995
2021-01-06,1922.0341681744,,1962.541748046875,8907860,,0,7.581995722320426,7.561139366778257,0.02085635554216836,0.02085635554216836,2.107536928490201,Wednesday,0,-0.014282816484379346,-0.029194336185805803,0.014911519701426457,-0.014911519701426457
2021-01-07,1914.9676605993,,1953.2225341796875,10078742,,0,7.5772358691779305,7.557456014056643,0.019779855121287326,0.019779855121287326,1.9976772646079808,Thursday,0,-0.0036833527216142414,-0.004759853142495274,0.0010765004208810325,-0.0010765004208810325
2021-01-08,1848.61173819,,1875.8663330078125,12024145,,0,7.536825875965759,7.522190224583318,0.014635651382440606,0.014635651382440606,1.4743276943863688,Friday,0,-0.035265789473324816,-0.040409993212171536,0.00514420373884672,-0.00514420373884672
2021-01-09,1848.7876574936,,1883.228515625,5587899,,0,7.5407428785032025,7.5222853829824565,0.018457495520745937,0.018457495520745937,1.862888795898364,Saturday,0,9.515839913820656e-05,0.003917002537443537,0.0038218441383053303,0.0038218441383053303
2021-01-10,1844.7121326717,,1873.0821533203125,7880186,,0,7.535340563372367,7.520078518649164,0.015262044723202806,0.015262044723202806,1.5379104493406366,Sunday,0,-0.0022068643332922022,-0.0054023151308353334,0.003195450797543131,-0.003195450797543131
2021-01-11,1846.8073854025,,1861.58837890625,15527267,,0,7.52918536943865,7.521213689651533,0.007971679787117658,0.007971679787117658,0.8003538225253888,Monday,1,0.0011351710023683736,-0.006155193933716774,0.0072903649360851475,-0.0072903649360851475
2021-01-12,1857.1932520162,,1865.8828125,7046866,,0,7.531489577988251,7.526821622721225,0.004667955267025903,0.004667955267025903,0.4678867142321629,Tuesday,0,0.005607933069692095,0.0023042085496003395,0.0033037245200917553,-0.0033037245200917553
2021-01-13,1846.6732817788,,1857.8455810546875,6013614,,0,7.527172805615672,7.52114107325749,0.006031732358182218,0.006031732358182218,0.604995988522988,Wednesday,0,-0.005680549463734863,-0.004316772372578548,0.0013637770911563152,0.0013637770911563152
2021-01-14,1847.3436083997,,1867.1156005859375,5909831,,0,7.532150059453461,7.521503998846725,0.010646060606736008,0.010646060606736008,1.0702931547945926,Thursday,0,0.00036292558923545215,0.004977253837789242,0.0046143282485537895,0.0046143282485537895
2021-01-15,1827.4539505409,,1835.1561279296875,5826786,,0,7.514884840209717,7.510678993244022,0.004205846965695592,0.004205846965695592,0.42147039527358654,Friday,0,-0.010825005602703719,-0.017265219243744134,0.006440213641040415,-0.006440213641040415
2021-01-16,1827.8862323609,,1844.6737060546875,4373814,,0,7.520057687747386,7.510915513950925,0.00914217379646054,0.00914217379646054,0.9184091108397219,Saturday,0,0.00023652070690349802,0.005172847537668446,0.004936326830764948,0.004936326830764948
2021-01-17,1811.249671711,,1836.578369140625,4143723,,0,7.515659537445154,7.50177231238491,0.013887225060243757,0.013887225060243757,1.3984100494383078,Sunday,0,-0.009143201566015335,-0.004398150302232118,0.004745051263783218,0.004745051263783218
2021-01-18,1837.4714683361,,1852.8516845703125,4579572,,0,7.524481182375139,7.516145703530304,0.008335478844834654,0.008335478844834654,0.8370315675235915,Monday,1,0.014373391145394265,0.008821644929985162,0.0055517462154091035,-0.0055517462154091035
2021-01-19,1840.6780414177,,1849.832275390625,7437325,,0,7.522850252011314,7.517889283493787,0.004960968517527142,0.004960968517527142,0.49732944963446585,Tuesday,0,0.0017435799634828442,-0.0016309303638246675,0.0033745103273075117,-0.0033745103273075117
2021-01-20,1870.0323458997,,1884.7095947265625,8064837,,0,7.541529026860456,7.533711006971603,0.007818019888852668,0.007818019888852668,0.784866040367932,Wednesday,0,0.015821723477816185,0.01867877484914171,0.0028570513713255252,0.0028570513713255252
2021-01-21,1869.5839361484,,1883.8507080078125,11604579,,0,7.5410732099624225,7.533471191054873,0.007602018907549635,0.007602018907549635,0.7630987613642017,Thursday,0,-0.00023981591673027935,-0.00045581689803331216,0.0002160009813030328,-0.0002160009813030328
2021-01-22,1854.6263537346,,1864.253173828125,8444281,,0,7.5306158088916115,7.525438528194314,0.005177280697297171,0.005177280697297171,0.5190705973815104,Friday,0,-0.008032662860558482,-0.010457401070810945,0.002424738210252464,-0.002424738210252464
2021-01-23,1855.6662769767,,1866.4730224609375,3529966,,0,7.5318058447066205,7.525999089515394,0.005806755191226642,0.005806755191226642,0.5823647074000943,Saturday,0,0.0005605613210795113,0.001190035815008983,0.0006294744939294716,0.0006294744939294716
2021-01-24,1857.7864474479,,1859.47021484375,3132995,,0,7.528046895406104,7.527140975980047,0.0009059194260565562,0.0009059194260565562,0.09063298950011715,Sunday,0,0.0011418864646532967,-0.0037589493005167895,0.004900835765170086,-0.004900835765170086
2021-01-25,1855.2691662881,,1860.4906005859375,4530388,,0,7.528595495683583,7.525785067635366,0.002810428048217517,0.002810428048217517,0.28143810034229183,Monday,1,-0.0013559083446814668,0.000548600277479494,0.0019045086221609608,0.0019045086221609608
2021-01-26,1851.2347979808,,1864.59521484375,4071497,,0,7.530799265541457,7.523608153789102,0.007191111752355539,0.007191111752355539,0.7217029885956422,Tuesday,0,-0.0021769138462639503,0.0022037698578740716,0.004380683704138022,0.004380683704138022
2021-01-27,1840.6575970989,,1848.29248046875,4654219,,0,7.522017508330388,7.517878176482197,0.004139331848191041,0.004139331848191041,0.41479107151072325,Wednesday,0,-0.005729977306904388,-0.008781757211068886,0.0030517799041644977,-0.0030517799041644977
2021-01-28,1843.1232423123,,1853.6019287109375,3446108,,0,7.524886013639279,7.519216825923674,0.005669187715604984,0.005669187715604984,0.5685287971026561,Thursday,0,0.001338649441476214,0.002868505308890157,0.0015298558674139429,0.0015298558674139429
2021-01-29,1846.20451742,,1867.6785888671875,7172628,,0,7.532451542350219,7.520887198427719,0.011564343922500164,0.011564343922500164,1.1631469452364187,Friday,0,0.0016703725040452255,0.007565528710940406,0.00589515620689518,0.00589515620689518
2021-01-30,1846.261781458,,1866.6514892578125,3561840,,0,7.531901457267333,7.5209182151159535,0.010983242151379358,0.010983242151379358,1.1043779384151353,Saturday,0,3.1016688234686285e-05,-0.0005500850828861203,0.0005811017711208066,-0.0005811017711208066
2021-01-31,1855.5457623974,,1873.11181640625,4050030,,0,7.5353563997578705,7.525934143304796,0.009422256453074596,0.009422256453074596,0.9466785656719287,Sunday,0,0.0050159281888424445,0.0034549424905376824,0.001560985698304762,-0.001560985698304762
2021-02-01,1858.9224533587,,1866.3408203125,5834433,,0,7.53173501227079,7.527752272681776,0.00398273958901374,0.00398273958901374,0.3990681236001227,Monday,1,0.0018181293769803375,-0.0036213874870805185,0.005439516864060856,-0.005439516864060856
2021-02-02,1837.4336107246,,1852.4371337890625,5050753,,0,7.524257420718057,7.5161251002163745,0.008132320501682777,0.008132320501682777,0.8165477640602137,Tuesday,0,-0.011627172465401792,-0.007477591552732754,0.0041495809126690375,0.0041495809126690375
2021-02-03,1834.3267700055,,1849.3319091796875,4347661,,0,7.522579722676024,7.514432810339909,0.008146912336115086,0.008146912336115086,0.8180188731663356,Wednesday,0,-0.0016922898764653027,-0.0016776980420329934,1.459183443230927e-05,1.459183443230927e-05
2021-02-04,1794.3713144692,,1810.6710205078125,9606509,,0,7.501452785118974,7.492409996937559,0.00904278818141524,0.00904278818141524,0.9083797710751018,Thursday,0,-0.02202281340235057,-0.021126937557050418,0.0008958758453001536,0.0008958758453001536
2021-02-05,1813.0355658509,,1833.0498046875,7237269,,0,7.513736418603965,7.502757827689244,0.01097859091472042,0.01097859091472042,1.1039076791197362,Friday,0,0.01034783075168555,0.01228363348499073,0.0019358027333051808,0.0019358027333051808
2021-02-06,1813.7463838431,,1836.3804931640625,6261750,,0,7.515551789994571,7.503149810450359,0.012401979544212516,0.012401979544212516,1.247920300356644,Saturday,0,0.00039198276111473973,0.0018153713906068347,0.001423388629492095,0.001423388629492095
2021-02-07,1818.1487609316,,1839.489013671875,6566764,,0,7.517243102073542,7.505574098084852,0.011669003988689752,0.011669003988689752,1.1737352409678774,Sunday,0,0.0024242876344935382,0.0016913120789707747,0.0007329755555227635,-0.0007329755555227635
2021-02-08,1830.7526370859,,1848.3377685546875,12013817,,0,7.52204201069221,7.512482438380344,0.009559572311865772,0.009559572311865772,0.9605410972821878,Monday,1,0.0069083402954914774,0.004798908618667497,0.0021094316768239807,-0.0021094316768239807
2021-02-09,1836.0437032971,,1853.6861572265625,13001510,,0,7.524931453062214,7.5153683744358615,0.009563078626352528,0.009563078626352528,0.9608950973106424,Tuesday,0,0.0028859360555175684,0.002889442370004325,3.5063144867564233e-06,3.5063144867564233e-06
2021-02-10,1841.977382151,,1856.9366455078125,11247945,,0,7.526683444189038,7.5185949377773245,0.008088506411713325,0.008088506411713325,0.8121306755321578,Wednesday,0,0.0032265633414629846,0.001751991126823782,0.0014745722146392026,-0.0014745722146392026
2021-02-11,1826.7763703553,,1838.1356201171875,6616416,,0,7.51650708698198,7.5103081462344665,0.006198940747513149,0.006198940747513149,0.6218193943289356,Thursday,0,-0.00828679154285794,-0.010176357207058118,0.0018895656642001768,-0.0018895656642001768
2021-02-12,1824.3536933464,,1844.0841064453125,7842842,,0,7.519738013946955,7.50898106266188,0.010756951285075367,0.010756951285075367,1.0815015296031323,Friday,0,-0.001327083572586929,0.003230926964975289,0.004558010537562218,0.004558010537562218
2021-02-13,1824.8008686052,,1848.615966796875,4969823,,0,7.522192512030678,7.509226146970284,0.012966365060393947,0.012966365060393947,1.3050792884528901,Saturday,0,0.0002450843084043086,0.002454498083722889,0.0022094137753185805,0.0022094137753185805
2021-02-14,1821.3111619055,,1844.083251953125,5280232,,0,7.519737550577425,7.507311939323301,0.012425611254123226,0.012425611254123226,1.2503129901098409,Sunday,0,-0.0019142076469824687,-0.0024549614532531905,0.0005407538062707218,-0.0005407538062707218
2021-02-15,1818.4795685927,,1833.849609375,6633807,,0,7.514172648022812,7.505756029056091,0.008416618966720968,0.008416618966720968,0.8452138285059073,Monday,1,-0.0015559102672106917,-0.005564902554612949,0.004008992287402258,-0.004008992287402258
2021-02-16,1790.5986792386,,1817.9237060546875,6758290,,0,7.505450307990324,7.490305300591496,0.015145007398827737,0.015145007398827737,1.526027419371643,Tuesday,0,-0.015450728464594832,-0.008722340032488063,0.006728388432106769,0.006728388432106769
2021-02-17,1777.9562111184,,1798.0816650390625,9285650,,0,7.49447563393285,7.4832197876031925,0.01125584632965726,0.01125584632965726,1.1319431713114487,Wednesday,0,-0.0070855129883034,-0.010974674057473877,0.003889161069170477,-0.003889161069170477
2021-02-18,1772.9083164948,,1789.232177734375,8183831,,0,7.489541855822626,7.480376593792312,0.009165262030314203,0.009165262030314203,0.9207391655677284,Thursday,0,-0.0028431938108806065,-0.004933778110223663,0.002090584299343057,-0.002090584299343057
2021-02-19,1783.8458949427,,1808.0350341796875,13061557,,0,7.499995918076158,7.486526927650259,0.013468990425899108,0.013468990425899108,1.3560105895674668,Friday,0,0.006150333857947388,0.010454062253532292,0.004303728395584905,0.004303728395584905
2021-02-20,1784.6148355031,,1815.8056640625,11777659,,0,7.504284540253477,7.486957892500588,0.01732664775288839,0.01732664775288839,1.747762482911724,Saturday,0,0.0004309648503291186,0.004288622177318402,0.0038576573269892833,0.0038576573269892833
2021-02-21,1784.6944603084,,1818.6224365234375,7131457,,0,7.505834590466033,7.48700250886679,0.018832081599242656,0.018832081599242656,1.901052363280974,Sunday,0,4.461636620156639e-05,0.0015500502125558313,0.001505433846354265,0.001505433846354265
2021-02-22,1810.2873046708,,1825.998779296875,17271740,,0,7.509882392642574,7.501240843525623,0.00864154911695092,0.00864154911695092,0.8678995088534902,Monday,1,0.01423833465883284,0.004047802176541104,0.010190532482291736,-0.010190532482291736
2021-02-23,1805.3711180401,,1820.9234619140625,39967948,,0,7.507099048044763,7.498521455195437,0.00857759284932591,0.00857759284932591,0.8614485807685862,Tuesday,0,-0.0027193883301857014,-0.0027833445978107108,6.395626762500939e-05,-6.395626762500939e-05
2021-02-24,1803.0871070506,,1813.3675537109375,16446777,,0,7.50294092253558,7.49725553432173,0.005685388213850118,0.005685388213850118,0.5701580705745114,Wednesday,0,-0.0012659208737071381,-0.0041581255091829306,0.0028922046354757924,-0.0028922046354757924
2021-02-25,1770.1618037059,,1769.996337890625,13219162,,0,7.478732756577387,7.478826235912929,-9.347933554160193e-05,9.347933554160193e-05,-0.009347496648529378,Thursday,0,-0.01842929840880103,-0.02420816595819275,0.00577886754939172,-0.00577886754939172
2021-02-26,1733.7924279561,,1749.2469482421875,18150324,,0,7.466940659015187,7.458066443113952,0.00887421590123516,0.00887421590123516,0.8913708490644524,Friday,0,-0.020759792798976662,-0.011792097562199899,0.008967695236776763,0.008967695236776763
2021-02-27,1733.9436815092,,1752.509033203125,8953290,,0,7.468803773362294,7.458153677867937,0.01065009549435647,0.01065009549435647,1.0707009628920632,Saturday,0,8.723475398486613e-05,0.0018631143471061762,0.00177587959312131,0.00177587959312131
2021-02-28,1739.2363013401,,1747.4227294921875,13938363,,0,7.465897255386233,7.4612013885847785,0.004695866801454507,0.004695866801454507,0.47069096624649404,Sunday,0,0.003047710716841401,-0.002906517976060563,0.005954228692901964,-0.005954228692901964
2021-03-01,1724.1868606975,,1728.6929931640625,12140377,,0,7.4551209066805555,7.452510833225677,0.0026100734548784033,0.0026100734548784033,0.261348266204724,Monday,1,-0.00869055535910146,-0.010776348705677563,0.0020857933465761036,-0.0020857933465761036
2021-03-02,1736.9806691207,,1751.1312255859375,10231118,,0,7.4680172727021565,7.459903637290693,0.008113635411463704,0.008113635411463704,0.8146640153687407,Tuesday,0,0.007392804065015746,0.012896366021601047,0.005503561956585301,0.005503561956585301
2021-03-03,1710.180678927,,1721.0286865234375,8561543,,0,7.450677464592922,7.444354304106288,0.006323160486633839,0.006323160486633839,0.6343193868406833,Wednesday,0,-0.015549333184404546,-0.01733980810923441,0.0017904749248298657,-0.0017904749248298657
2021-03-04,1695.5194891972,,1707.1497802734375,10101093,,0,7.442580463686419,7.43574445616032,0.0068360075260986974,0.0068360075260986974,0.6859426358905596,Thursday,0,-0.008609847945968419,-0.00809700090650356,0.0005128470394648588,0.0005128470394648588
2021-03-05,1700.8655288335,,1711.9073486328125,9085441,,0,7.445363436447968,7.4388925350871995,0.006470901360768444,0.006470901360768444,0.6491882875000229,Friday,0,0.003148078926879627,0.002782972761549374,0.0003651061653302534,-0.0003651061653302534
2021-03-06,1700.8682932637,,1716.711181640625,5340897,,0,7.44816563570626,7.43889416039379,0.009271475312469413,0.009271475312469413,0.9314588577887447,Saturday,0,1.6253065906468578e-06,0.0028021992582916155,0.0028005739517009687,0.0028005739517009687
2021-03-07,1707.169257296,,1720.8682861328125,5720145,,0,7.450584259949078,7.442591872709622,0.007992387239456278,0.007992387239456278,0.8024411626595501,Sunday,0,0.003697712315831936,0.002418624242818801,0.0012790880730131349,-0.0012790880730131349
2021-03-08,1683.1827127175,,1704.699462890625,10505927,,0,7.44114410608123,7.428441752004373,0.012702354076856714,0.012702354076856714,1.2783371650951807,Monday,1,-0.014150120705249236,-0.0094401538678488,0.004709966837400437,0.004709966837400437
2021-03-09,1715.4934150666,,1729.2515869140625,9331300,,0,7.455443985169481,7.447456023798919,0.007987961370561791,0.007987961370561791,0.8019950252579917,Tuesday,0,0.01901427179454629,0.014299879088251366,0.004714392706294923,-0.004714392706294923
2021-03-10,1726.6503423863,,1739.76171875,7860414,,0,7.461503439583866,7.453938592324299,0.007564847259566854,0.007564847259566854,0.7593533005402529,Wednesday,0,0.006482568525379762,0.006059454414384824,0.0004231141109949377,-0.0004231141109949377
2021-03-11,1722.7823486069,,1743.667236328125,8448512,,0,7.463745781405636,7.4516959073687605,0.012049874036875075,0.012049874036875075,1.2122766255478028,Thursday,0,-0.0022426849555383654,0.0022423418217698554,0.004485026777308221,0.004485026777308221
2021-03-12,1726.8793664988,,1739.8612060546875,6902335,,0,7.4615606223918105,7.454071224229707,0.007489398162103811,0.007489398162103811,0.7517513850552189,Friday,0,0.002375316860946164,-0.0021851590138251,0.004560475874771264,-0.004560475874771264
2021-03-13,1727.115716753,,1744.158447265625,6262923,,0,7.464027453131982,7.454208080391266,0.009819372740716759,0.009819372740716759,0.9867740966809995,Saturday,0,0.0001368561615588959,0.0024668307401718437,0.0023299745786129478,0.0023299745786129478
2021-03-14,1724.7921625444,,1737.068603515625,5057801,,0,7.459954260864536,7.452861836724995,0.0070924241395413645,0.0070924241395413645,0.7117634946296845,Sunday,0,-0.0013462436662710076,-0.004073192267446402,0.002726948601175394,-0.002726948601175394
2021-03-15,1730.810683107,,1735.020263671875,9638725,,0,7.458774371662541,7.456345180683773,0.0024291909787681476,0.0024291909787681476,0.24321438537220014,Monday,1,0.003483343958778029,-0.0011798892019951879,0.004663233160773217,-0.004663233160773217
2021-03-16,1730.8516699083,,1743.3291015625,9047600,,0,7.463551840985905,7.456368861099204,0.007182979886700913,0.007182979886700913,0.7208839365686991,Tuesday,0,2.368041543121535e-05,0.004777469323363981,0.0047537889079327655,0.0047537889079327655
2021-03-17,1747.1014019619,,1758.459716796875,7549031,,0,7.472193543944444,7.465713351930939,0.006480192013505359,0.006480192013505359,0.650123388500537,Wednesday,0,0.00934449083173483,0.008641702958539277,0.0007027878731955539,-0.0007027878731955539
2021-03-18,1736.0798806892,,1744.9281005859375,7057963,,0,7.464468630685042,7.459384908383563,0.005083722301479021,0.005083722301479021,0.5096666343039927,Thursday,0,-0.006328443547375606,-0.007724913259401944,0.001396469712026338,-0.001396469712026338
2021-03-19,1745.0877851905,,1763.4857177734375,4238867,,0,7.475047650847415,7.464560140070615,0.01048751077679988,0.01048751077679988,1.0542697472912026,Friday,0,0.00517523168705214,0.010579020162372998,0.005403788475320859,0.005403788475320859
2021-03-20,1745.261614716,,1763.453857421875,5625993,,0,7.4750295839932015,7.464659745872629,0.010369838120572794,0.010369838120572794,1.0423791225612566,Saturday,0,9.960580201351377e-05,-1.8066854213572014e-05,0.00011767265622708578,-0.00011767265622708578
2021-03-21,1738.6919820219,,1748.865478515625,7080189,,0,7.466722558690477,7.460888375044362,0.0058341836461144325,0.0058341836461144325,0.5851235640883548,Sunday,0,-0.003771370828266285,-0.008307025302724647,0.0045356544744583616,-0.0045356544744583616
2021-03-22,1739.1247328355,,1748.4454345703125,7045958,,0,7.466482349022094,7.461137238541961,0.005345110480132753,0.005345110480132753,0.5359421069020067,Monday,1,0.00024886349759878357,-0.0002402096683828958,0.0004890731659816794,-0.0004890731659816794
2021-03-23,1727.143757572,,1742.18896484375,7350147,,0,7.46289762732946,7.45422431589367,0.008673311435789977,0.008673311435789977,0.8711033581188677,Tuesday,0,-0.006912922648290909,-0.0035847216926336856,0.0033282009556572234,0.0033282009556572234
2021-03-24,1734.9784707397,,1742.7772216796875,7018677,,0,7.463235224201303,7.458750283508408,0.004484940692894845,0.004484940692894845,0.4495013091812329,Wednesday,0,0.00452596761473778,0.0003375968718426492,0.004188370742895131,-0.004188370742895131
2021-03-25,1727.1762192716,,1732.3409423828125,9962059,,0,7.4572289187009835,7.454243110735965,0.002985807965018239,0.002985807965018239,0.29902699293709223,Thursday,0,-0.004507172772442836,-0.006006305500319442,0.0014991327278766065,-0.0014991327278766065
2021-03-26,1732.5633703586,,1744.706298828125,7197431,,0,7.4643415103436395,7.457357307802683,0.006984202540956552,0.006984202540956552,0.7008648963305585,Friday,0,0.003114197066717672,0.007112591642655985,0.003998394575938313,0.003998394575938313
2021-03-27,1732.8619948707,,1735.28857421875,5628990,,0,7.458929003748584,7.457529652886686,0.0013993508618979078,0.0013993508618979078,0.1400330410172675,Saturday,0,0.00017234508400321147,-0.005412506595055433,0.0055848516790586444,-0.0055848516790586444
2021-03-28,1730.5529116553,,1749.478271484375,10023341,,0,7.4670728918874465,7.456196238542839,0.010876653344607412,0.010876653344607412,1.093601917723081,Sunday,0,-0.0013334143438470392,0.008143888138862465,0.009477302482709504,0.009477302482709504
2021-03-29,1712.1196562236,,1725.2864990234375,8467117,,0,7.453148402065041,7.4454874469132815,0.007660955151759907,0.007660955151759907,0.7690375349629127,Monday,1,-0.010708791629557624,-0.013924489822405128,0.003215698192847505,-0.003215698192847505
2021-03-30,1685.5602803482,,1702.027099609375,8436784,,0,7.439575231221236,7.42985329810947,0.00972193311176639,0.00972193311176639,0.9769344622770386,Tuesday,0,-0.01563414880381142,-0.013573170843804938,0.0020609779600064826,0.0020609779600064826
2021-03-31,1706.9987563734,,1716.32275390625,6966104,,0,7.447939347389089,7.442491994249008,0.005447353140080935,0.005447353140080935,0.5462216945406112,Wednesday,0,0.012638696139537942,0.008364116167852487,0.004274579971685455,-0.004274579971685455
2021-04-01,1730.2496122951,,1742.77294921875,6485905,,0,7.463232772673867,7.456020961647449,0.007211811026417436,0.007211811026417436,0.7237878763075343,Thursday,0,0.013528967398441338,0.01529342528477784,0.0017644578863365012,0.0017644578863365012
2021-04-02,1731.8391149273,,1742.8388671875,6275474,,0,7.463270595571097,7.456939195043021,0.006331400528075903,0.006331400528075903,0.635148621219458,Friday,0,0.0009182333955717326,3.7822897230199715e-05,0.0008804104983415328,-0.0008804104983415328
2021-04-03,1733.3425778271,,1743.1920166015625,5304606,,0,7.463473203882407,7.457806949248975,0.005666254633432288,0.005666254633432288,0.5682338217762811,Saturday,0,0.0008677542059540855,0.0002026083113104704,0.0006651458946436151,-0.0006651458946436151
2021-04-04,1727.6975838149,,1755.4344482421875,7286996,,0,7.470471654120751,7.454544924681698,0.01592672943905349,0.01592672943905349,1.605423581483635,Sunday,0,-0.0032620245672774217,0.0069984502383437786,0.0102604748056212,0.0102604748056212
2021-04-05,1729.3195427565,,1743.8997802734375,6883229,,0,7.46387913737818,7.455483282231706,0.008395855146474673,0.008395855146474673,0.84311991835222,Monday,1,0.0009383575500079289,-0.006592516742570886,0.007530874292578815,-0.007530874292578815
2021-04-06,1743.0551824931,,1759.2025146484375,8277670,,0,7.472615868666791,7.463394704510034,0.009221164156756778,0.009221164156756778,0.9263810071831463,Tuesday,0,0.00791142227832875,0.008736731288610855,0.0008253090102821048,0.0008253090102821048
2021-04-07,1736.7820520808,,1758.21923828125,10833697,,0,7.472056779389549,7.45978928460972,0.012267494779829136,0.012267494779829136,1.2343049132023558,Wednesday,0,-0.0036054199003148213,-0.0005590892772424638,0.0030463306230723575,0.0030463306230723575
2021-04-08,1754.8831398798,,1774.3238525390625,9913094,,0,7.481174701190953,7.470157546719879,0.011017154471073987,0.011017154471073987,1.1078066805402285,Thursday,0,0.010368262110159066,0.009117921801403917,0.001250340308755149,-0.001250340308755149
2021-04-09,1744.0638086114,,1753.650146484375,8987733,,0,7.469454692652069,7.463973191306155,0.005481501345913742,0.005481501345913742,0.5496552262389728,Friday,0,-0.00618435541372353,-0.011720008538883775,0.005535653125160245,-0.005535653125160245
2021-04-10,1744.5461127151,,1756.0677490234375,8090528,,0,7.470832354899244,7.46424969347616,0.0065826614230841685,0.0065826614230841685,0.6604374756483784,Saturday,0,0.0002765021700046333,0.00137766224717506,0.0011011600771704266,0.0011011600771704266
2021-04-11,1742.0388823079,,1760.4385986328125,6301767,,0,7.4733182607547395,7.46281147766157,0.010506783093169325,0.010506783093169325,1.0562173159152521,Sunday,0,-0.001438215814589583,0.0024859058554955737,0.003924121670085157,0.003924121670085157
2021-04-12,1732.5857573754,,1747.0474853515625,9448083,,0,7.465682490847406,7.457370229045593,0.008312261801813214,0.008312261801813214,0.8346904570005168,Monday,1,-0.005441248615976946,-0.0076357699073330565,0.0021945212913561107,-0.0021945212913561107
2021-04-13,1746.2364025958,,1749.9501953125,13315178,,0,7.467342606691143,7.465218123909961,0.0021244827811823797,0.0021244827811823797,0.21267410936912282,Tuesday,0,0.007847894864367433,0.0016601158437365982,0.006187779020630835,-0.006187779020630835
2021-04-14,1736.2561088686,,1753.2598876953125,10518181,,0,7.469232127039111,7.459486412489204,0.009745714549906914,0.009745714549906914,0.9793358675519772,Wednesday,0,-0.005731711420756902,0.0018895203479676326,0.0076212317687245346,0.0076212317687245346
2021-04-15,1763.5979870593,,1772.2669677734375,11694245,,0,7.480014778831452,7.475111312101468,0.004903466729984096,0.004903466729984096,0.4915508396895184,Thursday,0,0.015624899612264542,0.010782651792341724,0.004842247819922818,-0.004842247819922818
2021-04-16,1776.5923945266,,1791.919677734375,13187740,,0,7.4910427698374376,7.4824524234115435,0.008590346425894069,0.008590346425894069,0.8627349331785945,Friday,0,0.007341111310075199,0.011027991005985172,0.0036868796959099726,0.0036868796959099726
2021-04-17,1776.7354263277,,1810.123291015625,8941616,,0,7.501150238523261,7.482532929240664,0.01861730928259675,0.01861730928259675,1.8791691882304464,Saturday,0,8.050582912044746e-05,0.010107468685823129,0.010026962856702681,0.010026962856702681
2021-04-18,1778.1255000978,,1799.0377197265625,26980356,,0,7.4950072007827355,7.483314998564737,0.011692202217998826,0.011692202217998826,1.1760823197019659,Sunday,0,0.000782069324072765,-0.006143037740525159,0.006925107064597924,-0.006925107064597924
2021-04-19,1771.4979299123,,1782.943115234375,23416814,,0,7.486020713391425,7.479580755754068,0.006439957637357274,0.006439957637357274,0.6460738750421054,Monday,1,-0.0037342428106690306,-0.008986487391310582,0.005252244580641552,-0.005252244580641552
2021-04-20,1776.7080710495,,1789.64697265625,24779490,,0,7.48977365740424,7.48251753275091,0.007256124653330254,0.007256124653330254,0.7282514115617797,Tuesday,0,0.0029367769968420276,0.003752944012815007,0.0008161670159729795,0.0008161670159729795
2021-04-21,1794.2466595534,,1815.2261962890625,23147865,,0,7.50396536498835,7.492340524557521,0.011624840430828343,0.011624840430828343,1.1692671475216525,Wednesday,0,0.009822991806611725,0.014191707584109814,0.004368715777498089,0.004368715777498089
2021-04-22,1783.2337127213,,1796.74072265625,33052501,,0,7.49372959293255,7.486183687636162,0.007545905296388433,0.007545905296388433,0.7574447386561393,Thursday,0,-0.006156836921359599,-0.010235772055799508,0.004078935134439909,-0.004078935134439909
2021-04-23,1776.8204487736,,1803.7183837890625,42578384,,0,7.497605581889591,7.482580781278963,0.015024800610627942,0.015024800610627942,1.51382403517632,Friday,0,-0.003602906357198954,0.003875988957040555,0.007478895314239509,0.007478895314239509
2021-04-24,1776.640727712,,1788.9173583984375,17260090,,0,7.489365888142365,7.482479628598336,0.006886259544029549,0.006886259544029549,0.6910024348168408,Saturday,0,-0.00010115268062715899,-0.008239693747225552,0.008138541066598393,-0.008138541066598393
2021-04-25,1775.5997088016,,1782.6090087890625,16472100,,0,7.485833305419437,7.481893508959867,0.003939796459570211,0.003939796459570211,0.39475676599391424,Sunday,0,-0.000586119638469107,-0.0035325827229284457,0.0029464630844593387,-0.0029464630844593387
2021-04-26,1779.9529678165,,1794.0860595703125,25980873,,0,7.49225101224316,7.484342220362048,0.007908791881111377,0.007908791881111377,0.7940148986717254,Monday,1,0.0024487114021818357,0.006417706823723002,0.003968995421541166,0.003968995421541166
2021-04-27,1776.1312221314,,1791.416748046875,15171818,,0,7.490762065135985,7.482192807157902,0.008569257978082945,0.008569257978082945,0.860607917084645,Tuesday,0,-0.002149413204146633,-0.0014889471071750648,0.0006604660969715681,0.0006604660969715681
2021-04-28,1782.6156413829,,1797.7900390625,15677961,,0,7.494313433497907,7.485837026135234,0.0084764073626733,0.0084764073626733,0.85124338232711,Wednesday,0,0.0036442189773318034,0.003551368361922158,9.285061540964534e-05,-9.285061540964534e-05
2021-04-29,1772.551842843,,1786.8973388671875,17171031,,0,7.488236064637991,7.480175506409021,0.008060558228969228,0.008060558228969228,0.809313199053106,Thursday,0,-0.005661519726212205,-0.006077368859916277,0.0004158491337040715,-0.0004158491337040715
2021-04-30,1769.1368703999,,1785.0732421875,18115991,,0,7.487214725409763,7.478247062789085,0.008967662620678496,0.008967662620678496,0.9007992572105297,Friday,0,-0.001928443619936715,-0.001021339228227447,0.000907104391709268,0.000907104391709268
2021-05-01,1769.4104324439,,1790.3265380859375,11435921,,0,7.490153305709352,7.478401681066662,0.01175162464269075,0.01175162464269075,1.1820946264654015,Saturday,0,0.00015461827757690116,0.0029385802995891552,0.002783962022012254,0.002783962022012254
2021-05-02,1769.5200176952,,1784.7379150390625,9950103,,0,7.487026857125053,7.478463612349505,0.008563244775547929,0.008563244775547929,0.8600014236450259,Sunday,0,6.19312828433749e-05,-0.003126448584299446,0.003188379867142821,-0.003188379867142821
2021-05-03,1792.389678262,,1801.700927734375,17213825,,0,7.4964864575431935,7.491305024282374,0.005181433260819546,0.005181433260819546,0.5194880100740003,Monday,1,0.012841411932869029,0.009459600418140646,0.0033818115147283834,-0.0033818115147283834
2021-05-04,1778.814070753,,1785.778564453125,24751457,,0,7.487609769680986,7.483702168855424,0.00390760082556163,0.00390760082556163,0.39152454518065083,Tuesday,0,-0.00760285542695005,-0.008876687862207966,0.0012738324352579156,-0.0012738324352579156
2021-05-05,1785.8511424242,,1799.232421875,15971834,,0,7.495115420644483,7.487650411055955,0.0074650095885280265,0.0074650095885280265,0.7492942235171798,Wednesday,0,0.003948242200531027,0.007505650963497423,0.0035574087629663964,0.0035574087629663964
2021-05-06,1814.9698105782,,1839.22705078125,18824123,,0,7.517100681247102,7.503824113270369,0.013276567976733489,0.013276567976733489,1.3365092940759362,Thursday,0,0.016173702214413943,0.021985260602619405,0.005811558388205462,0.005811558388205462
2021-05-07,1831.1377394774,,1856.898681640625,20259493,,0,7.5266629996276375,7.512692768211834,0.013970231415803447,0.013970231415803447,1.406827111245993,Friday,0,0.00886865494146516,0.009562318380535118,0.0006936634390699581,0.0006936634390699581
2021-05-08,1831.4682881266,,1863.4766845703125,19156529,,0,7.530199207207188,7.512873267368777,0.01732593983841113,0.01732593983841113,1.747690454223132,Saturday,0,0.00018049915694273722,0.003536207579550421,0.003355708422607684,0.003355708422607684
2021-05-09,1837.4077850968,,1891.490234375,26219233,,0,7.545120281159941,7.51611104484635,0.029009236313591202,0.029009236313591202,2.9434102607413783,Sunday,0,0.003237777477573367,0.014921073952753439,0.011683296475180072,0.011683296475180072
2021-05-10,1835.3804587896,,1879.342041015625,32078981,,0,7.53867701638416,7.515007073488091,0.02366994289606872,0.02366994289606872,2.3952299380487516,Monday,1,-0.001103971358259237,-0.006443264775781721,0.005339293417522484,-0.005339293417522484
2021-05-11,1835.8015134945,,1861.7752685546875,35574347,,0,7.529285756973304,7.515236457217868,0.01404929975543645,0.01404929975543645,1.4148454976892142,Tuesday,0,0.0002293837297768775,-0.00939125941085539,0.009620643140632268,-0.009620643140632268
2021-05-12,1817.0908449613,,1829.0098876953125,26055272,,0,7.51153005444258,7.504992064373264,0.006537990069316102,0.006537990069316102,0.655940938069407,Wednesday,0,-0.0102443928446041,-0.01775570253072445,0.007511309686120349,-0.007511309686120349
2021-05-13,1825.5790338338,,1862.1878662109375,38944215,,0,7.529507347597597,7.509652494507354,0.019854853090242486,0.019854853090242486,2.005327170101057,Thursday,0,0.004660430134090454,0.017977293155016838,0.013316863020926384,0.013316863020926384
2021-05-14,1843.7006775105,,1869.8251953125,24598959,,0,7.533600227036737,7.519530068549565,0.01407015848717208,0.01407015848717208,1.4169609048077771,Friday,0,0.009877574042210568,0.004092879439140162,0.005784694603070406,-0.005784694603070406
2021-05-15,1844.4569457637,,1882.572021484375,31037773,,0,7.540394217366849,7.519940174809139,0.020454042557710217,0.020454042557710217,2.066466002810019,Saturday,0,0.0004101062595740501,0.006793990330112187,0.006383884070538137,0.006383884070538137
2021-05-16,1847.7798924592,,1948.3424072265625,45338103,,0,7.574734242486357,7.521740139295848,0.05299410319050857,0.05299410319050857,5.442342736694919,Sunday,0,0.0017999644867092712,0.03434002511950762,0.03254006063279835,0.03254006063279835
2021-05-17,1868.1140797369,,1894.629150390625,73733116,,0,7.54677839936267,7.532684687447025,0.014093711915644569,0.014093711915644569,1.419349650073792,Monday,1,0.01094454815117718,-0.02795584312368682,0.038900391274864,-0.038900391274864
2021-05-18,1869.1951379192,,1878.7864990234375,45186298,,0,7.538381368169728,7.5332632096668855,0.005118158502842363,0.005118158502842363,0.5131278650186618,Tuesday,0,0.0005785222198602114,-0.008397031192941995,0.008975553412802206,-0.008975553412802206
2021-05-19,1866.9460500175,,1874.39794921875,96994899,,0,7.536042793092875,7.532059246507978,0.003983546584897191,0.003983546584897191,0.399149145267486,Wednesday,0,-0.0012039631589075839,-0.002338575076852756,0.001134611917945172,-0.001134611917945172
2021-05-20,1874.469226333,,1888.3106689453125,60082682,,0,7.543437882398215,7.536080819040939,0.007357063357275706,0.007357063357275706,0.7384193038682361,Thursday,0,0.004021572532961315,0.00739508930533983,0.0033735167723785153,0.0033735167723785153
2021-05-21,1880.6536832543,,1904.6207275390625,53229162,,0,7.552038174583781,7.539374699247687,0.01266347533609391,0.01266347533609391,1.2743996674225402,Friday,0,0.0032938802067477013,0.008600292185565905,0.005306411978818204,0.005306411978818204
2021-05-22,1880.8305747818,,1905.8787841796875,32829139,,0,7.5526984852241394,7.539468753357977,0.013229731866162275,0.013229731866162275,1.3317631972669048,Saturday,0,9.405411029028699e-05,0.0006603106403586523,0.0005662565300683653,0.0005662565300683653
2021-05-23,1883.4342540188,,1895.643310546875,52428144,,0,7.547313537768103,7.54085212024136,0.006461417526742785,0.006461417526742785,0.6482337518298732,Sunday,0,0.0013833668833829194,-0.005384947456036571,0.00676831433941949,-0.00676831433941949
2021-05-24,1878.2489868488,,1882.6553955078125,43839698,,0,7.540438503681707,7.538095231836799,0.0023432718449081236,0.0023432718449081236,0.2346019452088293,Monday,1,-0.0027568884045612307,-0.0068750340863958925,0.004118145681834662,-0.004118145681834662
2021-05-25,1898.3620182442,,1903.5389404296875,40764568,,0,7.551470032891838,7.548746697675409,0.002723335216428424,0.002723335216428424,0.27270468623659067,Tuesday,0,0.010651465838610541,0.011031529210130842,0.00038006337152030056,0.00038006337152030056
2021-05-26,1896.6529124395,,1905.4195556640625,25872258,,0,7.552457502505444,7.547845986636605,0.0046115158688389,0.0046115158688389,0.46221652718139206,Wednesday,0,-0.0009007110388044026,0.0009874696136060734,0.001888180652410476,0.001888180652410476
2021-05-27,1897.2045176387,,1903.9447021484375,24216632,,0,7.551683171940289,7.548136775214328,0.003546396725961465,0.003546396725961465,0.35526926312227103,Thursday,0,0.0002907885777228003,-0.000774330565154635,0.0010651191428774354,-0.0010651191428774354
2021-05-28,1904.3707321806,,1919.7454833984375,37570577,,0,7.559947895504896,7.551906908677062,0.00804098682783394,0.00804098682783394,0.8073402388532087,Friday,0,0.0037701334627344707,0.008264723564606946,0.004494590101872475,0.004494590101872475
2021-05-29,1904.5261062916,,1933.5107421875,30581331,,0,7.567092666856847,7.5519884935126065,0.015104173344240301,0.015104173344240301,1.5218817846680779,Saturday,0,8.158483554421281e-05,0.007144771351950574,0.007063186516406361,0.007063186516406361
2021-05-30,1904.453564661,,1914.8497314453125,24268127,,0,7.557394429316719,7.551950403715928,0.005444025600790603,0.005444025600790603,0.5458871235940628,Sunday,0,-3.808979667851986e-05,-0.009698237540128218,0.009660147743449699,-0.009660147743449699
2021-05-31,1907.6325656604,,1919.001953125,27297111,,0,7.559560513789881,7.553618257813475,0.005942255976406408,0.005942255976406408,0.5959946202042398,Monday,1,0.0016678540975467726,0.0021660844731625772,0.0004982303756158046,0.0004982303756158046
2021-06-01,1898.874593995,,1909.9725341796875,26446590,,0,7.554844140926647,7.549016670714361,0.005827470212286023,0.005827470212286023,0.5844482947838514,Tuesday,0,-0.004601587099113402,-0.0047163728632337865,0.00011478576412038421,-0.00011478576412038421
2021-06-02,1908.0760234945,,1912.6763916015625,18989818,,0,7.5562587923504605,7.553850695813251,0.0024080965372093033,0.0024080965372093033,0.24109983304738503,Wednesday,0,0.00483402509888986,0.0014146514238131402,0.00341937367507672,-0.00341937367507672
2021-06-03,1871.4484511658,,1878.759765625,22907718,,0,7.538367138991133,7.534467982837859,0.003899156153273964,0.003899156153273964,0.3906767752350078,Thursday,0,-0.019382712975391847,-0.017891653359327186,0.0014910596160646605,0.0014910596160646605
2021-06-04,1890.5272218706,,1904.272705078125,21525936,,0,7.5518554325522365,7.544611022524118,0.007244410028118153,0.007244410028118153,0.7270714247597246,Friday,0,0.010143039686258959,0.013488293561103148,0.0033452538748441896,0.0033452538748441896
2021-06-05,1890.8059560388,,1901.0975341796875,20700245,,0,7.550186647947498,7.544758448924063,0.005428199023435276,0.005428199023435276,0.544295838926171,Saturday,0,0.00014742639994480555,-0.0016687846047380717,0.0018162110046828772,-0.0018162110046828772
2021-06-06,1889.9125915426,,1900.193115234375,15046194,,0,7.5497107995866175,7.544285859123165,0.005424940463452543,0.005424940463452543,0.5439682098410559,Sunday,0,-0.00047258980089814884,-0.00047584836088088167,3.2585599827328338e-06,-3.2585599827328338e-06
2021-06-07,1898.5010799121,,1899.59228515625,22704431,,0,7.5493945553676305,7.548819948495556,0.0005746068720746678,0.0005746068720746678,0.057477199022739296,Monday,1,0.004534089372390859,-0.00031624421898701627,0.0048503335913778756,-0.0048503335913778756
2021-06-08,1893.410752612,,1895.1422119140625,34528238,,0,7.547049160565667,7.54613511267518,0.0009140478904869909,0.0009140478904869909,0.09144657595685558,Tuesday,0,-0.0026848358203759304,-0.0023453948019636073,0.0003394410184123231,0.0003394410184123231
2021-06-09,1889.1481449623,,1894.1195068359375,26706944,,0,7.546509369345706,7.543881289499108,0.002628079846598297,0.002628079846598297,0.2631536275698877,Wednesday,0,-0.002253823176071812,-0.0005397912199605059,0.001714031956111306,0.001714031956111306
2021-06-10,1898.0227339412,,1900.44873046875,25523982,,0,7.54984531120078,7.548567956938603,0.0012773542621768996,0.0012773542621768996,0.12781704266062946,Thursday,0,0.004686667439495196,0.0033359418550737985,0.0013507255844213972,-0.0013507255844213972
2021-06-11,1876.5631159581,,1886.4014892578125,20562770,,0,7.542426319253646,7.537197252945805,0.005229066307840924,0.005229066307840924,0.5242761736095053,Friday,0,-0.011370703992798603,-0.007418991947134579,0.003951712045664024,0.003951712045664024
2021-06-12,1876.5246762995,,1891.8931884765625,17048410,,0,7.5453332937246484,7.537176768661541,0.008156525063107267,0.008156525063107267,0.8189880139156568,Saturday,0,-2.0484284263488917e-05,0.0029069744710028544,0.0029274587552663434,0.0029274587552663434
2021-06-13,1873.1502641142,,1880.472900390625,18642564,,0,7.5392785669533895,7.535376925661891,0.003901641291498059,0.003901641291498059,0.39092626025322774,Sunday,0,-0.0017998429996497478,-0.006054726771258956,0.004254883771609208,-0.004254883771609208
2021-06-14,1866.1275936529,,1907.740234375,19656628,,0,7.553674697233826,7.531620757233007,0.02205394000081906,0.02205394000081906,2.229892578815804,Monday,1,-0.0037561684288842656,0.014396130280436736,0.018152298709321002,0.018152298709321002
2021-06-15,1858.7357276716,,1884.215576171875,18008067,,0,7.541266873309978,7.527651819289795,0.013615054020183592,0.013615054020183592,1.3708160940228493,Tuesday,0,-0.003968937943212403,-0.012407823923847872,0.008438885980635469,-0.008438885980635469
2021-06-16,1816.331533377,,1824.7933349609375,18068250,,0,7.509222018487038,7.504574104931014,0.004647913556024008,0.004647913556024008,0.4658731860589927,Wednesday,0,-0.02307771435878081,-0.032044854822940394,0.008967140464159584,-0.008967140464159584
2021-06-17,1775.4151821462,,1792.1243896484375,21630085,,0,7.491157004992161,7.481789579992384,0.00936742499977683,0.00936742499977683,0.9411436643252413,Thursday,0,-0.022784524938630035,-0.018065013494877213,0.004719511443752822,0.004719511443752822
2021-06-18,1763.8077862831,,1777.2474365234375,22084437,,0,7.482821062424778,7.475230265937533,0.007590796487244589,0.007590796487244589,0.7619679618638605,Friday,0,-0.006559314054850773,-0.008335942567383015,0.0017766285125322412,-0.0017766285125322412
2021-06-19,1764.0417725092,,1774.2197265625,10930045,,0,7.4811160145921995,7.475362916847128,0.005753097745071933,0.005753097745071933,0.5769678593734631,Saturday,0,0.00013265090959446724,-0.0017050478325781881,0.0018376987421726554,-0.0018376987421726554
2021-06-20,1769.6139587149,,1780.1142578125,16086855,,0,7.484432831008358,7.4785166993591226,0.005916131649235545,0.005916131649235545,0.5933666518558273,Sunday,0,0.0031537825119949403,0.0033168164161585523,0.00016303390416361196,0.00016303390416361196
2021-06-21,1782.9880358127,,1785.3472900390625,35413443,,0,7.487368235535323,7.48604590769632,0.0013223278390031012,0.0013223278390031012,0.13232024999467495,Monday,1,0.0075292083371971685,0.0029354045269647244,0.004593803810232444,-0.004593803810232444
2021-06-22,1777.6117186737,,1781.7249755859375,32025992,,0,7.485337261431905,7.483026011276833,0.002311250155071498,0.002311250155071498,0.23139231526368192,Tuesday,0,-0.003019896419486301,-0.002030974103417904,0.0009889223160683969,0.0009889223160683969
2021-06-23,1777.4525975098,,1791.8291015625,19207935,,0,7.490992221555472,7.482936493254174,0.008055728301298082,0.008055728301298082,0.8088262985376629,Wednesday,0,-8.951802265944053e-05,0.005654960123567143,0.005744478146226584,0.005744478146226584
2021-06-24,1775.5867968211,,1777.6278076171875,13068262,,0,7.4830350621120125,7.481886237035129,0.0011488250768838526,0.0011488250768838526,0.11494852291882025,Thursday,0,-0.001050256219045309,-0.007957159443459538,0.006906903224414229,-0.006906903224414229
2021-06-25,1781.3875671668,,1778.208984375,19928345,,0,7.483361948185241,7.4851478717249575,-0.0017859235397166273,0.0017859235397166273,-0.1784329727222312,Friday,0,0.003261634689828874,0.000326886073228394,0.00293474861660048,-0.00293474861660048
2021-06-26,1781.9118131844,,1782.424072265625,14082034,,0,7.485729555176789,7.485442119255364,0.0002874359214253275,0.0002874359214253275,0.028747723508806448,Saturday,0,0.0002942475304061887,0.0023676069915481435,0.002073359461141955,0.002073359461141955
2021-06-27,1782.2929198414,,1791.3978271484375,15499254,,0,7.490751503105469,7.485655971537709,0.005095531567759437,0.005095531567759437,0.5108535867296048,Sunday,0,0.00021385228234560572,0.005021947928679715,0.00480809564633411,0.00480809564633411
2021-06-28,1778.5847604358,,1785.6807861328125,17608311,,0,7.487555014293488,7.483573248636804,0.0039817656566834,0.0039817656566834,0.3989703417493441,Monday,1,-0.002082722900905054,-0.003196488811981091,0.0011137659110760367,-0.0011137659110760367
2021-06-29,1760.9145808004,,1767.57275390625,19571278,,0,7.477362558963906,7.473588601243883,0.003773957720023091,0.003773957720023091,0.37810880655117296,Tuesday,0,-0.009984647392921708,-0.010192455329582017,0.00020780793666030917,-0.00020780793666030917
2021-06-30,1768.2790518701,,1777.649658203125,21325455,,0,7.4830473540279865,7.477762065511148,0.0052852885168386265,0.0052852885168386265,0.5299280293523184,Wednesday,0,0.004173464267265281,0.0056847950640808165,0.0015113307968155354,0.0015113307968155354
2021-07-01,1776.1853649202,,1777.287353515625,14674335,,0,7.482843522180863,7.482223290245475,0.0006202319353878494,0.0006202319353878494,0.06204243189867953,Thursday,0,0.004461224734327196,-0.00020383184712358116,0.004665056581450777,-0.004665056581450777
2021-07-02,1787.7437910165,,1792.817138671875,13968927,,0,7.491543482164292,7.488709651851016,0.002833830313275776,0.002833830313275776,0.28378494059769044,Friday,0,0.006486361605540836,0.008699959983428762,0.0022135983778879265,0.0022135983778879265
2021-07-03,1788.2209883497,,1793.237060546875,10445867,,0,7.491777679336778,7.488976543370074,0.002801135966703505,0.002801135966703505,0.28050628137432443,Saturday,0,0.0002668915190584542,0.00023419717248618355,3.269434657227066e-05,-3.269434657227066e-05
2021-07-04,1786.0810702198,,1794.2821044921875,13963898,,0,7.49236027913725,7.487779152466614,0.0045811266706357046,0.0045811266706357046,0.45916360735955947,Sunday,0,-0.0011973909034601604,0.000582599800472039,0.0017799907039321994,0.0017799907039321994
2021-07-05,1791.7223518691,,1793.3770751953125,20907657,,0,7.4918557555631065,7.4909326439577635,0.0009231116053429744,0.0009231116053429744,0.09235378039941564,Monday,1,0.003153491491149296,-0.000504523574143434,0.00365801506529273,-0.00365801506529273
2021-07-06,1795.7728677123,,1800.3873291015625,20335183,,0,7.495757103569952,7.493190775225661,0.0025663283442911577,0.0025663283442911577,0.2569624183675866,Tuesday,0,0.002258131267897312,0.0039013480068454953,0.0016432167389481833,0.0016432167389481833
2021-07-07,1803.9724043724,,1806.795166015625,12614683,,0,7.499309928337212,7.497746403594483,0.0015635247427283616,0.0015635247427283616,0.1564747684822295,Wednesday,0,0.004555628368822617,0.003552824767259821,0.0010028036015627961,-0.0010028036015627961
2021-07-08,1803.7972532522,,1812.3878173828125,26533149,,0,7.5024004909555675,7.497649306974156,0.004751183981411167,0.004751183981411167,0.47624887526155313,Thursday,0,-9.709662032708621e-05,0.003090562618355719,0.003187659238682805,0.003187659238682805
2021-07-09,1808.2817893316,,1815.319091796875,11059538,,0,7.504016539399057,7.500132385738887,0.003884153660170142,0.003884153660170142,0.38917067609668016,Friday,0,0.0024830787647305286,0.001616048443489504,0.0008670303212410246,-0.0008670303212410246
2021-07-10,1808.4327217817,,1810.311279296875,8652303,,0,7.50125408698552,7.500215849584166,0.001038237401354003,0.001038237401354003,0.10387765563787749,Saturday,0,8.34638452795744e-05,-0.0027624524135365647,0.002845916258816139,-0.002845916258816139
2021-07-11,1805.7712448987,,1812.1490478515625,7776836,,0,7.502268739208807,7.498743062000166,0.0035256772086409427,0.0035256772086409427,0.3531899719236225,Sunday,0,-0.001472787584000379,0.0010146522232865607,0.0024874398072869397,0.0024874398072869397
2021-07-12,1807.1446169164,,1809.2647705078125,11005269,,0,7.500675837597291,7.49950331888761,0.0011725187096809364,0.0011725187096809364,0.11732063784857003,Monday,1,0.0007602568874442994,-0.0015929016115157069,0.0023531584989600063,-0.0023531584989600063
2021-07-13,1806.1949864536,,1811.8848876953125,10266482,,0,7.502122956822982,7.498977694070182,0.0031452627527999155,0.0031452627527999155,0.31502142816177475,Tuesday,0,-0.0005256248174285716,0.0014471192256904075,0.001972744043118979,0.001972744043118979
2021-07-14,1826.1316821181,,1832.211669921875,21948654,,0,7.5132790789101715,7.5099551736249,0.0033239052852716,0.0033239052852716,0.3329435584143108,Wednesday,0,0.010977479554718172,0.011156122087189857,0.0001786425324716845,0.0001786425324716845
2021-07-15,1828.9882944063,,1833.6982421875,17440494,,0,7.514090103939564,7.5115182483738305,0.002571855565733472,0.002571855565733472,0.257516562331469,Thursday,0,0.0015630747489305818,0.0008110250293924537,0.0007520497195381282,-0.0007520497195381282
2021-07-16,1811.6109877791,,1813.020263671875,18080759,,0,7.502749387566011,7.50197177689832,0.0007776106676908867,0.0007776106676908867,0.0777913085249418,Friday,0,-0.009546471475510465,-0.01134071637355305,0.0017942448980425851,-0.0017942448980425851
2021-07-17,1811.9716970021,,1814.796630859375,9593800,,0,7.503728691307688,7.50217086672492,0.001557824582768319,0.001557824582768319,0.15590386218222224,Saturday,0,0.00019908982659977426,0.0009793037416772066,0.0007802139150774323,0.0007802139150774323
2021-07-18,1815.4091932322,,1819.1197509765625,9632180,,0,7.506108009763272,7.504066172105374,0.0020418376578978936,0.0020418376578978936,0.20439236279045356,Sunday,0,0.0018953053804544595,0.002379318455584034,0.0004840130751295746,0.0004840130751295746
2021-07-19,1811.7779234282,,1818.741455078125,15034145,,0,7.505900032669934,7.502063920277521,0.0038361123924133267,0.0038361123924133267,0.38434796891380596,Monday,1,-0.0020022518278537405,-0.00020797709333830738,0.001794274734515433,0.001794274734515433
2021-07-20,1809.3795609127,,1810.37890625,27358287,,0,7.501291442820826,7.5007392814698655,0.0005521613509609224,0.0005521613509609224,0.055231382010075956,Tuesday,0,-0.0013246388076550986,-0.004608589849107503,0.0032839510414524042,-0.0032839510414524042
2021-07-21,1802.6414566333,,1807.655517578125,19000267,,0,7.499785990485551,7.497008344101114,0.0027776463844366717,0.0027776463844366717,0.27815076183754295,Wednesday,0,-0.003730937368751519,-0.0015054523352757698,0.0022254850334757492,0.0022254850334757492
2021-07-22,1807.4375477953,,1807.7908935546875,11692362,,0,7.499860878043673,7.499665401732151,0.0001954763115223912,0.0001954763115223912,0.01954954182613958,Thursday,0,0.002657057631036963,7.488755812268266e-05,0.0025821700729142805,-0.0025821700729142805
2021-07-23,1801.8101529298,,1812.4478759765625,15115734,,0,7.502433628233412,7.496547079083138,0.005886549150273979,0.005886549150273979,0.5903908927067111,Friday,0,-0.0031183226490130167,0.0025727501897385707,0.005691072838751587,0.005691072838751587
2021-07-24,1802.0453214398,,1814.7191162109375,10061345,,0,7.503685977814291,7.4966775884845305,0.007008389329760334,0.007008389329760334,0.703300556337356,Saturday,0,0.0001305094013925867,0.001252349580878942,0.0011218401794863553,0.0011218401794863553
2021-07-25,1801.0878570657,,1811.1083984375,8678456,,0,7.501694311662267,7.496146126365757,0.0055481852965098,0.0055481852965098,0.556360498045066,Sunday,0,-0.000531462118773085,-0.001991666152023619,0.001460204033250534,-0.001460204033250534
2021-07-26,1797.8487201889,,1803.3233642578125,24422593,,0,7.4973865550191405,7.494346073665807,0.0030404813533335684,0.0030404813533335684,0.304510830496201,Monday,1,-0.0018000526999504274,-0.004307756643126659,0.0025077039431762316,-0.0025077039431762316
2021-07-27,1799.1142714345,,1809.428955078125,14063984,,0,7.500766580049058,7.495049751352104,0.005716828696954224,0.005716828696954224,0.5733200946374921,Tuesday,0,0.0007036776862969774,0.0033800250299176327,0.0026763473436206553,0.0026763473436206553
2021-07-28,1808.231154173,,1812.7509765625,14013330,,0,7.5026008469703545,7.500104383539313,0.0024964634310418177,0.0024964634310418177,0.2499582190622694,Wednesday,0,0.005054632187208696,0.0018342669212962903,0.003220365265912406,-0.003220365265912406
2021-07-29,1829.8826212573,,1835.00390625,11824313,,0,7.514801889232999,7.512007102388866,0.0027947868441327017,0.0027947868441327017,0.2798695901697406,Thursday,0,0.011902718849553295,0.01220104226264418,0.00029832341309088406,0.00029832341309088406
2021-07-30,1814.0314088658,,1824.8564453125,14742489,,0,7.509256602819984,7.503306945225185,0.0059496575947992625,0.0059496575947992625,0.5967391961238595,Friday,0,-0.008700157163681332,-0.005545286413014772,0.0031548707506665608,0.0031548707506665608
2021-07-31,1814.2564270034,,1820.9815673828125,9457171,,0,7.507130957426412,7.503430980664525,0.003699976761886603,0.003699976761886603,0.3706830125728389,Saturday,0,0.0001240354393408083,-0.002125645393571851,0.0022496808329126594,-0.0022496808329126594
2021-08-01,1814.3387188954,,1815.2591552734375,10774263,,0,7.503983521780725,7.5034763381038125,0.0005071836769126037,0.0005071836769126037,0.05073123163010436,Sunday,0,4.535743928713032e-05,-0.003147435645686869,0.0031927930849739994,-0.0031927930849739994
2021-08-02,1812.5411069612,,1819.3931884765625,11047506,,0,7.506258311551428,7.502485066174381,0.003773245377047374,0.003773245377047374,0.37803730293600013,Monday,1,-0.000991271929431825,0.002274789770702945,0.0032660617001347703,0.0032660617001347703
2021-08-03,1810.9112805752,,1813.1934814453125,10057284,,0,7.502844924004702,7.501585467492459,0.0012594565122423518,0.0012594565122423518,0.1260249960664915,Tuesday,0,-0.0008995986819213542,-0.0034133875467263763,0.002513788864805022,-0.002513788864805022
2021-08-04,1811.5858266096,,1817.7257080078125,12455166,,0,7.505341387671272,7.501957887964989,0.003383499706282933,0.003383499706282933,0.3389230202635987,Wednesday,0,0.0003724204725292779,0.002496463666569859,0.0021240431940405813,0.0021240431940405813
2021-08-05,1804.2077240977,,1808.2391357421875,13105198,,0,7.500108797549963,7.4978768403893525,0.0022319571606104205,0.0022319571606104205,0.22344498311598673,Thursday,0,-0.004081047575636099,-0.005232590121308611,0.0011515425456725126,-0.0011515425456725126
2021-08-06,1763.3525308686,,1772.1566162109375,21822746,,0,7.47995251112562,7.474972123196012,0.004980387929608199,0.004980387929608199,0.49928106763771585,Friday,0,-0.02290471719334075,-0.020156286424342973,0.0027484307689977783,0.0027484307689977783
2021-08-07,1763.6839831039,,1775.0244140625,15541195,,0,7.4815694562163335,7.475160072617551,0.006409383598782625,0.006409383598782625,0.6429967651371497,Saturday,0,0.000187949421539102,0.0016169450907135285,0.0014289956691744266,0.0014289956691744266
2021-08-08,1718.6117054643,,1730.06982421875,22051026,,0,7.455917047497436,7.449272095902303,0.0066449515951330085,0.0066449515951330085,0.6667078269058132,Sunday,0,-0.02588797671524823,-0.025652408718897846,0.00023556799635038317,0.00023556799635038317
2021-08-09,1731.3758836624,,1742.0550537109375,20547946,,0,7.462820760650683,7.4566716798769965,0.006149080773686144,0.006149080773686144,0.6168025181191618,Monday,1,0.0073995839746938685,0.006903713153247004,0.0004958708214468643,-0.0004958708214468643
2021-08-10,1727.7564157631,,1738.4884033203125,13446728,,0,7.460771280916789,7.454578976327712,0.006192304589077047,0.006192304589077047,0.6211516542088774,Tuesday,0,-0.0020927035492848134,-0.002049479733893911,4.322381539090259e-05,4.322381539090259e-05
2021-08-11,1751.7442687342,,1757.62353515625,13931435,,0,7.471717911488401,7.468367295508,0.003350615980401095,0.003350615980401095,0.33562355687330697,Wednesday,0,0.013788319180288333,0.010946630571612381,0.002841688608675952,-0.002841688608675952
2021-08-12,1753.4592359478,,1759.498046875,17383332,,0,7.472783846715556,7.469345822060396,0.0034380246551597438,0.0034380246551597438,0.3443941440666516,Thursday,0,0.000978526552396275,0.0010659352271549238,8.740867475864889e-05,8.740867475864889e-05
2021-08-13,1779.279558821,,1784.1436767578125,14862079,,0,7.486693846196303,7.483963819120491,0.00273002707581238,0.00273002707581238,0.2733756993215664,Friday,0,0.014617997060094368,0.013909999480747004,0.0007079975793473636,-0.0007079975793473636
2021-08-14,1779.3436001459,,1777.249755859375,8840025,,0,7.4828223674397,7.483999811313002,-0.0011774438733027637,0.0011774438733027637,-0.11767509582484457,Saturday,0,3.599219251171348e-05,-0.0038714787566034303,0.003907470949115144,-0.003907470949115144
2021-08-15,1779.1061770566,,1780.3812255859375,12703578,,0,7.484582792032144,7.483866369446731,0.0007164225854134898,0.0007164225854134898,0.07166792773700308,Sunday,0,-0.0001334418662715109,0.0017604245924447426,0.0018938664587162535,0.0018938664587162535
2021-08-16,1787.9146095167,,1792.1439208984375,12588765,,0,7.49116790331132,7.488805197052036,0.002362706259283698,0.002362706259283698,0.23654996492705735,Monday,1,0.004938827605305285,0.006585111279175493,0.001646283673870208,0.001646283673870208
2021-08-17,1785.9648061118,,1786.0380859375,15933727,,0,7.487755085922122,7.487714055817766,4.1030104355854746e-05,4.1030104355854746e-05,0.004103094610217564,Tuesday,0,-0.001091141234270232,-0.003412817389198075,0.002321676154927843,-0.002321676154927843
2021-08-18,1788.0212660805,,1790.8045654296875,16122870,,0,7.490420275743552,7.488864849443769,0.0015554262997827806,0.0015554262997827806,0.15566366027003192,Wednesday,0,0.0011507936260031215,0.0026651898214300473,0.0015143961954269258,0.0015143961954269258
2021-08-19,1779.5269730719,,1781.8507080078125,12609841,,0,7.4854078267478075,7.484102862504323,0.0013049642434843634,0.0013049642434843634,0.13058160798209548,Thursday,0,-0.004761986939445961,-0.0050124489957443785,0.0002504620562984172,-0.0002504620562984172
2021-08-20,1781.7220584206,,1785.8162841796875,12017527,,0,7.487630891744468,7.4853356241602915,0.002295267584176308,0.002295267584176308,0.2297903727316948,Friday,0,0.0012327616559684174,0.002223064996660362,0.0009903033406919448,0.0009903033406919448
2021-08-21,1782.1499857428,,1787.724609375,8599703,,0,7.488698922268566,7.485575771572406,0.003123150696159982,0.003123150696159982,0.3128032812500049,Saturday,0,0.000240147412114311,0.0010680305240979848,0.0008278831119836738,0.0008278831119836738
2021-08-22,1779.0587000418,,1783.3052978515625,7573547,,0,7.48622383026747,7.483839683210178,0.002384147057291841,0.002384147057291841,0.23869913958784822,Sunday,0,-0.0017360883622279388,-0.0024750920010960797,0.0007390036388681409,-0.0007390036388681409
2021-08-23,1805.0476303035,,1807.3992919921875,12451816,,0,7.499644235740539,7.498342258398603,0.0013019773419360448,0.0013019773419360448,0.1302825282395508,Monday,1,0.014502575188425126,0.01342040547306933,0.0010821697153557963,-0.0010821697153557963
2021-08-24,1802.1237374398,,1803.46142578125,9233163,,0,7.4974631115821415,7.496721102536581,0.0007420090455605433,0.0007420090455605433,0.07422844023743186,Tuesday,0,-0.00162115586202205,-0.0021811241583975516,0.0005599682963755015,-0.0005599682963755015
2021-08-25,1791.4971207072,,1797.6529541015625,10154869,,0,7.494237178660177,7.490806929547066,0.0034302491131112944,0.0034302491131112944,0.3436139150439913,Wednesday,0,-0.00591417298951491,-0.0032259329219641586,0.002688240067550751,0.002688240067550751
2021-08-26,1792.631441312,,1800.8267822265625,15463173,,0,7.496001161886729,7.491439898271845,0.004561263614883515,0.004561263614883515,0.4571682012095217,Thursday,0,0.0006329687247790261,0.0017639832265512467,0.0011310145017722206,0.0011310145017722206
2021-08-27,1817.5891644992,,1821.8453369140625,16014339,,0,7.507605187781095,7.505266267075964,0.002338920705131642,0.002338920705131642,0.2341658113941925,Friday,0,0.013826368804118694,0.01160402589436682,0.002222342909751873,-0.002222342909751873
2021-08-28,1818.049596393,,1821.3150634765625,6314848,,0,7.507314081498107,7.505519555109536,0.0017945263885712492,0.0017945263885712492,0.1796137514642706,Saturday,0,0.0002532880335719412,-0.0002911062829884514,0.0005443943165603926,-0.0005443943165603926
2021-08-29,1818.3967196123,,1821.15869140625,7277554,,0,7.507228221129066,7.5057104685399505,0.00151775258911524,0.00151775258911524,0.15189049585058512,Sunday,0,0.00019091343041477415,-8.586036904123517e-05,0.00027677379945600933,-0.00027677379945600933
2021-08-30,1810.7678298901,,1816.09228515625,10142789,,0,7.5044423756873755,7.501506249714849,0.002936125972526682,0.002936125972526682,0.29404406121314186,Monday,1,-0.004204218825101691,-0.002785845441690249,0.001418373383411442,0.001418373383411442
2021-08-31,1814.2874015407,,1816.962646484375,12983934,,0,7.504921510388695,7.503448053374,0.0014734570146952564,0.0014734570146952564,0.14745430858435488,Tuesday,0,0.0019418036591511978,0.0004791347013197722,0.0014626689578314256,-0.0014626689578314256
2021-09-01,1812.8391281549,,1820.7412109375,12248454,,0,7.506998955920371,7.5026494744157475,0.0043494815046232205,0.0043494815046232205,0.4358954228135359,Wednesday,0,-0.0007985789582525271,0.002077445531675437,0.002876024489927964,0.002876024489927964
2021-09-02,1809.0824215275,,1814.783935546875,10707698,,0,7.503721695836852,7.500575046285243,0.0031466495516090376,0.0031466495516090376,0.31516054501049084,Thursday,0,-0.002074428130504735,-0.003277260083518918,0.0012028319530141829,-0.0012028319530141829
2021-09-03,1827.2648215925,,1829.589599609375,22750136,,0,7.511846958176331,7.510575494747771,0.0012714634285604376,0.0012714634285604376,0.12722720808737634,Friday,0,0.010000448462528233,0.008125262339479633,0.0018751861230486,-0.0018751861230486
2021-09-04,1827.8027069758,,1825.9962158203125,8410754,,0,7.509880988765205,7.510869817839193,-0.000988829073988562,0.000988829073988562,-0.09883403436229896,Saturday,0,0.0002943230914222994,-0.0019659694111267,0.0022602925025489995,-0.0022602925025489995
2021-09-05,1827.9363512562,,1829.5711669921875,9640551,,0,7.511836883397789,7.510942932620271,0.0008939507775185263,0.0008939507775185263,0.08943504706080578,Sunday,0,7.311478107752123e-05,0.0019558946325846094,0.0018827798515070882,0.0018827798515070882
2021-09-06,1823.8684996821,,1825.732421875,17111466,,0,7.509736512561224,7.508715073562812,0.0010214389984115613,0.0010214389984115613,0.1021960844888129,Monday,1,-0.002227859057458481,-0.002100370836565446,0.00012748822089303502,0.00012748822089303502
2021-09-07,1795.0719677418,,1793.2373046875,24164001,,0,7.491777815481972,7.492800393568129,-0.0010225780861574663,0.0010225780861574663,-0.10220554313530471,Tuesday,0,-0.015914679994683212,-0.01795869707925224,0.0020440170845690275,-0.0020440170845690275
2021-09-08,1790.6119001065,,1788.510986328125,17014251,,0,7.489138701441249,7.490312684054493,-0.0011739826132446396,0.0011739826132446396,-0.11732937652485906,Wednesday,0,-0.0024877095136357497,-0.002639114040722923,0.00015140452708717334,-0.00015140452708717334
2021-09-09,1794.937120175,,1797.1707763671875,14380155,,0,7.493968916417899,7.49272526976562,0.0012436466522789402,0.0012436466522789402,0.12444203014586427,Thursday,0,0.002412585711126347,0.004830214976649927,0.00241762926552358,0.00241762926552358
2021-09-10,1788.0118976121,,1793.5579833984375,16141528,,0,7.4919566261951775,7.4888596098567906,0.003097016338386993,0.003097016338386993,0.3101817048166346,Friday,0,-0.0038656599088291443,-0.0020122902227210915,0.0018533696861080529,0.0018533696861080529
2021-09-11,1788.3489068717,,1799.9864501953125,9556005,,0,7.495534416186652,7.489048074767923,0.006486341418729502,0.006486341418729502,0.6507423287981182,Saturday,0,0.00018846491113233554,0.0035777899914748446,0.003389325080342509,0.003389325080342509
2021-09-12,1788.1090746536,,1793.3717041015625,14217477,,0,7.491852760597983,7.488913957594061,0.0029388030039223523,0.0029388030039223523,0.29431255187729977,Sunday,0,-0.000134117173861803,-0.003681655588668953,0.00354753841480715,-0.00354753841480715
2021-09-13,1792.9047136596,,1799.640869140625,19092301,,0,7.495342406833966,7.491592328667924,0.0037500781660417815,0.0037500781660417815,0.37571185070261925,Monday,1,0.0026783710738627065,0.0034896462359821356,0.0008112751621194292,0.0008112751621194292
2021-09-14,1804.3678452208,,1804.0791015625,15873922,,0,7.497805547534062,7.49796558516974,-0.00016003763567784546,0.00016003763567784546,-0.01600248303386996,Tuesday,0,0.0063732565018161935,0.0024631407000965666,0.003910115801719627,-0.003910115801719627
2021-09-15,1794.3527629433,,1797.7125244140625,12700677,,0,7.494270315938077,7.492399658151127,0.0018706577869496144,0.0018706577869496144,0.18724085587560374,Wednesday,0,-0.005565927018612804,-0.003535231595985344,0.00203069542262746,0.00203069542262746
2021-09-16,1753.901133133,,1764.6749267578125,15561209,,0,7.475721774930316,7.469597804828654,0.006123970101662657,0.006123970101662657,0.6142759943125872,Thursday,0,-0.02280185332247342,-0.018548541007760377,0.0042533123147130425,0.0042533123147130425
2021-09-17,1754.2376588371,,1763.3682861328125,12022000,,0,7.474981057991267,7.469789659099586,0.005191398891681409,0.005191398891681409,0.5204897551774829,Friday,0,0.00019185427093226792,-0.0007407169390489798,0.0009325712099812478,-0.0009325712099812478
2021-09-18,1754.2782460726,,1766.19970703125,8946452,,0,7.476585459159504,7.469812795512019,0.006772663647485189,0.006772663647485189,0.6795649997564066,Saturday,0,2.3136412433011344e-05,0.001604401168236791,0.0015812647558037796,0.0015812647558037796
2021-09-19,1754.3090215341,,1764.639892578125,7225830,,0,7.475701921683166,7.469830338448337,0.005871583234829281,0.005871583234829281,0.5888854766870433,Sunday,0,1.7542936317838098e-05,-0.0008835374763380699,0.000901080412655908,-0.000901080412655908
2021-09-20,1764.2353084817,,1779.0108642578125,29473551,,0,7.483812794593682,7.475472622501333,0.00834017209234883,0.00834017209234883,0.837504821781869,Monday,1,0.00564228405299616,0.00811087291051571,0.002468588857519549,0.002468588857519549
2021-09-21,1775.1693244044,,1783.0718994140625,27343512,,0,7.486092942015934,7.481651091390443,0.004441850625490851,0.004441850625490851,0.4451730266527669,Tuesday,0,0.00617846888911,0.0022801474222520213,0.003898321466857979,-0.003898321466857979
2021-09-22,1767.2439047144,,1770.1170654296875,18581848,,0,7.4788009620416505,7.477176496022284,0.0016244660193667215,0.0016244660193667215,0.16257861790457073,Wednesday,0,-0.0044745953681593065,-0.007291979974283436,0.0028173846061241292,-0.0028173846061241292
2021-09-23,1744.5164783947,,1756.9583740234375,17814384,,0,7.471339396400153,7.464232706494913,0.007106689905239882,0.007106689905239882,0.7132002352988083,Thursday,0,-0.01294378952737052,-0.007461565641497359,0.005482223885873161,0.005482223885873161
2021-09-24,1750.329183334,,1760.4617919921875,17141143,,0,7.473331435429852,7.467559153990363,0.0057722814394889355,0.0057722814394889355,0.5788973156973324,Friday,0,0.003326447495449969,0.001992039029699022,0.001334408465750947,-0.001334408465750947
2021-09-25,1750.5623681608,,1757.777099609375,8214268,,0,7.471805278175261,7.467692368529411,0.004112909645850316,0.004112909645850316,0.41213792663412124,Saturday,0,0.000133214539047799,-0.0015261572545908209,0.0016593717936386199,-0.0016593717936386199
2021-09-26,1748.7714880297,,1757.343505859375,11874829,,0,7.47155857611245,7.466668813555207,0.004889762557243493,0.004889762557243493,0.49017369555428864,Sunday,0,-0.001023554974204366,-0.00024670206281118823,0.0007768529113931777,0.0007768529113931777
2021-09-27,1750.816835419,,1758.7950439453125,10852928,,0,7.472384219441253,7.4678377211141225,0.004546498327130166,0.004546498327130166,0.45568493316453684,Monday,1,0.0011689075589158548,0.0008256433288025278,0.0003432642301133271,-0.0003432642301133271
2021-09-28,1735.0297630588,,1744.6593017578125,10457398,,0,7.464314573028554,7.458779846734572,0.005534726293982217,0.005534726293982217,0.5550071188425016,Tuesday,0,-0.009057874379550412,-0.008069646412698361,0.000988227966852051,0.000988227966852051
2021-09-29,1728.3712689369,,1739.632080078125,10250575,,0,7.461428921619283,7.454934780994888,0.006494140624394795,0.006494140624394795,0.6515273276991849,Wednesday,0,-0.003845065739684017,-0.002885651409271439,0.000959414330412578,0.000959414330412578
2021-09-30,1754.7226304712,,1762.3388671875,13468936,,0,7.474397107634758,7.470066078093934,0.00433102954082365,0.00433102954082365,0.43404220040489827,Thursday,0,0.015131297099046037,0.012968186015474892,0.0021631110835711453,-0.0021631110835711453
2021-10-01,1760.6506392018,,1764.2247314453125,13632243,,0,7.475466627230723,7.473438701081537,0.0020279261491866762,0.0020279261491866762,0.20299837820936634,Friday,0,0.003372622987602547,0.0010695195959655734,0.0023031033916369736,-0.0023031033916369736
2021-10-02,1760.7958797376,,1764.76416015625,7177046,,0,7.475772340131335,7.473521190214966,0.0022511499163684334,0.0022511499163684334,0.22536856567618602,Saturday,0,8.248913342967512e-05,0.0003057129006114323,0.00022322376718175718,0.00022322376718175718
2021-10-03,1763.4507203696,,1771.450927734375,6460085,,0,7.4795542229533885,7.47502780506655,0.004526417886838274,0.004526417886838274,0.4536677590342981,Sunday,0,0.0015066148515838762,0.003781882822053717,0.002275267970469841,0.002275267970469841
2021-10-04,1768.138362923,,1772.8345947265625,15832644,,0,7.480335010535943,7.477682499707301,0.0026525108286419297,0.0026525108286419297,0.2656031847982184,Monday,1,0.0026546946407508543,0.0007807875825545096,0.0018739070581963446,-0.0018739070581963446
2021-10-05,1759.9809359404,,1764.83642578125,10674270,,0,7.475813288461465,7.4730582561214876,0.0027550323399774257,0.0027550323399774257,0.275883092918591,Tuesday,0,-0.004624243585813481,-0.004521722074477985,0.00010252151133549603,0.00010252151133549603
2021-10-06,1763.3948477298,,1765.7857666015625,15374008,,0,7.4763510638401165,7.474996120866759,0.0013549429733572538,0.0013549429733572538,0.1355861323310901,Wednesday,0,0.001937864745271689,0.0005377753786515171,0.001400089366620172,-0.001400089366620172
2021-10-07,1754.9549537312,,1759.6138916015625,9937474,,0,7.472849684193096,7.470198468180923,0.0026512160121727746,0.0026512160121727746,0.2654733593279495,Thursday,0,-0.004797652685835985,-0.003501379647020464,0.0012962730388155208,0.0012962730388155208
2021-10-08,1757.0269526559,,1762.0914306640625,12191908,,0,7.474256695424595,7.471378428226467,0.00287826719812756,0.00287826719812756,0.2882413386150448,Friday,0,0.001179960045543993,0.0014070112314987782,0.00022705118595478524,0.00022705118595478524
2021-10-09,1757.2067441595,,1763.21142578125,6873062,,0,7.474892099076693,7.471480750108999,0.003411348967694572,0.003411348967694572,0.34171742407135813,Saturday,0,0.00010232188253134211,0.0006354036520983541,0.000533081769567012,0.000533081769567012
2021-10-10,1754.2320849048,,1760.6171875,7375968,,0,7.473419701276099,7.469786481684527,0.0036332195915722565,0.0036332195915722565,0.3639827734393769,Sunday,0,-0.0016942684244716233,-0.0014723978005939387,0.00022187062387768464,0.00022187062387768464
2021-10-11,1753.8605319936,,1761.1605224609375,11844622,,0,7.473728258493502,7.4695746555139175,0.0041536029795841145,0.0041536029795841145,0.4162241144134546,Monday,1,-0.00021182617060944153,0.0003085572174024165,0.000520383388011858,0.000520383388011858
2021-10-12,1760.3211916753,,1763.9539794921875,10462835,,0,7.47531314750317,7.473251566652018,0.002061580851152378,0.002061580851152378,0.20637073700340608,Tuesday,0,0.003676911138100536,0.0015848890096687995,0.0020920221284317364,-0.0020920221284317364
2021-10-13,1792.195601017,,1794.2813720703125,10002597,,0,7.492359870939441,7.491196739931428,0.0011631310080133517,0.0011631310080133517,0.11638077072217805,Wednesday,0,0.017945173279409588,0.01704672343627056,0.0008984498431390264,-0.0008984498431390264
2021-10-14,1795.31138504,,1801.122314453125,11601253,,0,7.4961652576133995,7.49293375943747,0.0032314981759293815,0.0032314981759293815,0.32367250949035375,Thursday,0,0.0017370195060424365,0.0038053866739584663,0.00206836716791603,0.00206836716791603
2021-10-15,1767.222755693,,1773.47998046875,20040781,,0,7.48069898600153,7.477164528716643,0.0035344572848865496,0.0035344572848865496,0.35407108445116947,Friday,0,-0.015769230720827032,-0.015466271611869864,0.00030295910895716816,0.00030295910895716816
2021-10-16,1767.2059590185,,1771.126220703125,14377319,,0,7.479370906108869,7.477155024111596,0.0022158819972730726,0.0022158819972730726,0.22183388781703606,Saturday,0,-9.50460504700601e-06,-0.001328079892660483,0.001318575287613477,-0.001318575287613477
2021-10-17,1770.459876953,,1775.52978515625,12598239,,0,7.481854127886618,7.478994609308727,0.002859518577890796,0.002859518577890796,0.28636109009007166,Sunday,0,0.0018395851971311217,0.0024832217777488452,0.0006436365806177236,0.0006436365806177236
2021-10-18,1764.0925279854,,1769.10888671875,14355577,,0,7.478231244961228,7.475391688697562,0.0028395562636660543,0.0028395562636660543,0.2843591622191546,Monday,1,-0.0036029206111649614,-0.0036228829253897032,1.9962314224741817e-05,-1.9962314224741817e-05
2021-10-19,1769.1885169162,,1776.2271728515625,15945015,,0,7.482246828013636,7.47827625542156,0.003970572592076671,0.003970572592076671,0.3978465758771375,Tuesday,0,0.002884566723997395,0.004015583052408012,0.0011310163284106167,0.0011310163284106167
2021-10-20,1782.0327255279,,1783.81005859375,18557622,,0,7.486506838073564,7.4855099723559,0.0009968657176635531,0.0009968657176635531,0.0997362753438441,Wednesday,0,0.007233716934340606,0.004260010059927488,0.002973706874413118,-0.002973706874413118
2021-10-21,1784.4638962929,,1786.9849853515625,17161130,,0,7.488285112970555,7.486873310891926,0.0014118020786293428,0.0014118020786293428,0.14127991403467846,Thursday,0,0.001363338536025438,0.0017782748969912276,0.0004149363609657897,0.0004149363609657897
2021-10-22,1792.354898749,,1796.9058837890625,17642503,,0,7.4938215113380116,7.491285620103218,0.0025358912347934748,0.0025358912347934748,0.2539109326639964,Friday,0,0.004412309211292431,0.005536398367456563,0.001124089156164132,0.001124089156164132
2021-10-23,1792.2913548826,,1800.686767578125,10231350,,0,7.495923408660719,7.491250166749157,0.004673241911562265,0.004673241911562265,0.46841785364048316,Saturday,0,-3.5453354061409925e-05,0.00210189732270738,0.00213735067676879,0.00213735067676879
2021-10-24,1794.8326767237,,1801.7672119140625,10881888,,0,7.496523246645872,7.492667080267553,0.0038561663783198696,0.0038561663783198696,0.3863610953986483,Sunday,0,0.0014169135183959014,0.0005998379851535063,0.0008170755332423951,-0.0008170755332423951
2021-10-25,1807.9052309321,,1811.04541015625,11344537,,0,7.5016595321997785,7.499924123058472,0.0017354091413066541,0.0017354091413066541,0.17369158352017056,Monday,1,0.007257042790919321,0.005136285553906106,0.0021207572370132155,-0.0021207572370132155
2021-10-26,1792.7907676915,,1795.498291015625,15114005,,0,7.493037861850382,7.4915287728145445,0.0015090890358377962,0.0015090890358377962,0.15102282837006345,Tuesday,0,-0.008395350243927346,-0.008621670349396204,0.00022632010546885795,-0.00022632010546885795
2021-10-27,1796.2352880366,,1802.48779296875,17881852,,0,7.496923096858086,7.49344824698341,0.003474849874676167,0.003474849874676167,0.3480894164474644,Wednesday,0,0.0019194741688650652,0.003885235007703436,0.0019657608388383707,0.0019657608388383707
2021-10-28,1798.9591039778,,1801.9378662109375,19240447,,0,7.496617957113739,7.494963501050564,0.0016544560631750471,0.0016544560631750471,0.1655825430689901,Thursday,0,0.001515254067154359,-0.0003051397443467607,0.0018203938115011198,-0.0018203938115011198
2021-10-29,1782.9519576152,,1782.1077880859375,16550822,,0,7.485552093342861,7.486025672808707,-0.00047357946584636323,0.00047357946584636323,-0.04734673447912581,Friday,0,-0.008937828241856849,-0.01106586377087826,0.0021280355290214104,-0.0021280355290214104
2021-10-30,1783.0238301135,,1786.8023681640625,13099126,,0,7.488182914843137,7.486065982952459,0.0021169318906784085,0.0021169318906784085,0.21191741729676986,Saturday,0,4.031014375183162e-05,0.0026308215002766033,0.0025905113565247717,0.0025905113565247717
2021-10-31,1779.6602628558,,1779.9617919921875,13322278,,0,7.484347177882823,7.484177761505205,0.00016941637761735961,0.00016941637761735961,0.016943072938178868,Sunday,0,-0.0018882214472535352,-0.003835736960314584,0.0019475155130610489,-0.0019475155130610489
2021-11-01,1792.3604361909,,1791.763427734375,11974047,,0,7.490955569046799,7.491288709576932,-0.00033314053013366873,0.00033314053013366873,-0.03330850449888709,Monday,1,0.0071109480717268525,0.006608391163975824,0.0005025569077510283,-0.0005025569077510283
2021-11-02,1787.7584295689,,1791.566650390625,14314738,,0,7.4908457397318,7.488717840100664,0.002127899631135577,0.002127899631135577,0.2130165216249747,Tuesday,0,-0.0025708694762682782,-0.00010982931499903259,0.0024610401612692456,0.0024610401612692456
2021-11-03,1774.2910131324,,1779.2532958984375,19547283,,0,7.48394905858651,7.4811561928952335,0.002792865691276347,0.002792865691276347,0.27967693739692456,Wednesday,0,-0.007561647205430511,-0.00689668114528974,0.0006649660601407703,0.0006649660601407703
2021-11-04,1791.7426534121,,1793.7249755859375,15311993,,0,7.49204972851776,7.490943974635178,0.00110575388258205,0.00110575388258205,0.11063654538013283,Thursday,0,0.009787781739944101,0.008100669931249804,0.0016871118086942971,-0.0016871118086942971
2021-11-05,1817.5764815372,,1819.751953125,17416893,,0,7.506455481290826,7.505259289148005,0.001196192142820962,0.001196192142820962,0.11969078659953766,Friday,0,0.014315314512827193,0.014405752773066105,9.0438260238912e-05,9.0438260238912e-05
2021-11-06,1818.00001818,,1819.352294921875,12105703,,0,7.506235834818788,7.505492284737424,0.0007435500813635088,0.0007435500813635088,0.07438265832519995,Saturday,0,0.00023299558941936027,-0.00021964647203809307,0.00045264206145745334,-0.00045264206145745334
2021-11-07,1815.5410312273,,1819.772216796875,17484410,,0,7.506466616632112,7.504138791109771,0.0023278255223413424,0.0023278255223413424,0.23305370117219273,Sunday,0,-0.0013534936276533571,0.00023078181332447656,0.0015842754409778337,0.0015842754409778337
2021-11-08,1824.5539610652,,1827.908447265625,35492837,,0,7.5109276672071505,7.509090831249067,0.0018368359580831495,0.0018368359580831495,0.18385239746303125,Monday,1,0.004952040139296621,0.004461050575038428,0.000490989564258193,-0.000490989564258193
2021-11-09,1829.8646382541,,1832.244140625,53818408,,0,7.513296800888443,7.511997274932528,0.0012995259559147598,0.0012995259559147598,0.13003707056551553,Tuesday,0,0.0029064436834609353,0.0023691336812925456,0.0005373100021683896,-0.0005373100021683896
2021-11-10,1848.9339394634,,1852.2694091796875,70248319,,0,7.524166873945975,7.522364503038437,0.0018023709075380978,0.0018023709075380978,0.1803996154267934,Wednesday,0,0.010367228105908843,0.010870073057532181,0.000502844951623338,0.000502844951623338
2021-11-11,1862.0654676398,,1865.5245361328125,34828984,,0,7.531297545151943,7.529441617068436,0.0018559280835068748,0.0018559280835068748,0.1857651383974613,Thursday,0,0.007077114029998555,0.007130671205967332,5.355717596877696e-05,5.355717596877696e-05
2021-11-12,1864.7578140454,,1869.0059814453125,17731828,,0,7.533162007795713,7.530886465224884,0.002275542570829181,0.002275542570829181,0.22781335827715643,Friday,0,0.0014448481564484084,0.0018644626437707146,0.0004196144873223062,0.0004196144873223062
2021-11-13,1865.1148910773,,1873.7392578125,10698392,,0,7.5356913164117145,7.531077933975279,0.004613382436435387,0.004613382436435387,0.46240404687448383,Saturday,0,0.00019146875039499633,0.0025293086160012024,0.002337839865606206,0.002337839865606206
2021-11-14,1865.6368351337,,1872.4244384765625,12857674,,0,7.534989361293614,7.531357740351103,0.0036316209425111268,0.0036316209425111268,0.3638223267807643,Sunday,0,0.00027980637582381007,-0.0007019551181004502,0.0009817614939242603,-0.0009817614939242603
2021-11-15,1862.8872526137,,1869.0604248046875,26138854,,0,7.533191136951518,7.529882849507583,0.003308287443934965,0.003308287443934965,0.33137658665742403,Monday,1,-0.001474890843519816,-0.0017982243420959776,0.00032333349857616156,-0.00032333349857616156
2021-11-16,1850.701631207,,1858.54931640625,51065023,,0,7.527551524981828,7.523320106283325,0.004231418698502409,0.004231418698502409,0.4240383791163498,Tuesday,0,-0.006562743224257872,-0.005639611969690428,0.0009231312545674442,0.0009231312545674442
2021-11-17,1866.4491951615,,1867.307861328125,39586692,,0,7.532253026213562,7.531793078676123,0.0004599475374389428,0.0004599475374389428,0.04600533295258929,Wednesday,0,0.00847297239279765,0.004701501231734184,0.0037714711610634666,-0.0037714711610634666
2021-11-18,1858.8628449485,,1859.1790771484375,38397544,,0,7.527890312909048,7.527720206058547,0.00017010685050156127,0.00017010685050156127,0.017012131949212857,Thursday,0,-0.004072872617576273,-0.004362713304513655,0.0002898406869373815,-0.0002898406869373815
2021-11-19,1845.2080169539,,1846.7294921875,31571759,,0,7.52117151153468,7.520347296435716,0.0008242150989641317,0.0008242150989641317,0.08245548575665534,Friday,0,-0.007372909622830548,-0.0067188013743679775,0.0006541082484625704,0.0006541082484625704
2021-11-20,1845.5121757666,,1842.467041015625,20793365,,0,7.51886073571659,7.520512119991828,-0.0016513842752381436,0.0016513842752381436,-0.16500214904895225,Saturday,0,0.00016482355611202593,-0.0023107758180902493,0.0024755993742022753,-0.0024755993742022753
2021-11-21,1844.9844098817,,1845.2093505859375,21259498,,0,7.52034801918976,7.520226106510309,0.0001219126794511638,0.0001219126794511638,0.012192011110376811,Sunday,0,-0.00028601348151902073,0.0014872834731702866,0.0017732969546893074,0.0017732969546893074
2021-11-22,1807.4855095786,,1811.9481201171875,32000000,,0,7.502157854911136,7.499691937170135,0.0024659177410013555,0.0024659177410013555,0.2468960616800734,Monday,1,-0.02053416934017438,-0.018190164278624188,0.0023440050615501917,0.0023440050615501917
2021-11-23,1789.7278417904,,1792.4285888671875,26983623,,0,7.49132673283343,7.489818843582473,0.0015078892509574615,0.0015078892509574615,0.1509026687591691,Tuesday,0,-0.009873093587661863,-0.010831122077705757,0.000958028490043894,-0.000958028490043894
2021-11-24,1788.9964972162,,1799.129638671875,26457520,,0,7.495058292872779,7.489410125550514,0.005648167322264364,0.005648167322264364,0.5664148292879788,Wednesday,0,-0.0004087180319585215,0.0037315600393483805,0.004140278071306902,0.004140278071306902
2021-11-25,1790.8486997593,,1791.500244140625,13823472,,0,7.490808673022211,7.490444920412561,0.0003637526096493815,0.0003637526096493815,0.03638187756523539,Thursday,0,0.0010347948620470504,-0.004249619850567932,0.005284414712614982,-0.005284414712614982
2021-11-26,1792.5603554435,,1795.9105224609375,48504516,,0,7.493267427165017,7.491400243005104,0.001867184159912938,0.001867184159912938,0.18689284337144121,Friday,0,0.0009553225925422737,0.00245875414280583,0.0015034315502635565,0.0015034315502635565
2021-11-27,1792.3556033517,,1794.4588623046875,34692549,,0,7.4924587860031835,7.491286013218756,0.0011727727844270674,0.0011727727844270674,0.11734607513455636,Saturday,0,-0.0001142297863472308,-0.0008086411618331013,0.0006944113754858705,-0.0006944113754858705
2021-11-28,1790.4853536687,,1793.496337890625,42656451,,0,7.491922255091594,7.490242009381965,0.0016802457096289913,0.0016802457096289913,0.16816581134022687,Sunday,0,-0.001044003836791596,-0.0005365309115896721,0.0005074729252019239,0.0005074729252019239
2021-11-29,1794.3990489398,,1791.392578125,21500267,,0,7.49074857297401,7.492425453190142,-0.0016768802161317709,0.0016768802161317709,-0.1675475038050375,Monday,1,0.0021834438081773655,-0.0011736821175833967,0.003357125925760762,-0.003357125925760762
2021-11-30,1784.6078288604,,1776.72412109375,25916416,,0,7.482526566295597,7.486953966355678,-0.0044274000600807994,0.0044274000600807994,-0.441761357266062,Tuesday,0,-0.005471486834464301,-0.00822200667841333,0.0027505198439490286,-0.0027505198439490286
2021-12-01,1771.4376371403,,1784.49560546875,23621702,,0,7.4868910803151065,7.479546720265211,0.007344360049895471,0.007344360049895471,0.7371396008910576,Wednesday,0,-0.007407246090466835,0.004364514019509436,0.01177176010997627,0.01177176010997627
2021-12-02,1781.4623169058,,1770.735107421875,23345357,,0,7.479150054276115,7.485189832369635,-0.006039778093519743,0.006039778093519743,-0.6021575299194057,Thursday,0,0.005643112104423587,-0.0077410260389916274,0.013384138143415214,-0.013384138143415214
2021-12-03,1768.3553517153,,1782.218505859375,30514265,,0,7.485614218841113,7.477805213790843,0.007809005050270379,0.007809005050270379,0.7839574851642671,Friday,0,-0.007384618578791802,0.00646416456499832,0.013848783143790122,0.013848783143790122
2021-12-04,1782.2816748614,,1779.20751953125,51770017,,0,7.483923330402576,7.485649662240652,-0.0017263318380758008,0.0017263318380758008,-0.17248425843738024,Saturday,0,0.00784444844980925,-0.0016908884385369305,0.00953533688834618,-0.00953533688834618
2021-12-05,1781.2130966044,,1783.88671875,28273338,,0,7.486549812665322,7.485049926106571,0.0014998865587507737,0.0014998865587507737,0.1501011951179075,Sunday,0,-0.0005997361340810414,0.002626482262745533,0.0032262183968265745,0.0032262183968265745
2021-12-06,1781.052920372,,1783.5860595703125,33391384,,0,7.486381256828133,7.484959996701106,0.0014212601270271463,0.0014212601270271463,0.14222705958582063,Monday,1,-8.992940546548311e-05,-0.0001685558371891105,7.862643172362738e-05,-7.862643172362738e-05
2021-12-07,1781.6047598208,,1788.828125,19278533,,0,7.489316005668126,7.4852697875947305,0.004046218073395558,0.004046218073395558,0.40544150656213024,Tuesday,0,0.0003097908936249283,0.0029347488399933397,0.0026249579463684114,0.0026249579463684114
2021-12-08,1784.0016441359,,1785.869873046875,23110516,,0,7.487660899345826,7.486614234740371,0.0010466646054556605,0.0010466646054556605,0.10472125500085205,Wednesday,0,0.001344447145640082,-0.0016551063222998152,0.002999553467939897,-0.002999553467939897
2021-12-09,1785.509908598,,1774.94287109375,23122129,,0,7.481523516092262,7.487459316499923,-0.0059358004076601745,0.0059358004076601745,-0.5918218349483919,Thursday,0,0.0008450817595520022,-0.006137383253563833,0.006982465013115835,-0.006982465013115835
2021-12-10,1783.760112805,,1787.291015625,23455180,,0,7.488456353397485,7.486478838182123,0.0019775152153620468,0.0019775152153620468,0.1979471788080023,Friday,0,-0.0009804783177997933,0.006932837305222428,0.007913315623022221,0.007913315623022221
2021-12-11,1782.939903871,,1786.1881103515625,21811032,,0,7.4878390808350455,7.486018912231175,0.0018201686038707976,0.0018201686038707976,0.18218261162421354,Saturday,0,-0.0004599259509481257,-0.0006172725624393749,0.00015734661149124918,-0.00015734661149124918
2021-12-12,1782.6001469219,,1785.0062255859375,16368852,,0,7.487177181930871,7.485828334116618,0.0013488478142535953,0.0013488478142535953,0.13497579186180436,Sunday,0,-0.00019057811455702733,-0.0006618989041742296,0.00047132078961720225,-0.00047132078961720225
2021-12-13,1786.06990499,,1789.228759765625,29925864,,0,7.489539945521629,7.487772901202389,0.0017670443192399077,0.0017670443192399077,0.17686064620425623,Monday,1,0.001944567085771176,0.0023627635907574884,0.00041819650498631233,0.00041819650498631233
2021-12-14,1789.1001577629,,1776.03662109375,33763611,,0,7.482139543324746,7.489468067275808,-0.0073285239510614275,0.0073285239510614275,-0.7301735798561798,Tuesday,0,0.0016951660734187968,-0.007400402196882538,0.009095568270301335,-0.009095568270301335
2021-12-15,1772.6498562735,,1779.7596435546875,12269562,,0,7.484233602457679,7.480230799979792,0.004002802477886647,0.004002802477886647,0.4010824391531994,Wednesday,0,-0.009237267296015261,0.002094059132932813,0.011331326428948074,0.011331326428948074
2021-12-16,1783.1500522552,,1801.1942138671875,9798148,,0,7.4962051760456125,7.4861367715039515,0.010068404541661025,0.010068404541661025,1.0119261466059157,Thursday,0,0.00590597152415917,0.011971573587933548,0.006065602063774378,0.006065602063774378
2021-12-17,1798.9299964381,,1803.5223388671875,18757566,,0,7.497496886663993,7.494947320707653,0.0025495659563397055,0.0025495659563397055,0.2552818863535742,Friday,0,0.008810549203701612,0.0012917106183802929,0.007518838585321319,-0.007518838585321319
2021-12-18,1798.1601225626,,1803.58642578125,6881990,,0,7.497532420338329,7.494519266996577,0.003013153341751895,0.003013153341751895,0.3017697451168498,Saturday,0,-0.0004280537110759042,3.5533674336285515e-05,0.0004635873854121897,0.0004635873854121897
2021-12-19,1797.8998731582,,1803.5963134765625,7740509,,0,7.497537902564225,7.494374525582272,0.0031633769819530144,0.0031633769819530144,0.31683857390545467,Sunday,0,-0.00014474141430564913,5.482225895470094e-06,0.00015022364020111922,0.00015022364020111922
2021-12-20,1790.8999003364,,1797.5701904296875,9627627,,0,7.4941911377505805,7.490473510122683,0.00371762762789718,0.00371762762789718,0.372454657685482,Monday,1,-0.0039010154595882085,-0.003346764813644043,0.0005542506459441654,0.0005542506459441654
2021-12-21,1790.0401094287,,1794.1962890625,11007565,,0,7.492312450826589,7.4899933060858235,0.002319144740765111,0.002319144740765111,0.23218360370296723,Tuesday,0,-0.0004802040368598881,-0.0018786869239919568,0.0013984828871320687,-0.0013984828871320687
2021-12-22,1804.349999152,,1807.686767578125,8588564,,0,7.499803277922001,7.4979556946382155,0.0018475832837854256,0.0018475832837854256,0.18492911174069274,Wednesday,0,0.007962388552392063,0.007490827095412378,0.00047156145697968554,-0.00047156145697968554
2021-12-23,1808.8501248287,,1816.697998046875,9556725,,0,7.504775845471766,7.500446632227687,0.004329213244078645,0.004329213244078645,0.43385978254656027,Thursday,0,0.00249093758947172,0.004972567549764939,0.002481629960293219,0.002481629960293219
2021-12-24,1808.4801442444,,1819.1494140625,7521158,,0,7.506124315915782,7.500242072202437,0.0058822437133452254,0.0058822437133452254,0.5899578080553237,Friday,0,-0.00020456002525026662,0.0013484704440163142,0.0015530304692665808,0.0015530304692665808
2021-12-25,1814.9498874187,,1815.8900146484375,4674544,,0,7.504330992706223,7.503813136080151,0.0005178566260726214,0.0005178566260726214,0.0517990736964433,Saturday,0,0.003571063877713776,-0.001793323209558828,0.005364387087272604,-0.005364387087272604
2021-12-26,1808.260059622,,1815.052978515625,5090060,,0,7.50386993553776,7.500120368894891,0.003749566642868629,0.003749566642868629,0.3756605062130845,Sunday,0,-0.003692767185259349,-0.0004610571684633413,0.0032317100167960078,0.0032317100167960078
2021-12-27,1811.6998853919,,1817.3746337890625,5929433,,0,7.505148229746136,7.502020846721987,0.0031273830241493883,0.0031273830241493883,0.3132278388335308,Monday,1,0.0019004778270952372,0.0012782942083759963,0.0006221836187192409,-0.0006221836187192409
2021-12-28,1806.8401184998,,1814.2996826171875,10368262,,0,7.503454822442071,7.499334807706953,0.00412001473511836,0.00412001473511836,0.4128513663722039,Tuesday,0,-0.0026860390150336144,-0.0016934073040646425,0.000992631710968972,0.000992631710968972
2021-12-29,1804.1598875359,,1812.3438720703125,13003385,,0,7.5023762434711925,7.497850326149701,0.004525917321491768,0.004525917321491768,0.4536174754217649,Wednesday,0,-0.0014844815572523373,-0.0010785789708789295,0.0004059025863734078,0.0004059025863734078
2021-12-30,1815.6099241965,,1825.786865234375,8028396,,0,7.509766332126779,7.504176736637266,0.0055895954895133215,0.0055895954895133215,0.5605246425593733,Thursday,0,0.006326410487565326,0.0073900886555868794,0.0010636781680215535,0.0010636781680215535
2021-12-31,1829.0898448932,,1833.609130859375,7875775,,0,7.514041506252445,7.511573769597303,0.0024677366551424385,0.0024677366551424385,0.2470784023427142,Friday,0,0.007397032960036576,0.004275174125665693,0.003121858834370883,-0.003121858834370883
2022-01-01,1829.2400733086,,1836.6068115234375,4749920,,0,7.515675023940615,7.51165589910385,0.004019124836764476,0.004019124836764476,0.40272123502702206,Saturday,0,8.212950654762352e-05,0.0016335176881696611,0.0015513881816220376,0.0015513881816220376
2022-01-02,1829.5700601837,,1835.9266357421875,4534376,,0,7.515304611635979,7.511836278442463,0.0034683331935161377,0.0034683331935161377,0.34743548207436675,Sunday,0,0.00018037933861236866,-0.00037041230463596975,0.0005507916432483384,-0.0005507916432483384
2022-01-03,1803.1101125087,,1809.3111572265625,6698791,,0,7.5007014757044805,7.497268293168071,0.0034331825364093405,0.0034331825364093405,0.34390826577057243,Monday,1,-0.014567985274391404,-0.014603135931498201,3.515065710679721e-05,-3.515065710679721e-05
2022-01-04,1813.3701229864,,1816.170654296875,6232870,,0,7.504485527376525,7.5029423393876895,0.0015431879888359035,0.0015431879888359035,0.15443793161557365,Tuesday,0,0.005674046219618312,0.0037840516720448747,0.001889994547573437,-0.001889994547573437
2022-01-05,1810.6000129277,,1817.994140625,15225874,,0,7.505489051753682,7.5014135681813485,0.00407548357233356,0.00407548357233356,0.4083799649014651,Wednesday,0,-0.0015287712063409842,0.0010035243771566726,0.002532295583497657,0.002532295583497657
2022-01-06,1790.889957692,,1798.1893310546875,29017553,,0,7.494535510408106,7.490467958348407,0.004067552059699331,0.004067552059699331,0.40758357772548326,Thursday,0,-0.010945609832941905,-0.010953541345576134,7.93151263422942e-06,-7.93151263422942e-06
2022-01-07,1796.6401033427,,1804.8173828125,12828580,,0,7.4982146926915885,7.493673590344208,0.004541102347380033,0.004541102347380033,0.45514287778536616,Friday,0,0.0032056319958018165,0.0036791822834825183,0.00047355028768070184,0.00047355028768070184
2022-01-08,1797.0349641905,,1799.2171630859375,8921723,,0,7.495106939887034,7.49389334357285,0.001213596314183718,0.001213596314183718,0.12143330201816777,Saturday,0,0.00021975322864165037,-0.0031077528045546643,0.0033275060331963147,-0.0033275060331963147
2022-01-09,1795.4201345955,,1798.5550537109375,7482594,,0,7.494738873571227,7.492994331805489,0.0017445417657375728,0.0017445417657375728,0.17460643640067858,Sunday,0,-0.0008990117673608466,-0.0003680663158069919,0.0005309454515538548,0.0005309454515538548
2022-01-10,1801.4580641279,,1806.085205078125,12964951,,0,7.498916911755584,7.496351651609071,0.0025652601465129266,0.0025652601465129266,0.2568553241601628,Monday,1,0.003357319803582115,0.004178038184357469,0.0008207183807753538,0.0008207183807753538
2022-01-11,1821.3698777843,,1823.639892578125,8684012,,0,7.508589723828314,7.507344177050495,0.0012455467778194063,0.0012455467778194063,0.12463227933617689,Tuesday,0,0.010992525441423595,0.009672812072730075,0.0013197133686935203,-0.0013197133686935203
2022-01-12,1821.4448538445,,1833.2021484375,10717347,,0,7.513819524594516,7.507385340856911,0.006434183737605181,0.006434183737605181,0.6454927563787687,Wednesday,0,4.116380641594475e-05,0.00522980076620172,0.005188636959785775,0.005188636959785775
2022-01-13,1821.4999286883,,1825.422607421875,7005095,,0,7.5095668049200075,7.507415577298631,0.002151227621376428,0.002151227621376428,0.21535431716430067,Thursday,0,3.0236441720177254e-05,-0.004252719674508576,0.004282956116228753,-0.004282956116228753
2022-01-14,1817.5301510077,,1827.74365234375,5589836,,0,7.510837508232775,7.505233798545287,0.005603709687488134,0.005603709687488134,0.5619439837290924,Friday,0,-0.0021817787533437993,0.0012707033127679068,0.003452482066111706,0.003452482066111706
2022-01-15,1817.5301510077,,1824.5992431640625,4843610,,0,7.509115649115751,7.505233798545287,0.003881850570463641,0.003881850570463641,0.38893947109725885,Saturday,0,0.0,-0.0017218591170244935,0.0017218591170244935,-0.0017218591170244935
2022-01-16,1817.7828974623,,1825.5302734375,3324498,,0,7.509625784599653,7.505372849268918,0.004252935330734786,0.004252935330734786,0.4261991894640216,Sunday,0,0.0001390507236305183,0.0005101354839016636,0.00037108476027114534,0.00037108476027114534
2022-01-17,1818.403994088,,1824.005615234375,7116533,,0,7.508790249157156,7.505714469020743,0.0030757801364122983,0.0030757801364122983,0.30805152015652276,Monday,1,0.0003416197518255615,-0.0008355354424969264,0.0011771551943224878,-0.0011771551943224878
2022-01-18,1814.3900728187,,1820.0782470703125,7205952,,0,7.506634772042449,7.503504642188384,0.0031301298540649114,0.0031301298540649114,0.3135033825871737,Tuesday,0,-0.002209826832359596,-0.002155477114706983,5.4349717652613094e-05,5.4349717652613094e-05
2022-01-19,1839.3879546944,,1846.5654296875,11620229,,0,7.521082668101605,7.517188161950037,0.0038945061515676116,0.0038945061515676116,0.3902099595021301,Wednesday,0,0.013683519761653606,0.014447896059156307,0.0007643762975027002,0.0007643762975027002
2022-01-20,1838.5955777364,,1843.80810546875,6027809,,0,7.519588334422057,7.516757286192561,0.0028310482294955364,0.0028310482294955364,0.2835059430942119,Thursday,0,-0.0004308757574760236,-0.0014943336795480988,0.0010634579220720752,-0.0010634579220720752
2022-01-21,1834.3299247815,,1841.04052734375,24352605,,0,7.518086194757074,7.514434530193394,0.003651664563680157,0.003651664563680157,0.3658340013751511,Friday,0,-0.002322755999167647,-0.0015021396649830265,0.0008206163341846207,0.0008206163341846207
2022-01-22,1834.3699663742,,1841.426513671875,24852899,,0,7.518295829398872,7.514456358957745,0.003839470441127091,0.003839470441127091,0.3846850650102463,Saturday,0,2.1828764351639052e-05,0.00020963464179857283,0.00018780587744693378,0.00018780587744693378
2022-01-23,1836.5999099331,,1843.7340087890625,14055238,,0,7.519548146851365,7.515671266139401,0.0038768807119637927,0.0038768807119637927,0.3884405535129525,Sunday,0,0.0012149071816560664,0.0012523174524927683,3.74102708367019e-05,3.74102708367019e-05
2022-01-24,1842.3198934255,,1848.91552734375,22332390,,0,7.522354544753322,7.518780868091774,0.0035736766615483972,0.0035736766615483972,0.3580069857459205,Monday,1,0.0031096019523726426,0.002806397901957247,0.00030320405041539544,-0.00030320405041539544
2022-01-25,1848.7500600844,,1860.2803955078125,16340837,,0,7.528482505618584,7.522265046525023,0.006217459093560862,0.006217459093560862,0.6236827612536258,Tuesday,0,0.0034841784332488857,0.00612796086526135,0.0026437824320124648,0.0026437824320124648
2022-01-26,1820.2400132077,,1838.9906005859375,27652090,,0,7.51697211343625,7.506723646764892,0.01024846667135737,0.01024846667135737,1.0301162067739864,Wednesday,0,-0.015541399760130581,-0.011510392182334073,0.004031007577796508,0.004031007577796508
2022-01-27,1797.8100157075,,1811.3800048828125,17367225,,0,7.501844267391911,7.494324545214837,0.007519722177073973,0.007519722177073973,0.7548066289959009,Thursday,0,-0.012399101550055747,-0.015127846044339144,0.002728744494283397,-0.002728744494283397
2022-01-28,1791.6699887214,,1798.82568359375,13447143,,0,7.494889332976602,7.490903418496119,0.003985914480483466,0.003985914480483466,0.3993868802511242,Friday,0,-0.0034211267187176375,-0.006954934415308145,0.0035338076965905074,-0.0035338076965905074
2022-01-29,1791.6699887214,,1800.1917724609375,8517379,,0,7.495648478465323,7.490903418496119,0.004745059969203602,0.004745059969203602,0.4756335593709989,Saturday,0,0.0,0.0007591454887201365,0.0007591454887201365,0.0007591454887201365
2022-01-30,1790.1301532029,,1799.668701171875,6298205,,0,7.49535787203956,7.4900436074779995,0.005314264561560478,0.005314264561560478,0.5328410312461759,Sunday,0,-0.000859811018119494,-0.0002906064257626184,0.0005692045923568756,0.0005692045923568756
2022-01-31,1797.6600578092,,1806.4495849609375,8742622,,0,7.4991186426206005,7.494241130309235,0.004877512311365351,0.004877512311365351,0.4889426737583111,Monday,1,0.004197522831235645,0.003760770581040518,0.0004367522501951271,-0.0004367522501951271
2022-02-01,1800.7301240361,,1808.416748046875,8168919,,0,7.500207016628878,7.4959474861053925,0.004259530523485822,0.004259530523485822,0.42686152178908354,Tuesday,0,0.0017063557961574105,0.0010883740082778814,0.0006179817878795291,-0.0006179817878795291
2022-02-02,1798.2800889573,,1813.2020263671875,9951439,,0,7.502849636630148,7.494585980962437,0.008263655667710701,0.008263655667710701,0.8297893916258462,Wednesday,0,-0.0013615051429551883,0.002642620001269691,0.004004125144224879,0.004004125144224879
2022-02-03,1805.8599432816,,1813.8485107421875,8799013,,0,7.5032061160203485,7.498792180184331,0.004413935836017124,0.004413935836017124,0.4423691599289123,Thursday,0,0.004206199221894025,0.00035647939020044817,0.0038497198316935766,-0.0038497198316935766
2022-02-04,1807.5400085424,,1818.555419921875,12780883,,0,7.505797739586469,7.499722088527867,0.00607565105860175,0.00607565105860175,0.6094145262299202,Friday,0,0.0009299083435356792,0.0025916235661203046,0.0016617152225846255,0.0016617152225846255
2022-02-05,1808.120122822,,1818.00048828125,8710228,,0,7.505492543318934,7.500042978359047,0.005449564959887354,0.005449564959887354,0.546444084911204,Saturday,0,0.000320889831179727,-0.00030519626753466866,0.0006260860987143957,-0.0006260860987143957
2022-02-06,1809.7100717785,,1817.72900390625,8482955,,0,7.505343200868629,7.500921930091625,0.00442127077700416,0.00442127077700416,0.44310590148119355,Sunday,0,0.000878951732578237,-0.00014934245030495674,0.0010282941828831937,-0.0010282941828831937
2022-02-07,1821.3549496596,,1824.65966796875,11071972,,0,7.509148765321624,7.507335980919628,0.0018127844019959483,0.0018127844019959483,0.18144284889486847,Monday,1,0.006414050828002615,0.0038055644529944033,0.002608486375008212,-0.002608486375008212
2022-02-08,1820.5700751076,,1830.7490234375,10667748,,0,7.5124804645189425,7.506904959106266,0.005575505412676485,0.005575505412676485,0.5591077470225086,Tuesday,0,-0.0004310218133616317,0.0033316991973189047,0.0037627210106805364,0.0037627210106805364
2022-02-09,1833.5150041117,,1839.468505859375,8819869,,0,7.517231953365033,7.513990170794887,0.0032417825701456238,0.0032417825701456238,0.3247042829932793,Wednesday,0,0.007085211688621307,0.004751488846090446,0.002333722842530861,-0.002333722842530861
2022-02-10,1826.5600832327,,1834.2081298828125,17542397,,0,7.514368130501245,7.510189740976369,0.004178389524875925,0.004178389524875925,0.4187131165472958,Thursday,0,-0.0038004298185185803,-0.002863822863788279,0.0009366069547303013,0.0009366069547303013
2022-02-11,1858.7598985935,,1870.1474609375,29478443,,0,7.533772562855963,7.527664823163548,0.00610773969241496,0.00610773969241496,0.612642996689175,Friday,0,0.01747508218717897,0.019404432354718004,0.0019293501675390345,0.0019293501675390345
2022-02-12,1858.5001197803,,1874.18994140625,41456922,,0,7.535931813802122,7.527525054187292,0.008406759614830506,0.008406759614830506,0.8442195649578241,Saturday,0,-0.00013976897625589402,0.002159250946159652,0.002299019922415546,0.002299019922415546
2022-02-13,1859.5400167433,,1883.4183349609375,23495885,,0,7.540843668061464,7.528084433296677,0.012759234764786243,0.012759234764786243,1.2840981104271578,Sunday,0,0.0005593791093856382,0.004911854259341375,0.004352475149955737,0.004352475149955737
2022-02-14,1862.6500481029,,1882.347412109375,42116075,,0,7.540274900404439,7.529755509748523,0.010519390655916006,0.010519390655916006,1.0574913965474457,Monday,1,0.001671076451845721,-0.0005687676570245159,0.002239844108870237,-0.002239844108870237
2022-02-15,1853.7900923818,,1858.8779296875,40247873,,0,7.52772832106167,7.524987520936027,0.0027408001256432613,0.0027408001256432613,0.27445595521352073,Tuesday,0,-0.004767988812496071,-0.012546579342768815,0.007778590530272744,-0.007778590530272744
2022-02-16,1869.3800593603,,1877.2119140625,21732750,,0,7.537542930619971,7.533362135825378,0.004180794794592657,0.004180794794592657,0.4189546509274318,Wednesday,0,0.008374614889350873,0.009814609558300269,0.0014399946689493959,0.0014399946689493959
2022-02-17,1899.8898633846,,1916.0260009765625,44660827,,0,7.558008528885786,7.549551196834717,0.008457332051069244,0.008457332051069244,0.8493196317820486,Thursday,0,0.0161890610093387,0.020465598265815288,0.004276537256476587,0.004276537256476587
2022-02-18,1898.109843237,,1914.9765625,46236922,,0,7.557460662636456,7.548613850644391,0.00884681199206483,0.00884681199206483,0.8886060689847048,Friday,0,-0.0009373461903257052,-0.0005478662493301201,0.00038947994099558514,0.00038947994099558514
2022-02-19,1898.2298247592,,1915.845458984375,26167186,,0,7.5579142971276445,7.5486770596998145,0.009237237427830003,0.009237237427830003,0.9280032373008155,Saturday,0,6.320905542356314e-05,0.0004536344911887369,0.00039042543576517375,0.00039042543576517375
2022-02-20,1904.1300962614,,1935.62939453125,53726598,,0,7.5681878210671565,7.55178054088545,0.01640728018170634,0.01640728018170634,1.6542618769429789,Sunday,0,0.003103481185635637,0.010273523939511975,0.007170042753876338,0.007170042753876338
2022-02-21,1910.2200401566,,1952.7620849609375,61614661,,0,7.577000103159485,7.554973718675645,0.022026384483840644,0.022026384483840644,2.2270756200866786,Monday,1,0.003193177790194568,0.008812282092328871,0.0056191043021343035,0.0056191043021343035
2022-02-22,1899.309980684,,1909.2366943359375,70283918,,0,7.554458804691407,7.549245931131988,0.005212873559418796,0.005212873559418796,0.5226484224740685,Tuesday,0,-0.005727787543656326,-0.022541298468078175,0.01681351092442185,-0.01681351092442185
2022-02-23,1910.9048268118,,1921.4500732421875,38328703,,0,7.560835426447026,7.555332140180501,0.005503286266525187,0.005503286266525187,0.5518457163552999,Wednesday,0,0.006086209048512536,0.0063766217556189275,0.0002904127071063911,0.0002904127071063911
2022-02-24,1911.5199469974,,1934.8109130859375,315521921,,0,7.567764881353604,7.555653988340927,0.012110893012676982,0.012110893012676982,1.2184526834325102,Thursday,0,0.00032184816042590825,0.006929454906577703,0.006607606746151795,0.006607606746151795
2022-02-25,1889.0700297151,,1897.6983642578125,72179605,,0,7.548397043599195,7.543839939188671,0.004557104410523927,0.004557104410523927,0.45675038018647823,Friday,0,-0.011814049152255812,-0.019367837754408868,0.007553788602153055,-0.007553788602153055
2022-02-26,1889.6900964932,,1889.6107177734375,32791330,,0,7.5441261174070275,7.544168124499702,-4.200709267454528e-05,4.200709267454528e-05,-0.004200621038853108,Saturday,0,0.0003281853110310706,-0.004270926192167401,0.004599111503198472,-0.004599111503198472
2022-02-27,1913.3999030672,,1914.879150390625,67927636,,0,7.557409792777799,7.556636992584089,0.0007728001937099549,0.0007728001937099549,0.07730988807168297,Sunday,0,0.012468868084386742,0.013283675370771242,0.0008148072863845002,0.0008148072863845002
2022-02-28,1907.2351346279,,1896.8333740234375,83374171,,0,7.547941129505432,7.553409898800706,-0.005468769295274178,0.005468769295274178,-0.5453842798723294,Monday,1,-0.0032270937833827062,-0.00946866327236684,0.006241569488984133,-0.006241569488984133
2022-03-01,1942.9801390513,,1933.0665283203125,72606683,,0,7.5668628957502255,7.571978227529675,-0.005115331779449228,0.005115331779449228,-0.5102270749832821,Tuesday,0,0.01856832872896863,0.01892176624479358,0.0003534375158249503,0.0003534375158249503
2022-03-02,1929.4079785265,,1923.6820068359375,49449365,,0,7.561996340453586,7.564968487965023,-0.002972147511437484,0.002972147511437484,-0.2967735053596871,Wednesday,0,-0.0070097395646513405,-0.004866555296639596,0.002143184268011744,0.002143184268011744
2022-03-03,1935.620113648,,1934.783203125,43458749,,0,7.567750559458281,7.568183026293154,-0.0004324668348729688,0.0004324668348729688,-0.04323733345706028,Thursday,0,0.0032145383281303452,0.0057542190046948605,0.0025396806765645152,0.0025396806765645152
2022-03-04,1970.0198440099,,1970.3067626953125,63765942,,0,7.585944526713604,7.585798894782773,0.0001456319308310583,0.0001456319308310583,0.014564253567542236,Friday,0,0.017615868489619046,0.018193967255323074,0.0005780987657040271,0.0005780987657040271
2022-03-05,1970.8398477802,,1973.5357666015625,41284546,,0,7.587582018374987,7.586215049554202,0.0013669688207853525,0.0013669688207853525,0.13679035485298227,Saturday,0,0.00041615477142897817,0.0016374916613832724,0.0012213368899542942,0.0012213368899542942
2022-03-06,1989.2975790248,,1993.0255126953125,45122881,,0,7.597409121282547,7.595536880043649,0.0018722412388987308,0.0018722412388987308,0.1873994976830015,Sunday,0,0.009321830489446903,0.009827102907560281,0.0005052724181133783,0.0005052724181133783
2022-03-07,1981.9048126793,,2005.298095703125,142200272,,0,7.603548004850624,7.5918136878432625,0.011734317007361383,0.011734317007361383,1.1803434188244422,Monday,1,-0.003723192200386194,0.006138883568076459,0.009862075768462653,0.009862075768462653
2022-03-08,2009.3499069872,,2055.900634765625,153369335,,0,7.628469296013002,7.605566519378963,0.02290277663403817,0.02290277663403817,2.316705896596312,Tuesday,0,0.013752831535700949,0.024921291162377734,0.011168459626676785,0.011168459626676785
2022-03-09,1991.1200030106,,1993.77685546875,121785235,,0,7.597786036270024,7.596452574980464,0.0013334612895592457,0.0013334612895592457,0.13343507443714459,Wednesday,0,-0.009113944398499108,-0.03068325974297803,0.021569315344478923,-0.021569315344478923
2022-03-10,1998.1401311659,,2001.5347900390625,109001157,,0,7.601669560264607,7.599972092467773,0.0016974677968342178,0.0016974677968342178,0.1698909310820878,Thursday,0,0.003519517487308832,0.003883523994583804,0.0003640065072749721,0.0003640065072749721
2022-03-11,1987.7400171224,,1987.0440673828125,77278558,,0,7.594403420153307,7.594753602569208,-0.00035018241590112353,0.00035018241590112353,-0.035012110919571494,Friday,0,-0.005218489898565437,-0.007266140111300778,0.0020476502127353413,-0.0020476502127353413
2022-03-12,1988.1948939974,,1992.0445556640625,26206887,,0,7.596916805195636,7.594982417621342,0.001934387574293872,0.001934387574293872,0.19362597088872596,Saturday,0,0.00022881505213412368,0.0025133850423291193,0.0022845699901949956,0.0022845699901949956
2022-03-13,1974.5098674156,,1986.010986328125,41738106,,0,7.59388337647709,7.588075478139185,0.005807898337905293,0.005807898337905293,0.5824796878619122,Sunday,0,-0.006906939482156815,-0.0030334287185453945,0.0038735107636114208,0.0038735107636114208
2022-03-14,1954.1398550536,,1960.9246826171875,46145762,,0,7.58117141781836,7.577705403763867,0.003466014054493094,0.003466014054493094,0.3472027626907666,Monday,1,-0.010370074375318339,-0.012711958658730538,0.002341884283412199,-0.002341884283412199
2022-03-15,1916.8798716304,,1926.21484375,56174348,,0,7.563312135332145,7.558454076309252,0.004858059022893713,0.004858059022893713,0.48698785238222436,Tuesday,0,-0.019251327454615108,-0.01785928248621449,0.0013920449684006186,0.0013920449684006186
2022-03-16,1927.279875729,,1935.5889892578125,53131352,,0,7.568166946360833,7.563864896959524,0.0043020494013088495,0.0043020494013088495,0.4311316500240829,Wednesday,0,0.005410820650272541,0.004854811028687678,0.0005560096215848631,-0.0005560096215848631
2022-03-17,1942.0100269862,,1949.94775390625,35716592,,0,7.575557858330267,7.571478812064615,0.004079046265652586,0.004079046265652586,0.408737689803203,Thursday,0,0.007613915105090463,0.0073909119694342,0.0002230031356562634,-0.0002230031356562634
2022-03-18,1944.2898733995,,1923.8309326171875,43969484,,0,7.5620737545045165,7.5726520857353385,-0.01057833123082208,0.01057833123082208,-1.0522577452168198,Friday,0,0.001173273670723951,-0.013484103825750715,0.014657377496474666,-0.014657377496474666
2022-03-19,1920.0801211033,,1918.906494140625,23097412,,0,7.559510768473803,7.560122193892468,-0.0006114254186648793,0.0006114254186648793,-0.06112385362338613,Saturday,0,-0.012529891842870455,-0.0025629860307132546,0.0099669058121572,0.0099669058121572
2022-03-20,1918.4298955837,,1922.8214111328125,26567189,,0,7.561548871350366,7.559262367754673,0.0022865035956929347,0.0022865035956929347,0.2289119638524136,Sunday,0,-0.0008598261377947836,0.0020381028765630305,0.002897929014357814,0.002897929014357814
2022-03-21,1936.3948510486,,1937.5362548828125,35987190,,0,7.569172473250012,7.568583199029057,0.000589274220955005,0.000589274220955005,0.05894478771178315,Monday,1,0.009320831274383323,0.007623601899645394,0.0016972293747379297,-0.0016972293747379297
2022-03-22,1920.8601765539,,1919.9093017578125,30995386,,0,7.56003322523824,7.560528373317751,-0.0004951480795103436,0.0004951480795103436,-0.04950255139306008,Tuesday,0,-0.008054825711306002,-0.00913924801177135,0.0010844223004653486,-0.0010844223004653486
2022-03-23,1946.8259533704,,1947.2906494140625,30664424,,0,7.574194274875053,7.5739556091681575,0.00023866570689534683,0.00023866570689534683,0.02386941898211679,Wednesday,0,0.013427235850406838,0.014161049636812528,0.0007338137864056904,0.0007338137864056904
2022-03-24,1958.8600218217,,1955.8692626953125,47128927,,0,7.578590009248104,7.5801179614976135,-0.0015279522495097453,0.0015279522495097453,-0.15267855247799467,Thursday,0,0.006162352329456056,0.0043957343730509635,0.0017666179564050921,-0.0017666179564050921
2022-03-25,1958.1998738528,,1957.9649658203125,25742353,,0,7.579660930090904,7.579780898499991,-0.00011996840908690132,0.00011996840908690132,-0.011996121316529542,Friday,0,-0.00033706299762226166,0.0010709208428005823,0.001407983840422844,0.001407983840422844
2022-03-26,1957.9000582084,,1964.4266357421875,10849971,,0,7.5829556932984685,7.579627778993244,0.003327914305224944,0.003327914305224944,0.33334579599327224,Saturday,0,-0.0001531195067476787,0.0032947632075641664,0.003447882714311845,0.003447882714311845
2022-03-27,1958.0200501253,,1953.05029296875,18872215,,0,7.577147682193217,7.579689063142878,-0.002541380949661054,0.002541380949661054,-0.2538154374993249,Sunday,0,6.12841496341332e-05,-0.005808011105251865,0.005869295254885998,-0.005869295254885998
2022-03-28,1922.8251069427,,1925.2591552734375,37089113,,0,7.562815863776674,7.56155079342504,0.0012650703516339235,0.0012650703516339235,0.126587089067489,Monday,1,-0.01813826971783783,-0.014331818416542852,0.0038064513012949774,0.0038064513012949774
2022-03-29,1917.8599751254,,1919.1064453125,32492598,,0,7.559614963626456,7.5589652471085795,0.0006497165178762643,0.0006497165178762643,0.06499276293716018,Tuesday,0,-0.002585546316460352,-0.0032009001502180112,0.0006153538337576592,-0.0006153538337576592
2022-03-30,1932.0998292797,,1930.0699462890625,16846677,,0,7.565311522842771,7.566362684907363,-0.0010511620645914377,0.0010511620645914377,-0.10506097872770594,Wednesday,0,0.007397437798783102,0.0056965592163154,0.001700878582467702,-0.001700878582467702
2022-03-31,1936.1901431658,,1934.3636474609375,20926953,,0,7.567533687014866,7.568477477458944,-0.0009437904440776634,0.0009437904440776634,-0.09433452139551061,Thursday,0,0.0021147925515814237,0.002222164172095198,0.00010737162051377425,0.00010737162051377425
2022-04-01,1925.1249598611,,1923.2642822265625,20050246,,0,7.5617791684009354,7.562746158828607,-0.0009669904276714547,0.0009669904276714547,-0.09665230430921086,Friday,0,-0.005731318630337157,-0.005754518613930948,2.3199983593791274e-05,-2.3199983593791274e-05
2022-04-02,1924.3499545853,,1921.9178466796875,12425683,,0,7.561078844953688,7.562343503763438,-0.001264658809750685,0.001264658809750685,-0.12638594657990537,Saturday,0,-0.00040265506516856675,-0.000700323447247797,0.0002976683820792303,-0.0002976683820792303
2022-04-03,1923.6299666923,,1923.289306640625,13612274,,0,7.5617921797439385,7.561969287724825,-0.0001771079808863263,0.0001771079808863263,-0.01770922981933094,Sunday,0,-0.0003742160386135396,0.0007133347902508191,0.0010875508288643587,0.0010875508288643587
2022-04-04,1932.0998292797,,1931.5870361328125,17008058,,0,7.566097242511144,7.566362684907363,-0.00026544239621895116,0.00026544239621895116,-0.026540716950363863,Monday,1,0.004393397182537839,0.004305062767205214,8.833441533262487e-05,-8.833441533262487e-05
2022-04-05,1921.9001288442,,1920.6434326171875,15178754,,0,7.56041553003606,7.56106962608037,-0.0006540960443093269,0.0006540960443093269,-0.0653882170125189,Tuesday,0,-0.005293058826993047,-0.0056817124750834225,0.0003886536480903757,-0.0003886536480903757
2022-04-06,1920.2198574928,,1922.1025390625,28771587,,0,7.561174938295773,7.560194967576993,0.0009799707187800877,0.0009799707187800877,0.0980451046974492,Wednesday,0,-0.0008746585033767573,0.0007594082597126572,0.0016340667630894146,0.0016340667630894146
2022-04-07,1932.3600551032,,1930.3642578125,15227799,,0,7.56546399870867,7.566497361333916,-0.0010333626252458927,0.0010333626252458927,-0.1032828889952097,Thursday,0,0.006302393756922875,0.0042890604128968945,0.0020133333440259804,-0.0020133333440259804
2022-04-08,1947.1201119983,,1945.3973388671875,16883884,,0,7.573221522524046,7.574106694274896,-0.0008851717508502333,0.0008851717508502333,-0.08847801019036437,Friday,0,0.007609332940980096,0.007757523815375755,0.00014819087439565948,0.00014819087439565948
2022-04-09,1947.2998351027,,1949.1146240234375,12493837,,0,7.575130509488552,7.574198992027561,0.0009315174609909604,0.0009315174609909604,0.09319514581286062,Saturday,0,9.229775266561546e-05,0.0019089869645068092,0.0018166892118411937,0.0018166892118411937
2022-04-10,1945.35989839,,1943.121337890625,10581502,,0,7.572050896161837,7.573202276667825,-0.0011513805059877313,0.0011513805059877313,-0.11507179217724979,Sunday,0,-0.0009967153597365552,-0.003079613326715247,0.002082897966978692,-0.002082897966978692
2022-04-11,1953.0899054158,,1953.7210693359375,38851823,,0,7.577491073864534,7.577167964336222,0.00032310952831249296,0.00032310952831249296,0.03231617338184059,Monday,1,0.003965687668396889,0.005440177702697113,0.0014744900343002243,0.0014744900343002243
2022-04-12,1965.3999205585,,1968.8414306640625,37504300,,0,7.585200542467817,7.583451025508309,0.0017495169595074245,0.0017495169595074245,0.1751048257183438,Tuesday,0,0.006283061172087656,0.007709468603282588,0.0014264074311949315,0.0014264074311949315
2022-04-13,1978.7400214614,,1981.0634765625,520817680,,0,7.59138908887197,7.59021556833293,0.0011735205390399628,0.0011735205390399628,0.11742093836986683,Wednesday,0,0.0067645428246203565,0.006188546404152895,0.0005759964204674617,-0.0005759964204674617
2022-04-14,1970.310183962,,1975.895751953125,127996917,,0,7.588777119807365,7.5859462631253045,0.002830856682060734,0.002830856682060734,0.2834867340477906,Thursday,0,-0.004269305207625251,-0.00261196906460448,0.0016573361430207711,0.0016573361430207711
2022-04-15,1972.3301799061,,1981.21923828125,14416925,,0,7.591467711085496,7.586970955176531,0.004496755908965255,0.004496755908965255,0.45068814875474544,Friday,0,0.0010246920512262392,0.0026905912781307606,0.0016658992269045214,0.0016658992269045214
2022-04-16,1974.3999305011,,1980.1348876953125,12695923,,0,7.590920246466815,7.588019798511058,0.002900447955756391,0.002900447955756391,0.2904658324596355,Saturday,0,0.0010488433345274828,-0.0005474646186813814,0.0015963079532088642,-0.0015963079532088642
2022-04-17,1979.8000995839,,1986.3134765625,13243912,,0,7.594035675332728,7.590751158785686,0.0032845165470423154,0.0032845165470423154,0.3289916481956421,Sunday,0,0.0027313602746277255,0.0031154288659136498,0.0003840685912859243,0.0003840685912859243
2022-04-18,1976.6400676802,,1979.8944091796875,40813904,,0,7.590798793569427,7.589153746747558,0.0016450468218698333,0.0016450468218698333,0.16464006536641895,Monday,1,-0.001597412038128354,-0.003236881763300836,0.0016394697251724821,-0.0016394697251724821
2022-04-19,1948.8500907482,,1955.1236572265625,28814502,,0,7.5782087221974495,7.574994780565897,0.0032139416315528635,0.0032139416315528635,0.3219111879433433,Tuesday,0,-0.014158966181661015,-0.012590071371977984,0.0015688948096830302,0.0015688948096830302
2022-04-20,1955.2100482155,,1962.8897705078125,24320875,,0,7.582173039112328,7.578252908190493,0.003920130921835074,0.003920130921835074,0.39278246852924037,Wednesday,0,0.0032581276245959856,0.0039643169148781965,0.0007061892902822109,0.0007061892902822109
2022-04-21,1952.1599771675,,1959.189453125,29024984,,0,7.580286122367547,7.576691719131006,0.003594403236541588,0.003594403236541588,0.3600870850604873,Thursday,0,-0.0015611890594868783,-0.0018869167447803648,0.0003257276852934865,-0.0003257276852934865
2022-04-22,1931.5299668182,,1937.474853515625,25311213,,0,7.5691407823126315,7.566067696776663,0.0030730855359681897,0.0030730855359681897,0.30778123040037914,Friday,0,-0.010624022354342344,-0.011145340054915742,0.0005213177005733982,-0.0005213177005733982
2022-04-23,1931.6400319261,,1934.8197021484375,14889423,,0,7.567769423938349,7.5661246785341145,0.0016447454042340937,0.0016447454042340937,0.164609873981904,Saturday,0,5.6981757451168846e-05,-0.0013713583742829272,0.001428340131734096,-0.001428340131734096
2022-04-24,1931.8348219409,,1935.5460205078125,13024249,,0,7.568144746799261,7.566225515227678,0.0019192315715832464,0.0019192315715832464,0.19210744752928505,Sunday,0,0.00010083669356308889,0.00037532286091224165,0.00027448616734915277,0.00027448616734915277
2022-04-25,1898.7978710678,,1907.7977294921875,41737904,,0,7.553704834592037,7.548976265477777,0.004728569114259784,0.004728569114259784,0.4739766439345273,Monday,1,-0.017249249749900386,-0.014439912207223848,0.0028093375426765377,0.0028093375426765377
2022-04-26,1900.3299732966,,1908.0391845703125,26343621,,0,7.5538313887838875,7.549782820231721,0.004048568552166287,0.004048568552166287,0.40567750769825317,Tuesday,0,0.0008065547539439777,0.0001265541918504809,0.0006800005620934968,-0.0006800005620934968
2022-04-27,1884.7299182027,,1894.2547607421875,22388187,,0,7.546580774068025,7.541539810148564,0.005040963919461738,0.005040963919461738,0.505369095460134,Wednesday,0,-0.008243010083157642,-0.007250614715862191,0.000992395367295451,0.000992395367295451
2022-04-28,1894.0498801824,,1900.843994140625,21182383,,0,7.550053273966047,7.546472609292799,0.003580664673248357,0.003580664673248357,0.3587082911232842,Thursday,0,0.004932799144235389,0.003472499898022008,0.0014602992462133813,-0.0014602992462133813
2022-04-29,1896.960159284,,1904.9727783203125,24916402,,0,7.552222997863067,7.548007967755588,0.004215030107479478,0.004215030107479478,0.4223925841087196,Friday,0,0.0015353584627888495,0.0021697238970199706,0.0006343654342311211,0.0006343654342311211
2022-04-30,1896.960159284,,1901.595947265625,15359590,,0,7.550448784820335,7.548007967755588,0.0024408170647474137,0.0024408170647474137,0.2443798283763024,Saturday,0,0.0,-0.0017742130427320646,0.0017742130427320646,-0.0017742130427320646
2022-05-01,1898.6900747305,,1904.3314208984375,17176271,,0,7.551886265801571,7.54891949303301,0.0029667727685609435,0.0029667727685609435,0.2971177994248551,Sunday,0,0.0009115252774218874,0.0014374809812354172,0.0005259557038135299,0.0005259557038135299
2022-05-02,1862.3999332516,,1869.7327880859375,28588752,,0,7.533550805566611,7.529621221697127,0.0039295838694837215,0.0039295838694837215,0.3937314807316866,Monday,1,-0.01929827133588269,-0.01833546023495991,0.000962811100922778,0.000962811100922778
2022-05-03,1868.8549712477,,1871.646240234375,25412156,,0,7.534573664945883,7.533081207466538,0.0014924574793448997,0.0014924574793448997,0.14935717482729655,Tuesday,0,0.003459985769411311,0.0010228593792724894,0.002437126390138822,-0.002437126390138822
2022-05-04,1887.2400491966,,1889.063232421875,22291876,,0,7.543836340960259,7.542870749358649,0.0009655916016102495,0.0009655916016102495,0.09660579352643131,Wednesday,0,0.009789541892110343,0.009262676014375693,0.0005268658777346502,-0.0005268658777346502
2022-05-05,1876.850104991,,1878.2572021484375,26541595,,0,7.538099605741286,7.537350174575566,0.0007494311657199049,0.0007494311657199049,0.07497120594210517,Thursday,0,-0.0055205747830822105,-0.005736735218972555,0.00021616043589034462,-0.00021616043589034462
2022-05-06,1873.8399759399,,1885.41748046875,24742024,,0,7.541904550409868,7.535745067444657,0.0061594829652102945,0.0061594829652102945,0.6178491588131986,Friday,0,-0.0016051071309091114,0.0038049446685812782,0.00541005179949039,0.00541005179949039
2022-05-07,1882.9600961213,,1887.6229248046875,15390733,,0,7.54307360472693,7.540600336781677,0.0024732679452528217,0.0024732679452528217,0.24763289954962006,Saturday,0,0.004855269337019408,0.001169054317061935,0.003686215019957473,-0.003686215019957473
2022-05-08,1880.6901455786,,1884.9791259765625,22772247,,0,7.54167202606831,7.53939408717177,0.002277938896540377,0.002277938896540377,0.22805353705104286,Sunday,0,-0.0012062496099067843,-0.0014015786586192291,0.00019532904871244483,-0.00019532904871244483
2022-05-09,1854.5949351383,,1851.6351318359375,42039957,,0,7.523824382748955,7.525421587389841,-0.0015972046408867513,0.0015972046408867513,-0.15959297883781137,Monday,1,-0.013972499781928605,-0.017847643319355733,0.003875143537427128,-0.003875143537427128
2022-05-10,1838.3998714591,,1836.51708984375,38171346,,0,7.515626170875967,7.516650837174504,-0.001024666298537369,0.001024666298537369,-0.10241415072857439,Tuesday,0,-0.00877075021533713,-0.008198211872987748,0.0005725383423493824,0.0005725383423493824
2022-05-11,1853.3599376975,,1858.1436767578125,63399506,,0,7.527333245101948,7.52475545334624,0.0025777917557077146,0.0025777917557077146,0.2581117117625543,Wednesday,0,0.00810461617173619,0.011707074225981273,0.0036024580542450835,0.0036024580542450835
2022-05-12,1820.7000118163,,1836.1474609375,132157244,,0,7.515424884370006,7.506976327999896,0.008448556370110438,0.008448556370110438,0.8484346142113677,Thursday,0,-0.01777912534634485,-0.011908360731942125,0.005870764614402724,0.005870764614402724
2022-05-13,1811.4501401066,,1809.033447265625,45586626,,0,7.500547974591768,7.5018829858639275,-0.0013350112721592922,0.0013350112721592922,-0.13341205410339127,Friday,0,-0.005093342135968015,-0.014876909778237746,0.00978356764226973,-0.00978356764226973
2022-05-14,1811.3198798153,,1811.5555419921875,19298936,,0,7.501941170639148,7.501811073879098,0.00013009676004926973,0.00013009676004926973,0.013010522299985753,Saturday,0,-7.191198482914274e-05,0.0013931960473794192,0.001465108032208562,0.001465108032208562
2022-05-15,1811.6700173504,,1811.1312255859375,17881023,,0,7.501706915548706,7.502004360388931,-0.0002974448402248697,0.0002974448402248697,-0.029740060789355177,Sunday,0,0.0001932865098321912,-0.00023425509044194825,0.00042754160027413945,-0.00042754160027413945
2022-05-16,1827.4650081569,,1825.4122314453125,27983472,,0,7.509561120753498,7.510685044057255,-0.0011239233037576568,0.0011239233037576568,-0.11232919385186213,Monday,1,0.00868068366832464,0.007854205204791853,0.0008264784635327871,-0.0008264784635327871
2022-05-17,1813.9398374202,,1819.4710693359375,26290099,,0,7.506301116588313,7.503256464425088,0.0030446521632248036,0.0030446521632248036,0.3049291824145596,Tuesday,0,-0.007428579632167143,-0.0032600041651846823,0.00416857546698246,0.00416857546698246
2022-05-18,1816.8898443307,,1816.9766845703125,23217152,,0,7.504929236486827,7.504881441534019,4.7794952807933555e-05,4.7794952807933555e-05,0.004779609500456341,Wednesday,0,0.0016249771089311693,-0.0013718801014857007,0.00299685721041687,-0.00299685721041687
2022-05-19,1844.0899406922,,1852.999755859375,36375663,,0,7.5245610945311014,7.519741177705939,0.004819916825162807,0.004819916825162807,0.4831551309168094,Thursday,0,0.01485973617191938,0.019631858044274253,0.004772121872354873,0.004772121872354873
2022-05-20,1846.6449969032,,1852.8560791015625,25578600,,0,7.524483554138661,7.521125756475417,0.0033577976632441775,0.0033577976632441775,0.33634413808708896,Friday,0,0.001384578769478395,-7.754039244023403e-05,0.0014621191619186291,-0.0014621191619186291
2022-05-21,1846.6149885307,,1853.7691650390625,15293521,,0,7.524976231922806,7.5211095061314825,0.003866725791323411,0.003866725791323411,0.3874211220420616,Saturday,0,-1.6250343934487432e-05,0.0004926777841447461,0.0005089281280792335,0.0005089281280792335
2022-05-22,1846.3398435892,,1852.4852294921875,17685377,,0,7.524283383854885,7.520960495404562,0.003322888450322914,0.003322888450322914,0.33284153642274106,Sunday,0,-0.00014901072692019568,-0.0006928480679206928,0.0005438373410004971,-0.0005438373410004971
2022-05-23,1854.3899622613,,1854.969482421875,22504295,,0,7.525623523381612,7.525311059640132,0.0003124637414799736,0.0003124637414799736,0.031251256335978285,Monday,1,0.004350564235569898,0.0013401395267269578,0.0030104247088429403,-0.0030104247088429403
2022-05-24,1866.6498917063,,1870.3046875,20702864,,0,7.533856631068228,7.53190060142884,0.0019560296393876797,0.0019560296393876797,0.19579439132847734,Tuesday,0,0.006589541788708075,0.008233107686615782,0.0016435658979077061,0.0016435658979077061
2022-05-25,1853.2599862451,,1857.5,19915929,,0,7.526986776591914,7.524701522026344,0.0022852545655700496,0.0022852545655700496,0.22878677500023803,Wednesday,0,-0.007199079402496089,-0.006869854476313719,0.00032922492618236987,0.00032922492618236987
2022-05-26,1852.1680924039,,1850.585693359375,26296128,,0,7.523257458973081,7.524112173724541,-0.0008547147514601505,0.0008547147514601505,-0.08543495868515476,Thursday,0,-0.0005893483018031276,-0.0037293176188333277,0.0031399693170302,-0.0031399693170302
2022-05-27,1852.8901565952,,1854.06201171875,26087988,,0,7.525134193095436,7.524501945842502,0.0006322472529340928,0.0006322472529340928,0.06324471633565476,Friday,0,0.00038977211796087374,0.001876734122355117,0.0014869620043942433,0.0014869620043942433
2022-05-28,1852.8901565952,,1855.6927490234375,15000448,,0,7.526013354934909,7.524501945842502,0.001511409092406879,0.001511409092406879,0.15125518467793794,Saturday,0,0.0,0.0008791618394727863,0.0008791618394727863,0.0008791618394727863
2022-05-29,1850.019989466,,1851.8785400390625,12722516,,0,7.523955829923201,7.5229517231307526,0.0010041067924486669,0.0010041067924486669,0.10046110764451753,Sunday,0,-0.0015502227117494272,-0.0020575250117076394,0.0005073022999582122,-0.0005073022999582122
2022-05-30,1852.8499890033,,1857.5770263671875,22439108,,0,7.527028243493759,7.524480267262611,0.002547976231148219,0.002547976231148219,0.25512250813301846,Monday,1,0.0015285441318582116,0.0030724135705577638,0.0015438694386995522,0.0015438694386995522
2022-05-31,1837.7650424744,,1838.10595703125,20786170,,0,7.516490949257994,7.516305461487682,0.00018548777031224262,0.00018548777031224262,0.018550497423275216,Tuesday,0,-0.008174805774928906,-0.010537294235764882,0.0023624884608359764,-0.0023624884608359764
2022-06-01,1846.9198916966,,1850.5731201171875,22964220,,0,7.523250664753853,7.521274607139855,0.0019760576139979946,0.0019760576139979946,0.1978011302499777,Wednesday,0,0.00496914565217299,0.006759715495858742,0.001790569843685752,0.001790569843685752
2022-06-02,1869.1798412692,,1871.1458740234375,19291973,,0,7.534306289041134,7.533255026084401,0.00105126295673319,0.00105126295673319,0.10518157273205123,Thursday,0,0.011980418944546045,0.01105562428728124,0.0009247946572648047,-0.0009247946572648047
2022-06-03,1851.1600664789,,1855.750732421875,17803655,,0,7.526044600674596,7.523567784512109,0.002476816162486628,0.002476816162486628,0.24798860055937205,Friday,0,-0.009687241572291505,-0.008261688366538067,0.0014255532057534381,0.0014255532057534381
2022-06-04,1850.5999552525,,1860.4044189453125,14734648,,0,7.528549172613361,7.523265165634934,0.005284006978427236,0.005284006978427236,0.5297991964705732,Saturday,0,-0.0003026188771757532,0.0025045719387648546,0.002807190815940608,0.002807190815940608
2022-06-05,1852.1001704673,,1857.8875732421875,15180660,,0,7.527195407985519,7.524075501468761,0.0031199065167584195,0.0031199065167584195,0.31247784904784,Sunday,0,0.0008103358338269473,-0.0013537646278418691,0.0021641004616688164,-0.0021641004616688164
2022-06-06,1839.4498720479,,1845.4556884765625,21951981,,0,7.520481511602853,7.517221823316166,0.0032596882866871013,0.0032596882866871013,0.32650068479311417,Monday,1,-0.006853678152594966,-0.0067138963826662845,0.00013978176992868185,0.00013978176992868185
2022-06-07,1851.7218884082,,1855.9364013671875,23788812,,0,7.526144646254288,7.523871235683632,0.002273410570655443,0.002273410570655443,0.22759967278944515,Tuesday,0,0.006649412367466745,0.005663134651435087,0.0009862777160316583,-0.0009862777160316583
2022-06-08,1854.0299937556,,1855.5433349609375,22113825,,0,7.525932835097744,7.525116923856644,0.0008159112410996983,0.0008159112410996983,0.08162441872216554,Wednesday,0,0.0012456881730118496,-0.00021181115654389515,0.0014574993295557448,-0.0014574993295557448
2022-06-09,1846.4898504916,,1847.1278076171875,19930034,,0,7.521387175215707,7.521041737657744,0.00034543755796256903,0.00034543755796256903,0.034549722838587184,Thursday,0,-0.004075186198900127,-0.004545659882037256,0.00047047368313712923,-0.00047047368313712923
2022-06-10,1871.2200186112,,1873.05224609375,30228587,,0,7.535324596392342,7.534345913487219,0.0009786829051225965,0.0009786829051225965,0.09791619715087724,Friday,0,0.013304175829475184,0.013937421176635212,0.0006332453471600274,0.0006332453471600274
2022-06-11,1871.2200186112,,1880.1636962890625,32613293,,0,7.539114124527588,7.534345913487219,0.0047682110403686195,0.0047682110403686195,0.47795970484007694,Saturday,0,0.0,0.003789528135246023,0.003789528135246023,0.003789528135246023
2022-06-12,1875.8650082519,,1882.6060791015625,37728853,,0,7.540412308206792,7.536825169755323,0.003587138451469407,0.003587138451469407,0.3593579932462427,Sunday,0,0.0024792562681037467,0.0012981836792045343,0.0011810725888992124,-0.0011810725888992124
2022-06-13,1820.7199017248,,1826.7669677734375,108629717,,0,7.5103029991315085,7.5069872522596475,0.0033157468718609806,0.0033157468718609806,0.3321250041211225,Monday,1,-0.029837917495675548,-0.030109309075283974,0.0002713915796084265,-0.0002713915796084265
2022-06-14,1809.6599648926,,1815.4091796875,70203456,,0,7.504066164644412,7.500894241910867,0.0031719227335447187,0.0031719227335447187,0.3176958603513729,Tuesday,0,-0.006093010348780403,-0.006236834487096665,0.00014382413831626195,-0.00014382413831626195
2022-06-15,1833.3499557063,,1838.349609375,94792017,,0,7.516623496674769,7.513900149260241,0.0027233474145278436,0.0027233474145278436,0.2727059093730852,Wednesday,0,0.013005907349374013,0.012557332030357138,0.0004485753190168751,-0.0004485753190168751
2022-06-16,1851.484983531,,1858.1270751953125,36496779,,0,7.527324310573972,7.523743289886535,0.003581020687437153,0.003581020687437153,0.3587440202536966,Thursday,0,0.009843140626293767,0.010700813899203077,0.0008576732729093095,0.0008576732729093095
2022-06-17,1839.4200970625,,1842.1546630859375,36963371,,0,7.518691178049333,7.517205636288273,0.0014855417610597499,0.0014855417610597499,0.14866457248154238,Friday,0,-0.006537653598261528,-0.008633132524638931,0.002095478926377403,-0.002095478926377403
2022-06-18,1839.4200970625,,1826.27490234375,51830096,,0,7.51003359875223,7.517205636288273,-0.007172037536043341,0.007172037536043341,-0.7146379850770607,Saturday,0,0.0,-0.00865757929710309,0.00865757929710309,-0.00865757929710309
2022-06-19,1838.4600323385,,1842.9244384765625,36503685,,0,7.519108957630507,7.516683561227625,0.002425396402881752,0.002425396402881752,0.24283400560978272,Sunday,0,-0.000522075060648497,0.009075358878276596,0.009597433938925093,0.009597433938925093
2022-06-20,1837.2700518735,,1846.912841796875,29267901,,0,7.521270790020763,7.516036081418548,0.005234708602214866,0.005234708602214866,0.5248433627676022,Monday,1,-0.0006474798090767564,0.0021618323902563574,0.002809312199333114,0.002809312199333114
2022-06-21,1830.8600245262,,1835.442138671875,22035945,,0,7.515040678970592,7.512541094196923,0.0024995847736688503,0.0024995847736688503,0.2502711340186006,Tuesday,0,-0.003494987221625223,-0.006230111050171239,0.0027351238285460155,-0.0027351238285460155
2022-06-22,1837.3500561586,,1841.5050048828125,21631025,,0,7.518338453710812,7.516079625666802,0.0022588280440096753,0.0022588280440096753,0.2261381118032246,Wednesday,0,0.00353853146987948,0.003297774740220305,0.00024075672965917505,-0.00024075672965917505
2022-06-23,1823.9750947145,,1828.6800537109375,20878086,,0,7.511349703461194,7.5087735163275156,0.002576187133678687,0.002576187133678687,0.25795083551696607,Thursday,0,-0.00730610933928677,-0.006988750249617759,0.0003173590896690115,0.0003173590896690115
2022-06-24,1827.2299285644,,1824.953857421875,21693323,,0,7.509309982092504,7.510556398795806,-0.0012464167033021667,0.0012464167033021667,-0.12456402486321677,Friday,0,0.0017828824682908362,-0.0020397213686900173,0.0038226038369808535,-0.0038226038369808535
2022-06-25,1827.2299285644,,1824.4930419921875,13635979,,0,7.509057442217373,7.510556398795806,-0.0014989565784331305,0.0014989565784331305,-0.14978337041375453,Saturday,0,0.0,-0.00025253987513096376,0.00025253987513096376,-0.00025253987513096376
2022-06-26,1831.0179196231,,1830.399658203125,19289949,,0,7.512289614452029,7.512627331422415,-0.00033771697038620374,0.00033771697038620374,-0.03376599504292161,Sunday,0,0.0020709326266086237,0.0032321722346555504,0.0011612396080469267,0.0011612396080469267
2022-06-27,1822.8499712445,,1828.3475341796875,21744230,,0,7.511167851110248,7.50815647356547,0.0030113775447784263,0.0030113775447784263,0.3015916296958976,Monday,1,-0.00447085785694501,-0.0011217633417803796,0.00334909451516463,0.00334909451516463
2022-06-28,1818.6199402583,,1822.8858642578125,44240909,,0,7.508176163973625,7.505833217851904,0.0023429461217210346,0.0023429461217210346,0.23456929648020133,Tuesday,0,-0.0023232557135663967,-0.0029916871366237885,0.0006684314230573918,-0.0006684314230573918
2022-06-29,1818.4198658734,,1823.1533203125,19615002,,0,7.508322874440314,7.505723197398036,0.0025996770422773707,0.0025996770422773707,0.2603059132785252,Wednesday,0,-0.00011002045386732107,0.0001467104666890151,0.0002567309205563362,0.0002567309205563362
2022-06-30,1805.7999404808,,1814.8082275390625,23805763,,0,7.503735081358474,7.49875895291336,0.004976128445113304,0.004976128445113304,0.49885299341986256,Thursday,0,-0.00696424448467603,-0.004587793081840097,0.002376451402835933,0.002376451402835933
2022-07-01,1810.5200266146,,1807.8236083984375,31234855,,0,7.499878974466139,7.501369390516848,-0.001490416050708987,0.001490416050708987,-0.14893059322875604,Friday,0,0.0026104376034874477,-0.003856106892334843,0.006466544495822291,-0.006466544495822291
2022-07-02,1810.5200266146,,1812.9820556640625,11363639,,0,7.502728313112964,7.501369390516848,0.0013589225961165852,0.0013589225961165852,0.13598463498170013,Saturday,0,0.0,0.002849338646825572,0.002849338646825572,0.002849338646825572
2022-07-03,1809.6999191788,,1812.2498779296875,13501736,,0,7.502324378822556,7.500916320006156,0.0014080588164002705,0.0014080588164002705,0.14090505966561787,Sunday,0,-0.0004530705106917665,-0.00040393429040808115,4.913622028368536e-05,4.913622028368536e-05
2022-07-04,1808.789923159,,1813.0731201171875,17046530,,0,7.502778540949404,7.5004133499392855,0.0023651910101181173,0.0023651910101181173,0.23679902808763242,Monday,1,-0.0005029700668703896,0.00045416212684745716,0.0009571321937178467,0.0009571321937178467
2022-07-05,1767.7501560923,,1770.947265625,28308864,,0,7.479269860730241,7.477462918784332,0.0018069419459090241,0.0018069419459090241,0.18085754492407838,Tuesday,0,-0.02295043115495332,-0.023508680219162414,0.0005582490642090931,-0.0005582490642090931
2022-07-06,1739.6550542372,,1743.6226806640625,23166512,,0,7.463720228231035,7.461442127864234,0.0022781003668015387,0.0022781003668015387,0.2280697209023599,Wednesday,0,-0.01602079092009845,-0.015549632499205934,0.0004711584208925146,0.0004711584208925146
2022-07-07,1739.879944804,,1744.0894775390625,19269777,,0,7.463987909081182,7.461571392589075,0.002416516492107057,0.002416516492107057,0.24194386214025687,Thursday,0,0.00012926472484142693,0.0002676808501469452,0.00013841612530551828,0.00013841612530551828
2022-07-08,1742.4301429263,,1744.2188720703125,24155305,,0,7.464062096634771,7.463036051688322,0.0010260449464487564,0.0010260449464487564,0.10265715106422538,Friday,0,0.0014646590992466457,7.418755358834517e-05,0.0013904715456583006,-0.0013904715456583006
2022-07-09,1741.8999041607,,1739.7386474609375,10460214,,0,7.4614901783183765,7.462731695463436,-0.0012415171450594897,0.0012415171450594897,-0.12407467814885423,Saturday,0,-0.0003043562248858933,-0.0025719183163941395,0.002267562091508246,-0.002267562091508246
2022-07-10,1743.9650090861,,1743.0693359375,9953794,,0,7.463402824383163,7.463916540670229,-0.0005137162870658685,0.0005137162870658685,-0.05135843574461498,Sunday,0,0.0011848452067928505,0.0019126460647864718,0.0007278008579936213,0.0007278008579936213
2022-07-11,1733.9400736439,,1733.929931640625,15465737,,0,7.458145748012291,7.458151597137697,-5.849125405354982e-06,5.849125405354982e-06,-0.000584910829913321,Monday,1,-0.005764943532532207,-0.005257076370871694,0.0005078671616605135,0.0005078671616605135
2022-07-12,1726.0601072815,,1726.2158203125,26747311,,0,7.4536869045636855,7.453596695649699,9.020891398670017e-05,9.020891398670017e-05,0.009021298293328196,Tuesday,0,-0.004554901487997753,-0.004458843448605698,9.605803939205515e-05,9.605803939205515e-05
2022-07-13,1732.4489066168,,1736.9925537109375,29398868,,0,7.459910479364292,7.457291239498912,0.002619239865380152,0.002619239865380152,0.26226730709250573,Wednesday,0,0.0036945438492130833,0.006223574800606535,0.0025290309513934517,0.0025290309513934517
2022-07-14,1711.0179632932,,1714.470458984375,17736212,,0,7.446859541649184,7.44484377254731,0.0020157691018738433,0.0020157691018738433,0.20178021302184457,Thursday,0,-0.012447466951601704,-0.013050937715108013,0.0006034707635063086,-0.0006034707635063086
2022-07-15,1707.21996983,,1705.3607177734375,15737687,,0,7.44153193201747,7.442621577895897,-0.0010896458784275254,0.0010896458784275254,-0.1089052429926602,Friday,0,-0.0022221946514129343,-0.005327609631714303,0.0031054149803013686,-0.0031054149803013686
2022-07-16,1707.6750601742,,1699.8802490234375,20821451,,0,7.4383130858122515,7.442888110449839,-0.004575024637587077,0.004575024637587077,-0.45645751539917956,Saturday,0,0.00026653255394126774,-0.0032188462052182842,0.003485378759159552,-0.003485378759159552
2022-07-17,1709.669996078,,1705.8021240234375,17961173,,0,7.441790733061533,7.444055646123045,-0.0022649130615119972,0.0022649130615119972,-0.22623500812644412,Sunday,0,0.001167535673206821,0.003477647249281901,0.00231011157607508,0.00231011157607508
2022-07-18,1708.4998551192,,1707.9322509765625,18213866,,0,7.443038707857221,7.443370986755343,-0.0003322788981217073,0.0003322788981217073,-0.033222369960218184,Monday,1,-0.0006846593677023449,0.001247974795687945,0.00193263416339029,0.00193263416339029
2022-07-19,1710.4499081916,,1706.4693603515625,23448564,,0,7.442181813513183,7.444511719096478,-0.0023299055832950444,0.0023299055832950444,-0.23271934600212207,Tuesday,0,0.0011407323411347647,-0.0008568943440385723,0.001997626685173337,-0.001997626685173337
2022-07-20,1695.5049451097,,1697.1126708984375,20831588,,0,7.436683657195486,7.435735878169933,0.000947779025552542,0.000947779025552542,0.09482283100233038,Wednesday,0,-0.008775840926544376,-0.00549815631769679,0.0032776846088475864,0.0032776846088475864
2022-07-21,1718.1900311302,,1716.7080078125,23394043,,0,7.448163786920574,7.449026708260806,-0.0008629213402322478,0.0008629213402322478,-0.08625491306832271,Thursday,0,0.013290830090872952,0.011480129725088162,0.0018107003657847898,-0.0018107003657847898
2022-07-22,1727.659974403,,1728.11181640625,28448584,,0,7.454784655838924,7.454523155929105,0.0002614999098184967,0.0002614999098184967,0.026153410390036817,Friday,0,0.005496447668298821,0.006620868918349565,0.0011244212500507444,0.0011244212500507444
2022-07-23,1727.0399536877,,1726.19140625,13713057,,0,7.453672761352356,7.45416421261428,-0.0004914512619240696,0.0004914512619240696,-0.0491330519533253,Saturday,0,-0.0003589433148247778,-0.0011118944865673441,0.0007529511717425663,-0.0007529511717425663
2022-07-24,1724.390048752,,1724.220458984375,24774403,,0,7.452530319489196,7.452628672009657,-9.835252046030973e-05,9.835252046030973e-05,-0.009834768401019371,Sunday,0,-0.0015355406046237974,-0.0011424418631600375,0.0003930987414637599,0.0003930987414637599
2022-07-25,1718.9150964234,,1717.2548828125,28949410,,0,7.448482296480544,7.4494486129026765,-0.0009663164221320741,0.0009663164221320741,-0.09658496887684744,Monday,1,-0.00318005910698016,-0.004048023008651924,0.0008679639016717644,-0.0008679639016717644
2022-07-26,1718.1498824614,,1719.162841796875,23647241,,0,7.44959273143539,7.449003341149397,0.0005893902859925859,0.0005893902859925859,0.0589564010576211,Tuesday,0,-0.00044527175327946367,0.0011104349548451964,0.00155570670812466,0.00155570670812466
2022-07-27,1738.1449821493,,1736.02099609375,22311650,,0,7.459350989671207,7.46057372130434,-0.001222731633133023,0.001222731633133023,-0.12219844013952956,Wednesday,0,0.011570380154942939,0.00975825823581733,0.0018121219191256088,-0.0018121219191256088
2022-07-28,1755.1588506518,,1749.3905029296875,32313626,,0,7.467022722212409,7.4703146449958036,-0.0032919227833945186,0.0032919227833945186,-0.32865103463258877,Thursday,0,0.009740923691463621,0.007671732541202125,0.0020691911502614957,-0.0020691911502614957
2022-07-29,1766.269862367,,1764.1849365234375,23720213,,0,7.475444070370482,7.476625179436994,-0.0011811090665112545,0.0011811090665112545,-0.11804118317279966,Friday,0,0.006310534441190008,0.008421348158073272,0.002110813716883264,0.002110813716883264
2022-07-30,1766.269862367,,1764.89599609375,13251200,,0,7.475847041905288,7.476625179436994,-0.000778137531705525,0.000778137531705525,-0.07778348612079877,Saturday,0,0.0,0.00040297153480572945,0.00040297153480572945,0.00040297153480572945
2022-07-31,1762.4800773658,,1762.634033203125,17761622,,0,7.474564579002428,7.4744772310002965,8.734800213172633e-05,8.734800213172633e-05,0.008735181707984546,Sunday,0,-0.002147948436697078,-0.0012824629028598267,0.0008654855338372514,0.0008654855338372514
2022-08-01,1771.8498768299,,1771.241943359375,19129047,,0,7.479436242432443,7.4797794079541635,-0.0003431655217207563,0.0003431655217207563,-0.034310664716850764,Monday,1,0.005302176953867033,0.00487166343001455,0.00043051352385248265,-0.00043051352385248265
2022-08-02,1757.5801355481,,1752.7774658203125,29557859,,0,7.468956932094276,7.471693218974272,-0.0027362868799958306,0.0027362868799958306,-0.27325466592679026,Tuesday,0,-0.008086188979891773,-0.010479310338166847,0.0023931213582750743,-0.0023931213582750743
2022-08-03,1764.0999658999,,1759.6448974609375,26666722,,0,7.472867304869059,7.475395904972333,-0.002528600103274492,0.002528600103274492,-0.25254058868993773,Wednesday,0,0.003702685998061561,0.0039103727747829,0.00020768677672133862,0.00020768677672133862
2022-08-04,1792.7399053505,,1789.2821044921875,17604186,,0,7.489569759446241,7.491500401928535,-0.0019306424822937984,0.0019306424822937984,-0.19287799908913889,Thursday,0,0.016104496956201864,0.016702454577182557,0.0005979576209806936,0.0005979576209806936
2022-08-05,1774.8799116252,,1774.1888427734375,16321136,,0,7.481098607470973,7.481488044198362,-0.0003894367273886701,0.0003894367273886701,-0.03893609067498975,Friday,0,-0.010012357730173171,-0.008471151975268043,0.0015412057549051283,0.0015412057549051283
2022-08-06,1775.5599849859,,1768.0318603515625,7881193,,0,7.477622263596059,7.481871136653845,-0.0042488730577856515,0.0042488730577856515,-0.42398593671828305,Saturday,0,0.0003830924554826254,-0.003476343874914356,0.0038594363303969814,-0.0038594363303969814
2022-08-07,1774.6301360236,,1768.7625732421875,8320047,,0,7.4780354699131015,7.481347306125412,-0.0033118362123101264,0.0033118362123101264,-0.33063581319316027,Sunday,0,-0.000523830528432967,0.00041320631704255817,0.0009370368454755251,0.0009370368454755251
2022-08-08,1789.2198786623,,1781.5430908203125,23012020,,0,7.485235172696288,7.489534981860432,-0.004299809164144186,0.004299809164144186,-0.4290578219892721,Monday,1,0.008187675735020328,0.007199702783186268,0.0009879729518340596,-0.0009879729518340596
2022-08-09,1793.7898636164,,1790.553955078125,16251479,,0,7.490280323068869,7.492085902879889,-0.0018055798110205856,0.0018055798110205856,-0.18039507324181164,Tuesday,0,0.0025509210194574194,0.00504515037258102,0.0024942293531236004,0.0024942293531236004
2022-08-10,1791.2101021384,,1786.3531494140625,17009669,,0,7.4879314739247915,7.490646705140459,-0.002715231215667302,0.002715231215667302,-0.2711548309458066,Wednesday,0,-0.0014391977394305755,-0.002348849144077292,0.0009096514046467163,-0.0009096514046467163
2022-08-11,1787.6401487531,,1780.4351806640625,15883039,,0,7.484613096924042,7.488651676391498,-0.004038579467456671,0.004038579467456671,-0.4030435372612907,Thursday,0,-0.0019950287489605145,-0.0033183770007498836,0.001323348251789369,-0.001323348251789369
2022-08-12,1801.5998927688,,1795.7967529296875,12153797,,0,7.493204075938112,7.496430378425387,-0.003226302487274957,0.003226302487274957,-0.32211035660053394,Friday,0,0.007778702033888862,0.008590979014070577,0.0008122769801817142,0.0008122769801817142
2022-08-13,1802.2850090258,,1793.9041748046875,8375120,,0,7.492149626924974,7.496810588273328,-0.004660961348354142,0.004660961348354142,-0.4650115924585468,Saturday,0,0.00038020984794062684,-0.0010544490131385587,0.0014346588610791855,-0.0014346588610791855
2022-08-14,1800.0400328903,,1793.109619140625,13528429,,0,7.491706609014979,7.495564184131551,-0.003857575116572143,0.003857575116572143,-0.3850144231818475,Sunday,0,-0.0012464041417770133,-0.0004430179099950138,0.0008033862317819995,0.0008033862317819995
2022-08-15,1779.229945721,,1775.9591064453125,16543375,,0,7.482095897636859,7.483935934917883,-0.0018400372810241095,0.0018400372810241095,-0.183834545026274,Monday,1,-0.011628249213667452,-0.009610711378119419,0.0020175378355480333,0.0020175378355480333
2022-08-16,1775.3998466765,,1771.84814453125,14526322,,0,7.479778430275682,7.48178094227424,-0.002002511998557388,0.002002511998557388,-0.20005083090992765,Tuesday,0,-0.002154992643643716,-0.0023174673611769947,0.00016247471753327858,-0.00016247471753327858
2022-08-17,1763.7300209073,,1756.920166015625,17225475,,0,7.471317649485808,7.475186175481207,-0.003868525995398997,0.003868525995398997,-0.3861052888452806,Wednesday,0,-0.006594766793032392,-0.008460780789874,0.001866013996841609,-0.001866013996841609
2022-08-18,1758.1799321343,,1750.938232421875,10805013,,0,7.467907056062211,7.472034423482243,-0.0041273674200317245,0.0041273674200317245,-0.4118861545435911,Thursday,0,-0.003151751998964336,-0.0034105934235970636,0.0002588414246327275,-0.0002588414246327275
2022-08-19,1747.0401209511,,1740.492919921875,28343533,,0,7.461923639401723,7.465678275497769,-0.0037546360960458713,0.0037546360960458713,-0.3747596263365015,Friday,0,-0.0063561479844738145,-0.005983416660487961,0.0003727313239858532,0.0003727313239858532
2022-08-20,1746.310046871,,1739.6741943359375,11706128,,0,7.4614531300415905,7.465260296162371,-0.0038071661207803587,0.0038071661207803587,-0.37999280522679324,Saturday,0,-0.00041797933539822196,-0.0004705093601327093,5.253002473448731e-05,-5.253002473448731e-05
2022-08-21,1746.5781477574,,1739.8118896484375,13004824,,0,7.461532276966883,7.465413808597919,-0.003881531631035884,0.003881531631035884,-0.3874008224396043,Sunday,0,0.00015351243554828642,7.914692529276124e-05,7.436551025552518e-05,-7.436551025552518e-05
2022-08-22,1735.2350584115,,1732.1807861328125,15714640,,0,7.457136463659472,7.458898163556775,-0.001761699897302904,0.001761699897302904,-0.17601490149025953,Monday,1,-0.0065156450411443245,-0.004395813307411345,0.0021198317337329797,0.0021198317337329797
2022-08-23,1745.6948546342,,1745.683349609375,24423217,,0,7.464901362340226,7.464907952875053,-6.590534827211059e-06,6.590534827211059e-06,-0.000659051310973031,Tuesday,0,0.006009789318278003,0.007764898680753696,0.001755109362475693,0.001755109362475693
2022-08-24,1752.3449441957,,1745.525390625,12243867,,0,7.4648108727727225,7.46871013807329,-0.0038992653005678335,0.0038992653005678335,-0.3891673036914591,Wednesday,0,0.0038021851982374955,-9.048956750312698e-05,0.0038926747657406224,-0.0038926747657406224
2022-08-25,1756.5900231308,,1751.8807373046875,9536577,,0,7.468445196864636,7.4711297218191595,-0.0026845249545237593,0.0026845249545237593,-0.26809248396613067,Thursday,0,0.002419583745869147,0.0036343240919132214,0.0012147403460440742,0.0012147403460440742
2022-08-26,1737.954972715,,1731.1531982421875,20155345,,0,7.4565430539996385,7.460464397960963,-0.003921343961324375,0.003921343961324375,-0.39136655319595753,Friday,0,-0.01066532385819663,-0.011902142864997245,0.0012368190068006157,-0.0012368190068006157
2022-08-27,1738.0398525586,,1729.5853271484375,11394161,,0,7.455636963470397,7.4605132356882224,-0.004876272217825495,0.004876272217825495,-0.4864402503611394,Saturday,0,4.8837727259609665e-05,-0.00090609052924151,0.0009549282565011197,-0.0009549282565011197
2022-08-28,1734.6998604954,,1725.064208984375,14627788,,0,7.453019551372354,7.458589686347345,-0.005570134974990815,0.005570134974990815,-0.5554650536648522,Sunday,0,-0.0019235493408773507,-0.0026174120980426707,0.00069386275716532,-0.00069386275716532
2022-08-29,1737.4899421051,,1730.677490234375,14900289,,0,7.4562682236837645,7.460196788705703,-0.003928565021938724,0.003928565021938724,-0.3920858305787486,Monday,1,0.0016071023583581479,0.003248672311410239,0.001641569953052091,0.001641569953052091
2022-08-30,1723.0999118807,,1715.3131103515625,13297616,,0,7.447350914569432,7.4518802220090725,-0.00452930743964064,0.00452930743964064,-0.4519065595353891,Tuesday,0,-0.008316566696630723,-0.008917309114332639,0.000600742417701916,-0.000600742417701916
2022-08-31,1708.9199984483,,1704.7830810546875,13245424,,0,7.44119315643594,7.443616870111336,-0.0024237136753963995,0.0024237136753963995,-0.24207788529415322,Wednesday,0,-0.008263351897736193,-0.006157758133491953,0.00210559376424424,0.00210559376424424
2022-09-01,1696.5200471836,,1691.6510009765625,17056194,,0,7.433460254692534,7.436334400944093,-0.0028741462515586846,0.0028741462515586846,-0.2870019847463945,Thursday,0,-0.0072824691672437325,-0.007732901743406018,0.00045043257616228516,-0.00045043257616228516
2022-09-02,1712.3399090611,,1704.1844482421875,13103664,,0,7.4408419458048565,7.44561608200656,-0.004774136201703527,0.004774136201703527,-0.476275812749359,Friday,0,0.009281681062467406,0.007381691112322564,0.0018999899501448425,-0.0018999899501448425
2022-09-03,1712.069904499,,1706.8060302734375,5232680,,0,7.442379084394924,7.445458387935254,-0.003079303540330258,0.003079303540330258,-0.30745673478226127,Saturday,0,-0.00015769407130594715,0.0015371385900673218,0.001694832661373269,0.001694832661373269
2022-09-04,1709.1399334393,,1706.4874267578125,5318647,,0,7.442192400466007,7.443745560067444,-0.0015531596014364268,0.0015531596014364268,-0.15519540732687875,Sunday,0,-0.0017128278678102404,-0.00018668392891640906,0.0015261439388938314,0.0015261439388938314
2022-09-05,1713.1501404783,,1707.6007080078125,9614854,,0,7.4428445695053025,7.446089142164722,-0.0032445726594199087,0.0032445726594199087,-0.32393147216730117,Monday,1,0.002343582097278585,0.000652169039295103,0.0016914130579834818,-0.0016914130579834818
2022-09-06,1701.7600793973,,1693.6561279296875,17807026,,0,7.434644860467582,7.439418335270591,-0.004773474803008604,0.004773474803008604,-0.47620998786635954,Tuesday,0,-0.006670806894131687,-0.008199709037720382,0.0015289021435886951,-0.0015289021435886951
2022-09-07,1716.7600069082,,1709.4510498046875,16808232,,0,7.443927574451599,7.4481940764677494,-0.004266502016150753,0.004266502016150753,-0.4257413426513577,Wednesday,0,0.008775741197158737,0.009282713984016588,0.0005069727868578511,0.0005069727868578511
2022-09-08,1709.7901386486,,1703.2003173828125,12000286,,0,7.440264299924257,7.444125916028771,-0.003861616104513743,0.003861616104513743,-0.3854169653239492,Thursday,0,-0.00406816043897873,-0.00366327452734172,0.0004048859116370096,0.0004048859116370096
2022-09-09,1716.9799010333,,1710.6915283203125,13651581,,0,7.444652970274541,7.448322154966003,-0.003669184691461602,0.003669184691461602,-0.3662461458752672,Friday,0,0.0041962389372320885,0.0043886703502842295,0.00019243141305214095,0.00019243141305214095
2022-09-10,1716.9799010333,,1713.6368408203125,9361187,,0,7.446373198540529,7.448322154966003,-0.001948956425473547,0.001948956425473547,-0.19470584431276938,Saturday,0,0.0,0.0017202282659880552,0.0017202282659880552,0.0017202282659880552
2022-09-11,1716.9799010333,,1716.140625,7557017,,0,7.447833225990946,7.448322154966003,-0.0004889289750567016,0.0004889289750567016,-0.04888094687624776,Sunday,0,0.0,0.0014600274504168453,0.0014600274504168453,0.0014600274504168453
2022-09-12,1724.8799267961,,1718.55078125,19535045,,0,7.449236645605994,7.4529127193883005,-0.003676073782306055,0.003676073782306055,-0.36693252949243016,Monday,1,0.0045905644222976605,0.001403419615048307,0.0031871448072493536,-0.0031871448072493536
2022-09-13,1702.074931466,,1694.6632080078125,21878078,,0,7.4352393027310955,7.439603333702414,-0.004364030971318655,0.004364030971318655,-0.4354522425051947,Tuesday,0,-0.013309385685886355,-0.013997342874898955,0.0006879571890126002,-0.0006879571890126002
2022-09-14,1697.8900150993,,1689.633544921875,11058108,,0,7.432266947080174,7.437141591569237,-0.004874644489063051,0.004874644489063051,-0.4862782691458416,Wednesday,0,-0.0024617421331774025,-0.0029723556509217985,0.000510613517744396,-0.000510613517744396
2022-09-15,1662.520064539,,1654.909912109375,32322497,,0,7.411501852558821,7.41608984135282,-0.004587988793998576,0.004587988793998576,-0.45774800508860325,Thursday,0,-0.02105175021641692,-0.020765094521352445,0.00028665569506447497,0.00028665569506447497
2022-09-16,1675.3949157126,,1666.78076171875,14596480,,0,7.418649357436302,7.42380418704434,-0.005154829608037481,0.005154829608037481,-0.5141566273755949,Friday,0,0.007714345691519853,0.007147504877480948,0.0005668408140389047,-0.0005668408140389047
2022-09-17,1674.7400301051,,1668.081787109375,7794018,,0,7.419429614755805,7.423413226306081,-0.003983611550275157,0.003983611550275157,-0.3975687495394231,Saturday,0,-0.00039096073825906075,0.0007802573195032636,0.0011712180577623243,0.0011712180577623243
2022-09-18,1678.7100120783,,1668.536865234375,8290379,,0,7.4197023927836465,7.425780927496143,-0.0060785347124960865,0.0060785347124960865,-0.606009779576539,Sunday,0,0.0023677011900620215,0.00027277802784109184,0.0020949231622209297,-0.0020949231622209297
2022-09-19,1675.6349441603,,1665.8392333984375,17216162,,0,7.4180843195101405,7.423947443570332,-0.005863124060191183,0.005863124060191183,-0.5845969491147905,Monday,1,-0.0018334839258109525,-0.0016180732735060488,0.00021541065230490375,0.00021541065230490375
2022-09-20,1665.6001273851,,1657.122802734375,13057231,,0,7.412838126167693,7.417940774340709,-0.005102648173015645,0.005102648173015645,-0.5089651778565798,Tuesday,0,-0.006006669229623007,-0.005246193342447469,0.0007604758871755379,0.0007604758871755379
2022-09-21,1670.720112112,,1662.5179443359375,24630858,,0,7.416088566057285,7.421010017326188,-0.004921451268903532,0.004921451268903532,-0.4909360770005848,Wednesday,0,0.0030692429854797254,0.0032504398895918385,0.0001811969041121131,0.0001811969041121131
2022-09-22,1672.1401387207,,1665.6602783203125,13597636,,0,7.4179768873597425,7.4218596051567065,-0.0038827177969640303,0.0038827177969640303,-0.38751897944062164,Thursday,0,0.0008495878305181392,0.0018883213024576406,0.0010387334719395014,0.0010387334719395014
2022-09-23,1643.0000721277,,1637.9202880859375,16202195,,0,7.401182599056676,7.404279161937267,-0.003096562880591236,0.003096562880591236,-0.30917734745951997,Friday,0,-0.017580443219439523,-0.01679428830306673,0.0007861549163727943,0.0007861549163727943
2022-09-24,1643.6600825479,,1637.62158203125,6532008,,0,7.4010002133218205,7.404680791797375,-0.0036805784755546966,0.0036805784755546966,-0.3673813448878942,Saturday,0,0.0004016298601081658,-0.00018238573485529486,0.0005840155949634607,-0.0005840155949634607
2022-09-25,1644.0348824745,,1634.8658447265625,7522733,,0,7.399316027809884,7.404908793441208,-0.005592765631323715,0.005592765631323715,-0.5577155232945386,Sunday,0,0.00022800164383252053,-0.001684185511936498,0.0019121871557690184,-0.0019121871557690184
2022-09-26,1644.8999793894,,1619.2091064453125,21041342,,0,7.389693103117174,7.4054348585481105,-0.0157417554309367,0.0157417554309367,-1.561850159036668,Monday,1,0.0005260651069027844,-0.0096229246927102,0.010148989799612984,-0.010148989799612984
2022-09-27,1628.6700654839,,1621.6328125,15560797,,0,7.391188829577868,7.395519050018398,-0.004330220440529331,0.004330220440529331,-0.4320858553883487,Tuesday,0,-0.009915808529712855,0.001495726460694513,0.011411534990407368,0.011411534990407368
2022-09-28,1657.7801362463,,1648.6279296875,20126850,,0,7.407698663193526,7.4132347190892,-0.005536055895674075,0.005536055895674075,-0.5520760177235063,Wednesday,0,0.017715669070802242,0.0165098336156575,0.0012058354551447437,-0.0012058354551447437
2022-09-29,1663.3150867668,,1656.146728515625,11613947,,0,7.412248935196189,7.416567930137606,-0.004318994941416854,0.004318994941416854,-0.43096814958307816,Thursday,0,0.003333211048405893,0.004550272002663114,0.0012170609542572208,0.0012170609542572208
2022-09-30,1660.9499537508,,1655.731689453125,10286012,,0,7.411998298540918,7.415144978967198,-0.0031466804262798576,0.0031466804262798576,-0.3141734816206207,Friday,0,-0.0014229511704080267,-0.0002506366552710304,0.0011723145151369962,0.0011723145151369962
2022-10-01,1660.6299998456,,1654.7305908203125,4173773,,0,7.4113934895574145,7.414952327331133,-0.0035588377737187926,0.0035588377737187926,-0.3552512616197453,Saturday,0,-0.0001926516360644115,-0.0006048089835033466,0.00041215734743893506,-0.00041215734743893506
2022-10-02,1663.0000287699,,1656.7674560546875,6616287,,0,7.41262366723677,7.416378496492928,-0.0037548292561577767,0.0037548292561577767,-0.37477886995724125,Sunday,0,0.0014261691617942773,0.0012301776793552932,0.00019599148243898412,-0.00019599148243898412
2022-10-03,1701.7050574164,,1696.606689453125,10168878,,0,7.436385470224004,7.439386002351819,-0.0030005321278148145,0.0030005321278148145,-0.29960350303098654,Monday,1,0.02300750585889144,0.023761802987234404,0.0007542971283429623,0.0007542971283429623
2022-10-04,1724.9099769483,,1719.3223876953125,14382896,,0,7.449685531542357,7.452930140827309,-0.0032446092849518493,0.0032446092849518493,-0.3239351228562696,Tuesday,0,0.013544138475490186,0.013300061318353151,0.00024407715713703482,-0.00024407715713703482
2022-10-05,1718.2499624133,,1709.51611328125,9040476,,0,7.443965634762486,7.4490615881267255,-0.005095953364239847,0.005095953364239847,-0.508299102173887,Wednesday,0,-0.0038685527005837272,-0.005719896779871725,0.0018513440792879976,-0.0018513440792879976
2022-10-06,1710.8999898544,,1704.2520751953125,7064203,,0,7.440881627901131,7.444774820900625,-0.0038931929994934222,0.0038931929994934222,-0.3885624348886264,Thursday,0,-0.004286767226100885,-0.0030840068613544602,0.0012027603647464247,0.0012027603647464247
2022-10-07,1695.0000042375,,1690.87744140625,10018342,,0,7.433002869279832,7.435438022314551,-0.002435153034718418,0.002435153034718418,-0.2432190454833966,Friday,0,-0.009336798586073947,-0.007878758621298942,0.0014580399647750042,0.0014580399647750042
2022-10-08,1694.7699061741,,1688.6922607421875,4731707,,0,7.431709698159736,7.435302262030027,-0.0035925638702911655,0.0035925638702911655,-0.35861183336873415,Saturday,0,-0.00013576028452355615,-0.0012931711200963036,0.0011574108355727475,-0.0011574108355727475
2022-10-09,1696.8899739935,,1690.720703125,3977882,,0,7.432910168565753,7.436552427536256,-0.003642258970502965,0.003642258970502965,-0.36356339910366153,Sunday,0,0.0012501655062289174,0.0012004704060171179,4.969510021179957e-05,-4.969510021179957e-05
2022-10-10,1669.3899982171,,1662.4976806640625,9118547,,0,7.41607637743975,7.420213568154589,-0.0041371907148386455,0.0041371907148386455,-0.4128644331401507,Monday,1,-0.016338859381667348,-0.016833791126003028,0.0004949317443356804,-0.0004949317443356804
2022-10-11,1665.1300291714,,1660.6190185546875,7973301,,0,7.414945714583428,7.41765849496368,-0.0027127803802518002,0.0027127803802518002,-0.2709104116606061,Tuesday,0,-0.00255507319090853,-0.0011306628563216847,0.0014244103345868453,0.0014244103345868453
2022-10-12,1674.4999775617,,1665.71728515625,7737492,,0,7.418011111541696,7.423269878834259,-0.005258767292563249,0.005258767292563249,-0.5244964182226388,Wednesday,0,0.005611383870578912,0.0030653969582674634,0.0025459869123114487,-0.0025459869123114487
2022-10-13,1664.2701176972,,1657.4422607421875,15055377,,0,7.4130308863052585,7.4171419385538835,-0.004111052248624958,0.004111052248624958,-0.4102613441416601,Thursday,0,-0.0061279402803755545,-0.0049802252364372634,0.001147715043938291,0.001147715043938291
2022-10-14,1643.69007106,,1637.939453125,9378897,,0,7.401194299825681,7.404699036590719,-0.003504736765037819,0.003504736765037819,-0.34986023437444735,Friday,0,-0.012442901963164665,-0.011836586479577527,0.0006063154835871387,0.0006063154835871387
2022-10-15,1643.8900224424,,1636.841064453125,4457897,,0,7.400523483136032,7.404820677053892,-0.004297193917859765,0.004297193917859765,-0.4287974191121464,Saturday,0,0.00012164046317320043,-0.0006708166896487455,0.000792457152821946,-0.000792457152821946
2022-10-16,1646.6001001133,,1640.7940673828125,4399333,,0,7.402935591065879,7.406467895664336,-0.003532304598456548,0.003532304598456548,-0.352607334961777,Sunday,0,0.0016472186104437014,0.0024121079298469184,0.0007648893194032169,0.0007648893194032169
2022-10-17,1650.6801049634,,1645.488525390625,8577247,,0,7.405792595032205,7.4089426667961,-0.003150071763895035,0.003150071763895035,-0.3145115493404543,Monday,1,0.0024747711317640864,0.0028570039663255997,0.00038223283456151336,0.00038223283456151336
2022-10-18,1652.8600511825,,1646.057373046875,5609137,,0,7.406138236672616,7.410262430705407,-0.00412419403279074,0.00412419403279074,-0.4115701223922851,Tuesday,0,0.0013197639093069924,0.0003456416404112872,0.0009741222688957052,-0.0009741222688957052
2022-10-19,1626.9000769361,,1621.928466796875,7257629,,0,7.391371131851348,7.394431689805123,-0.0030605579537752448,0.0030605579537752448,-0.3055879220675899,Wednesday,0,-0.01583074090028358,-0.014767104821268084,0.0010636360790154953,0.0010636360790154953
2022-10-20,1626.0699336905,,1621.2685546875,6304679,,0,7.390964180245194,7.3939212988326215,-0.00295711858742731,0.00295711858742731,-0.29527506188512076,Thursday,0,-0.0005103909725017175,-0.00040695160615378256,0.00010343936634793494,0.00010343936634793494
2022-10-21,1657.8999679528,,1649.3297119140625,8344989,,0,7.408124249155154,7.413307000915424,-0.0051827517602696105,0.0051827517602696105,-0.5169344474576522,Friday,0,0.019385702082802325,0.017160068909960025,0.0022256331728423007,-0.0022256331728423007
2022-10-22,1657.6199296307,,1651.2530517578125,3595018,,0,7.409289703984903,7.41313807517743,-0.0038483711925270114,0.0038483711925270114,-0.38409757020150836,Saturday,0,-0.00016892573799420774,0.0011654548297483913,0.001334380567742599,0.001334380567742599
2022-10-23,1656.9299937136,,1657.8817138671875,5344922,,0,7.413295990488704,7.4127217677190895,0.0005742227696146074,0.0005742227696146074,0.05743876670700396,Sunday,0,-0.00041630745834009275,0.004006286503801526,0.004422593962141619,0.004422593962141619
2022-10-24,1651.6498660842,,1644.4521484375,6245216,,0,7.405162567265655,7.409529986147696,-0.004367418882041285,0.004367418882041285,-0.4357895577326405,Monday,1,-0.0031917815713935482,-0.00813342322304944,0.0049416416516558925,-0.0049416416516558925
2022-10-25,1651.6700531408,,1646.096923828125,12946563,,0,7.406162263967625,7.409542208431394,-0.0033799444637692133,0.0033799444637692133,-0.33742388814746954,Tuesday,0,1.2222283698015701e-05,0.0009996967019700875,0.0009874744182720718,0.0009874744182720718
2022-10-26,1664.9298673267,,1660.0426025390625,10859348,,0,7.414598545201428,7.417538279801693,-0.002939734600265531,0.002939734600265531,-0.29354178116132046,Wednesday,0,0.00799607137029934,0.008436281233803022,0.0004402098635036822,0.0004402098635036822
2022-10-27,1662.8700571811,,1654.546630859375,10374890,,0,7.411282311225226,7.41630033854598,-0.0050180273207542925,0.0050180273207542925,-0.5005458054753191,Thursday,0,-0.001237941255713082,-0.0033162339762018433,0.0020782927204887613,-0.0020782927204887613
2022-10-28,1644.5299234554,,1637.9920654296875,8884751,,0,7.4012264203412625,7.405209861544684,-0.003983441203421201,0.003983441203421201,-0.3975517825772037,Friday,0,-0.011090477001296506,-0.010055890883963414,0.0010345861173330917,0.0010345861173330917
2022-10-29,1644.3849761753,,1639.1572265625,8899301,,0,7.401937502491078,7.405121718625443,-0.0031842161343647035,0.0031842161343647035,-0.31791518948070346,Saturday,0,-8.814291924075235e-05,0.0007110821498157449,0.0007992250690564973,0.0007992250690564973
2022-10-30,1644.2600607751,,1638.110595703125,5779995,,0,7.401298780878004,7.405045750925155,-0.003746970047151521,0.003746970047151521,-0.3739958914453142,Sunday,0,-7.596770028772681e-05,-0.0006387216130745443,0.0005627539127868175,-0.0005627539127868175
2022-10-31,1632.4299846699,,1627.8917236328125,9156845,,0,7.3950410355256215,7.397824971820377,-0.0027839362947554847,0.0027839362947554847,-0.2780064737664827,Monday,1,-0.007220779104778252,-0.006257745352382216,0.0009630337523960364,0.0009630337523960364
2022-11-01,1647.0899050848,,1640.7034912109375,11115024,,0,7.402880386897489,7.406765315867414,-0.0038849289699252054,0.0038849289699252054,-0.38773923962175355,Tuesday,0,0.00894034404703703,0.007839351371867309,0.0011009926751697208,-0.0011009926751697208
2022-11-02,1632.2999514391,,1629.218017578125,16043235,,0,7.395855434869824,7.397745312410004,-0.0018898775401803292,0.0018898775401803292,-0.18880928460836865,Wednesday,0,-0.009020003457409942,-0.007024952027665066,0.0019950514297448763,0.0019950514297448763
2022-11-03,1629.5400411394,,1625.610107421875,11434448,,0,7.393638475021007,7.3960530706295335,-0.0024145956085268594,0.0024145956085268594,-0.24116828174269186,Thursday,0,-0.0016922417804705603,-0.0022169598488170905,0.0005247180683465302,-0.0005247180683465302
2022-11-04,1680.5900753425,,1672.5194091796875,16091658,,0,7.422086396825742,7.426900246051535,-0.004813849225793199,0.004813849225793199,-0.4802281223258922,Friday,0,0.030847175422001882,0.028447921804735543,0.0023992536172663392,-0.0023992536172663392
2022-11-05,1680.5900753425,,1672.7962646484375,7836340,,0,7.42225191511841,7.426900246051535,-0.004648330933125777,0.004648330933125777,-0.46375441628585284,Saturday,0,0.0,0.00016551829266742146,0.00016551829266742146,0.00016551829266742146
2022-11-06,1675.7399606838,,1664.7041015625,7551767,,0,7.417402669841767,7.424010114281019,-0.006607444439252319,0.006607444439252319,-0.6585663277252627,Sunday,0,-0.0028901317705161134,-0.004849245276642655,0.001959113506126542,-0.001959113506126542
2022-11-07,1673.7499765675,,1666.2957763671875,11895656,,0,7.4183583438040355,7.4228218830053825,-0.004463539201347011,0.004463539201347011,-0.44535924150388495,Monday,1,-0.0011882312756368307,0.0009556739622684773,0.002143905237905308,0.002143905237905308
2022-11-08,1712.5099882145,,1700.5172119140625,50891974,,0,7.438687726074393,7.445715402653386,-0.007027676578992725,0.007027676578992725,-0.7003040205880174,Tuesday,0,0.02289351964800357,0.020329382270357854,0.0025641373776457144,-0.0025641373776457144
2022-11-09,1708.2549884889,,1695.79541015625,73163563,,0,7.43590717827127,7.443227653890138,-0.007320475618867839,0.007320475618867839,-0.7293746201011541,Wednesday,0,-0.0024877487632481987,-0.002780547803123312,0.00029279903987511346,-0.00029279903987511346
2022-11-10,1753.499985972,,1747.4427490234375,57352697,,0,7.46590871192519,7.469369061580233,-0.00346034965504316,0.00346034965504316,-0.34543695449218703,Thursday,0,0.026141407690094987,0.030001533653919665,0.0038601259638246788,0.0038601259638246788
2022-11-11,1770.230145851,,1775.9349365234375,38901933,,0,7.482082288040637,7.4788648430197595,0.0032174450208772853,0.0032174450208772853,0.3222626552715809,Friday,0,0.009495781439526674,0.01617357611544712,0.006677794675920445,0.006677794675920445
2022-11-12,1770.230145851,,1734.7208251953125,164804063,,0,7.458601771765524,7.4788648430197595,-0.02026307125423532,0.02026307125423532,-2.0059154872553164,Saturday,0,0.0,-0.023480516275112606,0.023480516275112606,-0.023480516275112606
2022-11-13,1764.2798606572,,1742.0166015625,23114466,,0,7.462798687540687,7.475497875149184,-0.012699187608497198,0.012699187608497198,-1.2618893176282657,Sunday,0,-0.0033669678705754436,0.0041969157751626796,0.007563883645738123,0.007563883645738123
2022-11-14,1770.3498618507,,1751.009033203125,62414579,,0,7.467947491154969,7.478932468097845,-0.010984976942876479,0.010984976942876479,-1.092486240395244,Monday,1,0.0034345929486612192,0.005148803614281938,0.001714210665620719,0.001714210665620719
2022-11-15,1779.4550525669,,1773.3065185546875,32425919,,0,7.480601172437478,7.484062446169263,-0.003461273731785397,0.003461273731785397,-0.3455290429136162,Tuesday,0,0.005129978071417796,0.012653681282508877,0.007523703211091082,0.007523703211091082
2022-11-16,1774.5000789653,,1765.3123779296875,14574185,,0,7.476082938370172,7.481274016586578,-0.0051910782164066305,0.0051910782164066305,-0.5177627853907877,Wednesday,0,-0.0027884295826847705,-0.004518234067306004,0.0017298044846212335,-0.0017298044846212335
2022-11-17,1759.5900295998,,1755.6239013671875,34767130,,0,7.470579572079566,7.472836123170604,-0.0022565510910386166,0.0022565510910386166,-0.22540069936145551,Thursday,0,-0.008437893415973896,-0.005503366290605882,0.002934527125368014,0.002934527125368014
2022-11-18,1750.814916803,,1741.8917236328125,9445540,,0,7.462726999127512,7.46783662527302,-0.005109626145507917,0.005109626145507917,-0.5096594211386588,Friday,0,-0.0049994978975842486,-0.00785257295205355,0.0028530750544693007,-0.0028530750544693007
2022-11-19,1750.9599200021,,1746.141845703125,3786134,,0,7.465163973479523,7.467919442247807,-0.0027554687682833645,0.0027554687682833645,-0.27516759486814846,Saturday,0,8.281697478640382e-05,0.0024369743520109566,0.0023541573772245528,0.0023541573772245528
2022-11-20,1750.9099478999,,1747.024169921875,8476740,,0,7.465669145139597,7.4678909020083974,-0.0022217568688001066,0.0022217568688001066,-0.22192905938342639,Sunday,0,-2.854023940912498e-05,0.0005051716600741329,0.0005337118994832579,0.0005337118994832579
2022-11-21,1746.2716227718,,1737.881591796875,20461165,,0,7.460422174503805,7.465238292897832,-0.004816118394026958,0.004816118394026958,-0.48045394917473894,Monday,1,-0.0026526091105658622,-0.005246970635792714,0.0025943615252268515,-0.0025943615252268515
2022-11-22,1746.7550967257,,1734.55224609375,10136825,,0,7.458504587659095,7.465515115261822,-0.007010527602727024,0.007010527602727024,-0.6986011178570087,Tuesday,0,0.0002768223639906253,-0.0019175868447094402,0.0021944092087000655,-0.0021944092087000655
2022-11-23,1743.4915894837,,1743.140869140625,9006280,,0,7.463443862185778,7.463645042177314,-0.00020117999153601573,0.00020117999153601573,-0.020115975619865934,Wednesday,0,-0.0018700730845084834,0.004939274526682524,0.006809347611191008,0.006809347611191008
2022-11-24,1755.3717447289,,1745.6611328125,9222900,,0,7.46488863555432,7.470435933827549,-0.005547298273229195,0.005547298273229195,-0.5531940425473648,Thursday,0,0.006790891650235054,0.001444773368541874,0.00534611828169318,-0.00534611828169318
2022-11-25,1755.1480686789,,1749.0784912109375,6707797,,0,7.466844351776598,7.470308501958657,-0.0034641501820589227,0.0034641501820589227,-0.3458156936315401,Friday,0,-0.0001274318688917475,0.001955716222278525,0.0020831480911702727,0.0020831480911702727
2022-11-26,1754.0997696867,,1748.338623046875,6665232,,0,7.466421257732663,7.469711052549743,-0.0032897948170802493,0.0032897948170802493,-0.32843893713377703,Saturday,0,-0.0005974494089135973,-0.000423094043934924,0.00017435536497867332,0.00017435536497867332
2022-11-27,1754.5974400774,,1747.89013671875,4702401,,0,7.466164703392886,7.4699947307153325,-0.0038300273224463055,0.0038300273224463055,-0.38227021226898483,Sunday,0,0.0002836781655890519,-0.00025655433977700426,0.0005402325053660562,-0.0005402325053660562
2022-11-28,1741.5701473978,,1740.4971923828125,10824635,,0,7.461926094140633,7.462542368867252,-0.0006162747266191815,0.0006162747266191815,-0.061608486835319526,Monday,1,-0.00745236184808018,-0.004238609252253056,0.003213752595827124,0.003213752595827124
2022-11-29,1749.3398865938,,1739.4302978515625,9990834,,0,7.461312923568734,7.466993788096169,-0.005680864527435325,0.005680864527435325,-0.5664758928885327,Tuesday,0,0.0044514192289168975,-0.0006131705718992464,0.005064589800816144,-0.005064589800816144
2022-11-30,1753.7801415616,,1762.9130859375,10541803,,0,7.474722882224894,7.469528818189348,0.00519406403554612,0.00519406403554612,0.5207576571010705,Wednesday,0,0.0025350300931785696,0.013409958656160015,0.010874928562981445,0.010874928562981445
2022-12-01,1776.9548502427,,1791.167236328125,12373213,,0,7.490622773652384,7.482656419977449,0.007966353674935256,0.007966353674935256,0.79981694996267,Thursday,0,0.013127601788101018,0.015899891427490154,0.002772289639389136,0.002772289639389136
2022-12-02,1797.9050450834,,1787.345458984375,9132157,,0,7.488486814318345,7.494377402226204,-0.005890587907859235,0.005890587907859235,-0.5873272411077263,Friday,0,0.011720982248755618,-0.0021359593340388727,0.01385694158279449,-0.01385694158279449
2022-12-03,1797.9050450834,,1785.9144287109375,5794987,,0,7.487685848032702,7.494377402226204,-0.006691554193502647,0.006691554193502647,-0.6669215599150979,Saturday,0,0.0,-0.0008009662856434119,0.0008009662856434119,-0.0008009662856434119
2022-12-04,1798.8251513172,,1791.4996337890625,5300280,,0,7.49080833232917,7.494889037074318,-0.0040807047451485445,0.0040807047451485445,-0.4072389983414048,Sunday,0,0.0005116348481140065,0.0031224842964681088,0.0026108494483541023,0.0026108494483541023
2022-12-05,1769.4101193626,,1770.7059326171875,8658495,,0,7.47913357804265,7.478401504125618,0.0007320739170317836,0.0007320739170317836,0.07323419485440287,Monday,1,-0.01648753294869998,-0.01167475428651965,0.004812778662180328,0.004812778662180328
2022-12-06,1772.2100451701,,1774.9761962890625,5552066,,0,7.481542291278221,7.479982659789272,0.0015596314889494423,0.0015596314889494423,0.15608483466737702,Tuesday,0,0.0015811556636533552,0.002408713235571014,0.0008275575719176587,0.0008275575719176587
2022-12-07,1787.1398488759,,1786.986572265625,8055519,,0,7.488286001010114,7.488371771121357,-8.577011124266676e-05,8.577011124266676e-05,-0.00857664330922132,Wednesday,0,0.008389111332085086,0.006743709731892977,0.001645401600192109,-0.001645401600192109
2022-12-08,1789.1065595445,,1788.5067138671875,5500954,,0,7.489136312601553,7.489471645482494,-0.00033533288094123037,0.00033533288094123037,-0.03352766631548239,Thursday,0,0.001099874361137232,0.0008503115914386683,0.0002495627696985636,-0.0002495627696985636
2022-12-09,1797.159948134,,1794.705322265625,8221555,,0,7.492596121576955,7.493962891244359,-0.0013667696674035668,0.0013667696674035668,-0.13658360631303756,Friday,0,0.0044912457618648816,0.003459808975402545,0.0010314367864623364,-0.0010314367864623364
2022-12-10,1796.4693628318,,1790.6568603515625,7223580,,0,7.490337792611306,7.493578552598971,-0.003240759987665598,0.003240759987665598,-0.32355143931178415,Saturday,0,-0.0003843386453876718,-0.002258328965649703,0.0018739903202620312,-0.0018739903202620312
2022-12-11,1797.3001316882,,1796.8951416015625,7940348,,0,7.493815533162023,7.4940408910280025,-0.0002253578659798805,0.0002253578659798805,-0.022533247480327475,Sunday,0,0.00046233842903120603,0.0034777405507169235,0.0030154021216857174,0.0030154021216857174
2022-12-12,1782.1401400156,,1778.84326171875,11490094,,0,7.483718579073173,7.485570246922699,-0.001851667849526173,0.001851667849526173,-0.18499545702512613,Monday,1,-0.008470644105303293,-0.010096954088849586,0.0016263099835462924,-0.0016263099835462924
2022-12-13,1809.5099883142,,1809.627685546875,22311373,,0,7.500876404508127,7.50081136291904,6.504158908704483e-05,6.504158908704483e-05,0.006504370433714936,Tuesday,0,0.015241115996341037,0.017157825434954255,0.0019167094386132177,0.0019167094386132177
2022-12-14,1807.3920164603,,1801.4368896484375,12280643,,0,7.496339897461513,7.499640210317621,-0.003300312856108434,0.003300312856108434,-0.329487280989844,Wednesday,0,-0.0011711526014188678,-0.0045365070466143465,0.0033653544451954787,-0.0033653544451954787
2022-12-15,1776.4500984509,,1791.045166015625,14466170,,0,7.49055462006525,7.482372325255636,0.008182294809614632,0.008182294809614632,0.8215861271561866,Thursday,0,-0.017267885061985844,-0.005785277396262778,0.011482607665723066,0.011482607665723066
2022-12-16,1792.5878999958,,1800.80712890625,14483793,,0,7.4959902483287175,7.4914156089260295,0.0045746394026879855,0.0045746394026879855,0.4585119039612682,Friday,0,0.009043283670393976,0.005435628263467329,0.0036076554069266464,-0.0036076554069266464
2022-12-17,1793.1549180053,,1803.271240234375,8037859,,0,7.4973576501772285,7.491731871437318,0.0056257787399109915,0.0056257787399109915,0.5641633150318285,Saturday,0,0.0003162625112880235,0.0013674018485110295,0.001051139337223006,0.001051139337223006
2022-12-18,1790.7001064392,,1797.8734130859375,7037836,,0,7.494359808262709,7.490361943282708,0.003997864980001431,0.003997864980001431,0.4005867102449439,Sunday,0,-0.0013699281546095676,-0.002997841914519128,0.0016279137599095606,-0.0016279137599095606
2022-12-19,1787.1899940236,,1797.397705078125,7760366,,0,7.494095178422593,7.4883998296105885,0.005695348812004397,0.005695348812004397,0.5711598144942452,Monday,1,-0.0019621136721195143,-0.0002646298401165481,0.0016974838320029662,0.0016974838320029662
2022-12-20,1816.800059155,,1812.06787109375,10311936,,0,7.502223942354954,7.5048320233513435,-0.002608080996389539,0.002608080996389539,-0.26046829079535894,Tuesday,0,0.016432193740754997,0.00812876393236106,0.008303429808393936,-0.008303429808393936
2022-12-21,1815.0098409834,,1814.22412109375,7095973,,0,7.503413173811644,7.5038461687136735,-0.00043299490202919344,0.00043299490202919344,-0.04329011732653962,Wednesday,0,-0.0009858546376699806,0.001189231456690365,0.0021750860943603456,0.0021750860943603456
2022-12-22,1793.6801473688,,1794.6796875,8943050,,0,7.492581837923597,7.492024736516242,0.0005571014073550984,0.0005571014073550984,0.0557256617165745,Thursday,0,-0.011821432197431925,-0.010831335888047633,0.0009900963093842918,0.0009900963093842918
2022-12-23,1798.4249753751,,1806.3720703125,6335505,,0,7.499075731757101,7.494666547155822,0.004409184601279037,0.004409184601279037,0.4418919357891139,Friday,0,0.0026418106395800223,0.006493893833503961,0.0038520831939239386,0.0038520831939239386
2022-12-24,1797.6700757682,,1802.5343017578125,4475867,,0,7.496948899079456,7.494246703070917,0.0027021960085393815,0.0027021960085393815,0.2705850230907328,Saturday,0,-0.00041984408490503,-0.0021268326776446855,0.0017069885927396555,-0.0017069885927396555
2022-12-25,1797.6700757682,,1801.6414794921875,5485784,,0,7.496453461377148,7.494246703070917,0.0022067583062312934,0.0022067583062312934,0.22091949894034224,Sunday,0,0.0,-0.000495437702308088,0.000495437702308088,-0.000495437702308088
2022-12-26,1801.7599230576,,1800.9864501953125,5239972,,0,7.4960898216581,7.496519201244692,-0.0004293795865919492,0.0004293795865919492,-0.04292874163694759,Monday,1,0.0022724981737756167,-0.00036363971904762593,0.0026361378928232426,-0.0026361378928232426
2022-12-27,1805.7200516364,,1815.0831298828125,7999752,,0,7.503886547238417,7.4987147117935065,0.0051718354449104,0.0051718354449104,0.5185232471626666,Tuesday,0,0.0021955105488142834,0.007796725580316632,0.005601215031502349,0.005601215031502349
2022-12-28,1805.9199500699,,1807.3564453125,9267978,,0,7.499620529198353,7.498825408559303,0.0007951206390499621,0.0007951206390499621,0.0795436831263923,Wednesday,0,0.0001106967657964475,-0.00426601804006399,0.004376714805860438,-0.004376714805860438
2022-12-29,1814.969981304,,1814.0986328125,8977266,,0,7.503344002301935,7.503824207335731,-0.0004802050337957553,0.0004802050337957553,-0.048008975381173685,Thursday,0,0.004998798776427726,0.003723473103582009,0.0012753256728457174,-0.0012753256728457174
2022-12-30,1824.0699158702,,1821.42333984375,10278977,,0,7.507373529284487,7.5088255009688485,-0.0014519716843617303,0.0014519716843617303,-0.14509180834701896,Friday,0,0.005001293633117854,0.004029526982551879,0.000971766650565975,-0.000971766650565975
2022-12-31,1824.0699158702,,1819.547119140625,6708202,,0,7.506342913469098,7.5088255009688485,-0.0024825874997507213,0.0024825874997507213,-0.24795084279526383,Saturday,0,0.0,-0.001030615815388991,0.001030615815388991,-0.001030615815388991
2023-01-01,1824.0699158702,,1822.371337890625,5021580,,0,7.507893864897279,7.5088255009688485,-0.0009316360715692085,0.0009316360715692085,-0.0931202233421348,Sunday,0,0.0,0.0015509514281815129,0.0015509514281815129,0.0015509514281815129
2023-01-02,1829.2798929944,,1822.2659912109375,8207490,,0,7.507836055754583,7.511677667297637,-0.0038416115430539577,0.0038416115430539577,-0.38342419934333627,Monday,1,0.002852166328788819,-5.7809142695930404e-05,0.0029099754714847492,-0.0029099754714847492
2023-01-03,1836.3999069313,,1841.511474609375,14228681,,0,7.5183419669867355,7.515562361695094,0.0027796052916411185,0.0027796052916411185,0.27834719762193316,Tuesday,0,0.003884694397457089,0.010505911232152165,0.006621216834695076,0.006621216834695076
2023-01-04,1854.7999533332,,1851.6796875,10919850,,0,7.523848445334092,7.525532127357288,-0.0016836820231960203,0.0016836820231960203,-0.16822654257633607,Wednesday,0,0.009969765662193986,0.005506478347356847,0.004463287314837139,-0.004463287314837139
2023-01-05,1832.8650668565,,1834.5084228515625,8680709,,0,7.514531835145692,7.513635631849427,0.0008962032962651634,0.0008962032962651634,0.0896605006434473,Thursday,0,-0.011896495507861538,-0.009316610188400354,0.0025798853194611837,0.0025798853194611837
2023-01-06,1865.4868333007,,1854.532958984375,10994765,,0,7.5253881692086955,7.531277334636144,-0.0058891654274484395,0.0058891654274484395,-0.5871858284276273,Friday,0,0.01764170278671706,0.010856334063003459,0.006785368723713603,-0.006785368723713603
2023-01-07,1866.0100301771,,1860.696533203125,7727025,,0,7.528706176823765,7.531557756621728,-0.002851579797963133,0.002851579797963133,-0.28475179061447015,Saturday,0,0.00028042198558431153,0.003318007615069618,0.0030375856294853065,0.0030375856294853065
2023-01-08,1869.3601404562,,1860.0416259765625,8366473,,0,7.52835414601412,7.533351480415782,-0.004997334401662279,0.004997334401662279,-0.49848685001721743,Sunday,0,0.0017937237940541806,-0.00035203080964496536,0.002145754603699146,-0.002145754603699146
2023-01-09,1870.5000445179,,1861.9610595703125,11922678,,0,7.529385544390784,7.5339610775882,-0.004575533197416881,0.004575533197416881,-0.4565081392333447,Monday,1,0.0006095971724180416,0.0010313983766634394,0.0004218012042453978,0.0004218012042453978
2023-01-10,1877.2500014549,,1864.1810302734375,7779432,,0,7.530577109775174,7.53756321975501,-0.006986109979836286,0.006986109979836286,-0.6961763841435004,Tuesday,0,0.003602142166809763,0.0011915653843903584,0.0024105767824194047,-0.0024105767824194047
2023-01-11,1876.9899612946,,1873.1505126953125,10471965,,0,7.535377058369395,7.537424688300816,-0.0020476299314209356,0.0020476299314209356,-0.2045534967400389,Wednesday,0,-0.00013853145419417956,0.004799948594221171,0.00493848004841535,0.00493848004841535
2023-01-12,1898.0201372344,,1883.119384765625,14793451,,0,7.540684928009891,7.54856658882613,-0.007881660816239311,0.007881660816239311,-0.7850681969310821,Thursday,0,0.011141900525314163,0.005307869640495788,0.005834030884818375,-0.005834030884818375
2023-01-13,1919.8600498818,,1896.9927978515625,13428542,,0,7.548025173328736,7.56000757167861,-0.01198239834987369,0.01198239834987369,-1.1910895292417483,Friday,0,0.011440982852479742,0.007340245318845362,0.00410073753363438,-0.00410073753363438
2023-01-14,1920.3149931089,,1889.07275390625,18716699,,0,7.543841381268183,7.5602445104765215,-0.01640312920833864,0.01640312920833864,-1.626933045607803,Saturday,0,0.0002369387979115345,-0.004183792060553415,0.00442073085846495,-0.00442073085846495
2023-01-15,1920.316468154,,1899.4775390625,9888846,,0,7.549334147899963,7.560245278602864,-0.010911130702901062,0.010911130702901062,-1.0851820227075597,Sunday,0,7.68126342975961e-07,0.005492766631780555,0.005491998505437579,0.005491998505437579
2023-01-16,1918.1399260058,,1886.5399169921875,10481593,,0,7.5424996984660595,7.559111206904259,-0.01661150843819925,0.01661150843819925,-1.6474298139142565,Monday,1,-0.0011340716986056876,-0.0068344494339038775,0.00570037773529819,-0.00570037773529819
2023-01-17,1908.6300616869,,1889.1044921875,9514930,,0,7.54385818211112,7.55414101850718,-0.010282836396060091,0.010282836396060091,-1.0230148781237782,Tuesday,0,-0.004970188397078523,0.0013584836450606375,0.006328672042139161,0.006328672042139161
2023-01-18,1906.9899955491,,1886.582275390625,9871168,,0,7.542522151170361,7.553281359414188,-0.0107592082438277,0.0107592082438277,-1.0701534987654115,Wednesday,0,-0.0008596590929919046,-0.001336030940759514,0.0004763718477676093,-0.0004763718477676093
2023-01-19,1931.8699032442,,1913.1416015625,9777012,,0,7.556501987381726,7.566243674639846,-0.009741687258120635,0.009741687258120635,-0.9694390730063908,Thursday,0,0.012962315225657939,0.013979836211365004,0.0010175209857070655,0.0010175209857070655
2023-01-20,1926.4099828106,,1905.75048828125,10401729,,0,7.552631167083095,7.563413437207906,-0.010782270124811255,0.010782270124811255,-1.0724349808034195,Friday,0,-0.002830237431940219,-0.0038708202986308393,0.0010405828666906203,-0.0010405828666906203
2023-01-21,1926.4099828106,,1908.5263671875,9001974,,0,7.554086687750053,7.563413437207906,-0.009326749457852834,0.009326749457852834,-0.9283390235036114,Saturday,0,0.0,0.0014555206669584209,0.0014555206669584209,0.0014555206669584209
2023-01-22,1926.4099828106,,1907.24609375,8302190,,0,7.55341564486233,7.563413437207906,-0.009997792345576073,0.009997792345576073,-0.994798056052441,Sunday,0,0.0,-0.0006710428877232388,0.0006710428877232388,-0.0006710428877232388
2023-01-23,1931.4650529405,,1910.06591796875,8599359,,0,7.554893032470673,7.566034088720027,-0.011141056249353909,0.011141056249353909,-1.1079224518803286,Monday,1,0.002620651512120986,0.0014773876083431503,0.0011432639037778358,-0.0011432639037778358
2023-01-24,1936.9799693027,,1906.6025390625,11950443,,0,7.553078161781291,7.568885322260444,-0.015807160479153204,0.015807160479153204,-1.5682883004275843,Tuesday,0,0.002851233540416942,-0.001814870689382353,0.004666104229799295,-0.004666104229799295
2023-01-25,1948.449862001,,1922.3480224609375,12635349,,0,7.561302646219099,7.574789392859813,-0.013486746640714031,0.013486746640714031,-1.3396207954387196,Wednesday,0,0.005904070599369149,0.008224484437808322,0.0023204138384391726,0.0023204138384391726
2023-01-26,1930.3700094627,,1918.997802734375,9338407,,0,7.559558351001508,7.5654669782715205,-0.005908627270012623,0.005908627270012623,-0.589120566139043,Thursday,0,-0.009322414588292638,-0.0017442952175912296,0.007578119370701408,0.007578119370701408
2023-01-27,1928.4699635018,,1915.4810791015625,8543610,,0,7.557724086306255,7.564482202469588,-0.006758116163332772,0.006758116163332772,-0.673533145242863,Friday,0,-0.0009847758019327912,-0.0018342646952529407,0.0008494888933201494,-0.0008494888933201494
2023-01-28,1928.4699635018,,1915.003662109375,5757443,,0,7.557474813941573,7.564482202469588,-0.007007388528014857,0.007007388528014857,-0.6982894028576089,Saturday,0,0.0,-0.0002492723646820849,0.0002492723646820849,-0.0002492723646820849
2023-01-29,1928.2000021596,,1913.139892578125,10741336,,0,7.556501094094403,7.564342205350289,-0.00784111125588538,0.00784111125588538,-0.7810449934969165,Sunday,0,-0.00013999711929901792,-0.0009737198471695407,0.0008337227278705228,-0.0008337227278705228
2023-01-30,1921.9998639224,,1895.3519287109375,11063415,,0,7.547159814633083,7.561121518730236,-0.01396170409715225,0.01396170409715225,-1.386469151828118,Monday,1,-0.003220686620053037,-0.009341279461319907,0.00612059284126687,-0.00612059284126687
2023-01-31,1923.6351471994,,1900.023681640625,12296470,,0,7.5496216290982385,7.561971980810404,-0.012350351712165697,0.012350351712165697,-1.2274399120410522,Tuesday,0,0.0008504620801685903,0.0024618144651551432,0.001611352384986553,0.001611352384986553
2023-02-01,1952.9899690529,,1913.22314453125,11729323,,0,7.556544609020891,7.577116794689858,-0.020572185668966902,0.020572185668966902,-2.036202190067311,Wednesday,0,0.015144813879453878,0.006922979922652672,0.008221833956801206,-0.008221833956801206
2023-02-02,1915.089893362,,1901.5015869140625,17365190,,0,7.550399161927031,7.557519842216413,-0.007120680289381731,0.007120680289381731,-0.7095388313121384,Thursday,0,-0.01959695247344495,-0.006145447093859779,0.013451505379585171,0.013451505379585171
2023-02-03,1864.8999350642,,1870.67138671875,14168416,,0,7.534052675743548,7.53096267651741,0.0030899992261383957,0.0030899992261383957,0.3094778194815749,Friday,0,-0.02655716569900335,-0.016346486183483222,0.010210679515520127,0.010210679515520127
2023-02-04,1865.6949629781,,1860.241943359375,10530813,,0,7.528461835322891,7.531388896971607,-0.002927061648716034,0.002927061648716034,-0.2922781980405108,Saturday,0,0.00042622045419715704,-0.005590840420657273,0.00601706087485443,-0.00601706087485443
2023-02-05,1865.4099275624,,1857.7391357421875,9843915,,0,7.5271155089473725,7.531236108226924,-0.004120599279551662,0.004120599279551662,-0.41121212591788214,Sunday,0,-0.0001527887446828302,-0.0013463263755184585,0.0011935376308356282,-0.0011935376308356282
2023-02-06,1868.0000201744,,1867.4412841796875,8777804,,0,7.532324475645061,7.532623629588788,-0.00029915394372714843,0.00029915394372714843,-0.029910920164788933,Monday,1,0.0013875213618641524,0.005208966697688666,0.0038214453358245137,0.0038214453358245137
2023-02-07,1872.8401471004,,1860.741455078125,10327847,,0,7.528730319037147,7.535211352886489,-0.006481033849341955,0.006481033849341955,-0.6460077247386307,Tuesday,0,0.002587723297700961,-0.0035941566079138454,0.006181879905614807,-0.006181879905614807
2023-02-08,1875.090121519,,1861.1463623046875,9078379,,0,7.528947900677448,7.536412002059569,-0.007464101382121058,0.007464101382121058,-0.7436314155938628,Wednesday,0,0.0012006491730796043,0.00021758164030050153,0.0009830675327791027,-0.0009830675327791027
2023-02-09,1862.3101025667,,1845.3251953125,13227628,,0,7.520410798565029,7.529572986702159,-0.009162188137129768,0.009162188137129768,-0.912034318601974,Thursday,0,-0.006839015357409828,-0.008537102112418538,0.0016980867550087098,-0.0016980867550087098
2023-02-10,1865.6949629781,,1825.0911865234375,14366797,,0,7.509385229986694,7.531388896971607,-0.022003666984913295,0.022003666984913295,-2.1763352134396627,Friday,0,0.00181591026944794,-0.011025568578335587,0.012841478847783527,-0.012841478847783527
2023-02-11,1865.3500777105,,1831.4654541015625,8029400,,0,7.512871719961569,7.5312040236908935,-0.018332303729324373,0.018332303729324373,-1.8165289193611835,Saturday,0,-0.0001848732807134823,0.0034864899748754397,0.003671363255588922,0.003671363255588922
2023-02-12,1862.600089144,,1828.989013671875,6309779,,0,7.5115186416324615,7.529728687947537,-0.018210046315075168,0.018210046315075168,-1.804524528266925,Sunday,0,-0.001475335743356787,-0.001353078329107582,0.000122257414249205,0.000122257414249205
2023-02-13,1854.3098425654,,1806.0648193359375,54661455,,0,7.498905624438031,7.525267853287432,-0.026362228849401426,0.026362228849401426,-2.60177787562819,Monday,1,-0.004460834660104496,-0.012613017194430753,0.008152182534326258,-0.008152182534326258
2023-02-14,1857.5648958872,,1833.22705078125,26363573,,0,7.513833108570857,7.527021713202189,-0.01318860463133209,0.01318860463133209,-1.3102016064061064,Tuesday,0,0.0017538599147570721,0.014927484132826407,0.013173624218069335,0.013173624218069335
2023-02-15,1834.7001237689,,1824.958251953125,10187158,,0,7.509312390112817,7.514636326844692,-0.005323936731874923,0.005323936731874923,-0.5309789697818855,Wednesday,0,-0.012385386357497197,-0.0045207184580400295,0.007864667899457167,0.007864667899457167
2023-02-16,1834.3699663742,,1819.0220947265625,14538485,,0,7.506054325077977,7.514456358957745,-0.008402033879768567,0.008402033879768567,-0.836683544158431,Thursday,0,-0.00017996788694674137,-0.003258065034840385,0.0030780971478936436,-0.0030780971478936436
2023-02-17,1842.3198934255,,1815.322265625,11548671,,0,7.504018287755787,7.518780868091774,-0.01476258033598743,0.01476258033598743,-1.4654147684581602,Friday,0,0.004324509134028709,-0.002036037322190154,0.006360546456218863,-0.006360546456218863
2023-02-18,1841.9201501828,,1823.3900146484375,6377759,,0,7.508452692909219,7.518563866354897,-0.01011117344567758,0.01011117344567758,-1.006022738419113,Saturday,0,-0.0002170017368774424,0.004434405153432408,0.0046514068903098504,0.0046514068903098504
2023-02-19,1842.5649831212,,1821.658203125,7084720,,0,7.507502465888735,7.518913892435422,-0.011411426546686698,0.011411426546686698,-1.1346563181063518,Sunday,0,0.00035002608052536743,-0.0009502270204837515,0.001300253101009119,-0.001300253101009119
2023-02-20,1841.8200718605,,1816.7274169921875,8839386,,0,7.504792038976216,7.518509531186675,-0.013717492210458815,0.013717492210458815,-1.3623836145387125,Monday,1,-0.0004043612487469872,-0.002710426912519104,0.0023060656637721166,-0.0023060656637721166
2023-02-21,1835.749945157,,1811.5828857421875,8242719,,0,7.501956264597354,7.515208366456736,-0.013252101859382748,0.013252101859382748,-1.3164679360916773,Tuesday,0,-0.003301164729938577,-0.00283577437886251,0.0004653903510760671,0.0004653903510760671
2023-02-22,1825.0699640571,,1812.8677978515625,9503841,,0,7.502665289095338,7.509373601751412,-0.006708312656074078,0.006708312656074078,-0.6685862156436027,Wednesday,0,-0.005834764705324069,0.0007090244979846005,0.00654378920330867,0.00654378920330867
2023-02-23,1823.179983234,,1814.3504638671875,6986537,,0,7.503482811500235,7.5083374989517235,-0.004854687451488537,0.004854687451488537,-0.48429225024457034,Thursday,0,-0.0010361027996887984,0.0008175224048967422,0.0018536252045855406,0.0018536252045855406
2023-02-24,1810.4498805013,,1800.7398681640625,8671647,,0,7.495952897300256,7.5013306461389,-0.0053777488386437255,0.0053777488386437255,-0.5363314633459407,Friday,0,-0.0070068528128235386,-0.007529914199978727,0.0005230613871551881,-0.0005230613871551881
2023-02-25,1810.9849639351,,1794.366943359375,6800385,,0,7.49240756092272,7.501626155217859,-0.009218594295139049,0.009218594295139049,-0.9176233324221337,Saturday,0,0.0002955090789589221,-0.003545336377536401,0.003840845456495323,-0.003840845456495323
2023-02-26,1811.750105308,,1797.281982421875,6163615,,0,7.494030792904911,7.502048566114406,-0.00801777320949526,0.00801777320949526,-0.7985716597303799,Sunday,0,0.00042241089654737607,0.0016232319821911645,0.0012008210856437884,0.0012008210856437884
2023-02-27,1817.1899628603,,1805.1595458984375,7830972,,0,7.498404257940186,7.505046610460518,-0.006642352520331407,0.006642352520331407,-0.6620340860196253,Monday,1,0.002998044346111506,0.004373465035275359,0.0013754206891638532,0.0013754206891638532
2023-02-28,1825.6400557112,,1808.871337890625,12105010,,0,7.5004583595329235,7.509685919988493,-0.009227560455569161,0.009227560455569161,-0.9185117169245317,Tuesday,0,0.004639309527974866,0.002054101592737112,0.0025852079352377544,-0.0025852079352377544
2023-03-01,1836.1999474847,,1824.9390869140625,8962324,,0,7.509301888426176,7.51545346910961,-0.006151580683433799,0.006151580683433799,-0.6132698449350851,Wednesday,0,0.005767549121117099,0.008843528893252461,0.003075979772135362,0.003075979772135362
2023-03-02,1836.3999069313,,1826.4527587890625,7921440,,0,7.510130981564174,7.515562361695094,-0.00543138013092026,0.00543138013092026,-0.5416656853821962,Thursday,0,0.00010889258548463232,0.0008290931379981714,0.0007202005525135391,0.0007202005525135391
2023-03-03,1855.4349028086,,1843.9583740234375,14035736,,0,7.519669830121747,7.525874396516098,-0.006204566394351296,0.006204566394351296,-0.6185357819770666,Friday,0,0.010312034821003735,0.009538848557572699,0.000773186263431036,-0.000773186263431036
2023-03-04,1855.1598767506,,1850.277099609375,8044286,,0,7.523090690428567,7.525726158255202,-0.002635467826635818,0.002635467826635818,-0.26319980301522156,Saturday,0,-0.00014823826089571668,0.003420860306819762,0.0035690985677154785,0.0035690985677154785
2023-03-05,1852.3300274182,,1845.83154296875,7822991,,0,7.520685155735601,7.524199599880077,-0.003514444144475881,0.003514444144475881,-0.3508275713970705,Sunday,0,-0.0015265583751258305,-0.002405534692965894,0.0008789763178400634,-0.0008789763178400634
2023-03-06,1846.2798476524,,1831.4906005859375,9554960,,0,7.51288545012049,7.520928000351282,-0.008042550230792145,0.008042550230792145,-0.8010295451833787,Monday,1,-0.003271599528794411,-0.007799705615110675,0.004528106086316264,-0.004528106086316264
2023-03-07,1814.0500717729,,1806.93505859375,8910488,,0,7.499387351149375,7.503317233256035,-0.00392988210666001,0.00392988210666001,-0.39221702255420476,Tuesday,0,-0.017610767095247226,-0.013498098971115091,0.004112668124132135,0.004112668124132135
2023-03-08,1815.2898963506,,1806.4393310546875,10133732,,0,7.499112966328586,7.504000456451887,-0.004887490123301141,0.004887490123301141,-0.48755657780640793,Wednesday,0,0.0006832231958524559,-0.00027438482078867565,0.0009576080166411316,-0.0009576080166411316
2023-03-09,1831.2499507852,,1809.7559814453125,11283704,,0,7.500947298290216,7.512754045890401,-0.011806747600185297,0.011806747600185297,-1.1737321456675782,Thursday,0,0.008753589438513565,0.0018343319616294096,0.006919257476884155,-0.006919257476884155
2023-03-10,1867.2699691452,,1868.05517578125,22700024,,0,7.532653155708698,7.532232733594344,0.00042042211435422416,0.00042042211435422416,0.042051050411813715,Friday,0,0.01947868770394301,0.03170585741848253,0.01222716971453952,0.01222716971453952
2023-03-11,1867.3100670234,,1903.259765625,73090645,,0,7.551323361199035,7.532254207429588,0.019069153769446956,0.019069153769446956,1.925213130720483,Saturday,0,2.147383524420121e-05,0.018670205490336933,0.018648731655092732,0.018648731655092732
2023-03-12,1875.9698764261,,1918.7265625,28057034,,0,7.55941699627719,7.536881072095086,0.022535924182104594,0.022535924182104594,2.279177646250672,Sunday,0,0.004626864665497443,0.008093635078155081,0.003466770412657638,0.003466770412657638
2023-03-13,1911.0801176384,,1928.1329345703125,36888656,,0,7.564307422259516,7.555423867819029,0.008883554440486385,0.008883554440486385,0.8923130314905566,Monday,1,0.018542795723943684,0.004890425982325475,0.013652369741618209,-0.013652369741618209
2023-03-14,1903.5700885941,,1910.885986328125,29421493,,0,7.555322280675051,7.551486396050432,0.0038358846246184797,0.0038358846246184797,0.38432510459481717,Tuesday,0,-0.003937471768597156,-0.008985141584465062,0.005047669815867906,-0.005047669815867906
2023-03-15,1921.1299317807,,1929.0836181640625,28077921,,0,7.564800359899912,7.560668798055784,0.0041315618441277735,0.0041315618441277735,0.41401085120725,Wednesday,0,0.009182402005351697,0.009478079224860991,0.0002956772195092938,0.0002956772195092938
2023-03-16,1919.5000086378,,1912.2286376953125,18354429,,0,7.55602466684676,7.559820018940878,-0.0037953520941185204,0.0037953520941185204,-0.37881588485366535,Thursday,0,-0.0008487791149054402,-0.008775693053151734,0.007926913938246294,-0.007926913938246294
2023-03-17,1987.7107793357,,1965.34619140625,32516521,,0,7.5834236876183905,7.594738893401268,-0.011315205782877591,0.011315205782877591,-1.1251429615391169,Friday,0,0.03491887446038966,0.02739902077163059,0.0075198536887590706,-0.0075198536887590706
2023-03-18,1988.1881740579,,1963.58056640625,15805230,,0,7.582524905214089,7.594979037695723,-0.012454132481634517,0.012454132481634517,-1.2376900724354318,Saturday,0,0.00024014429445529117,-0.0008987824043016346,0.0011389266987569258,-0.0011389266987569258
2023-03-19,1976.492390109,,1975.6558837890625,20817894,,0,7.5886557152622816,7.589079032544152,-0.00042331728187061657,0.00042331728187061657,-0.04232276957522039,Sunday,0,-0.005900005151571186,0.006130810048192714,0.0120308151997639,0.0120308151997639
2023-03-20,1976.3673893056,,1982.8668212890625,21310098,,0,7.592298966047132,7.589015786787704,0.003283179259427449,0.003283179259427449,0.328857479567404,Monday,1,-6.32457564480049e-05,0.0036432507848500606,0.0037064965412980655,0.0037064965412980655
2023-03-21,1942.3034864736,,1950.412109375,16879491,,0,7.575795967370059,7.571629911859696,0.004166055510363087,0.004166055510363087,0.4174745583205312,Tuesday,0,-0.01738587492800825,-0.01650299867707261,0.000882876250935638,0.000882876250935638
2023-03-22,1969.0919512776,,1977.9765625,19334054,,0,7.589829663022466,7.58532777702949,0.0045018859929761845,0.0045018859929761845,0.45120347054567356,Wednesday,0,0.013697865169794099,0.014033695652407197,0.00033583048261309756,0.00033583048261309756
2023-03-23,1991.6859063525,,1993.351318359375,16823623,,0,7.597572580824179,7.596736748178249,0.0008358326459303456,0.0008358326459303456,0.0836182051378224,Thursday,0,0.01140897114875905,0.007742917801713212,0.003666053347045839,-0.003666053347045839
2023-03-24,1978.5477934048,,1987.959228515625,15246230,,0,7.594863878211254,7.590118416917241,0.004745461294013431,0.004745461294013431,0.4756738827435324,Friday,0,-0.006618331261008414,-0.002708702612925329,0.0039096286480830855,0.0039096286480830855
2023-03-25,1979.5814095926,,1998.56005859375,14083888,,0,7.600182229535583,7.590640692041819,0.009541537493763741,0.009541537493763741,0.9587203087068688,Saturday,0,0.0005222751245783641,0.005318351324328674,0.00479607619975031,0.00479607619975031
2023-03-26,1976.0342612724,,1990.47802734375,9444350,,0,7.596130103617199,7.588847216858107,0.007282886759091944,0.007282886759091944,0.7309471477508382,Sunday,0,-0.00179347518371209,-0.0040521259183838865,0.0022586507346717966,-0.0022586507346717966
2023-03-27,1957.5784910672,,1981.2379150390625,12846384,,0,7.591477137942161,7.579463524668836,0.012013613273325063,0.012013613273325063,1.2086066576551013,Monday,1,-0.009383692189270931,-0.004652965675037812,0.004730726514233119,0.004730726514233119
2023-03-28,1972.1734218865,,1986.073486328125,12390854,,0,7.593914846099872,7.586891473429011,0.007023372670860617,0.007023372670860617,0.7048094395435499,Tuesday,0,0.007427948760175163,0.0024377081577107163,0.004990240602464446,-0.004990240602464446
2023-03-29,1963.8579439429,,1982.794677734375,11761695,,0,7.592262581925737,7.582666156330499,0.009596425595237434,0.009596425595237434,0.9642618932739683,Wednesday,0,-0.004225317098511816,-0.0016522641741349986,0.0025730529243768174,0.0025730529243768174
2023-03-30,1979.323589915,,1982.4658203125,12529786,,0,7.592096712660506,7.5905104440676965,0.0015862685928098585,0.0015862685928098585,0.15875273823392277,Thursday,0,0.007844287737197142,-0.00016586926523043388,0.008010157002427576,-0.008010157002427576
2023-03-31,1968.6818159357,,1978.31689453125,9115102,,0,7.590001708921379,7.585119468798683,0.004882240122696224,0.004882240122696224,0.48941776764319994,Friday,0,-0.005390975269013332,-0.002095003739126966,0.0032959715298863657,0.0032959715298863657
2023-04-01,1968.9070203349,,1977.45849609375,6471997,,0,7.5895677113526565,7.585233855754158,0.004333855598498637,0.004333855598498637,0.4343260332016855,Saturday,0,0.00011438695547472122,-0.0004339975687228659,0.0005483845241975871,-0.0005483845241975871
2023-04-02,1968.9070203349,,1973.987060546875,7041284,,0,7.58781066503115,7.585233855754158,0.0025768092769924422,0.0025768092769924422,0.25801321035012553,Sunday,0,0.0,-0.0017570463215061949,0.0017570463215061949,-0.0017570463215061949
2023-04-03,1984.3136040969,,1986.1685791015625,11441579,,0,7.5939627247396375,7.593028341934711,0.0009343828049264147,0.0009343828049264147,0.09348194765346719,Monday,1,0.007794486180553228,0.006152059708487201,0.0016424264720660275,-0.0016424264720660275
2023-04-04,2020.9283295956,,2024.397216796875,13592041,,0,7.6130272645103245,7.611312253932445,0.0017150105778798164,0.0017150105778798164,0.17164820495980596,Tuesday,0,0.018283911997733604,0.019064539770687006,0.0007806277729534017,0.0007806277729534017
2023-04-05,2020.2309972527,,2030.669189453125,17520013,,0,7.616120667690126,7.610967138932801,0.005153528757324999,0.005153528757324999,0.5166831028045703,Wednesday,0,-0.0003451149996438474,0.003093403179801335,0.0034385181794451825,0.0034385181794451825
2023-04-06,2007.9462464758,,2017.3612060546875,9730767,,0,7.609545602761354,7.604867710769939,0.004677891991414995,0.004677891991414995,0.4688850408924973,Thursday,0,-0.006099428162861464,-0.006575064928771468,0.0004756367659100036,-0.0004756367659100036
2023-04-07,2007.8660159039,,2023.2396240234375,7708067,,0,7.612455279991693,7.604827753437938,0.007627526553754649,0.007627526553754649,0.7656690236184216,Friday,0,-3.995733200135021e-05,0.0029096772303383034,0.0029496345623396536,0.0029496345623396536
2023-04-08,2008.0659995068,,2020.01025390625,5899103,,0,7.610857866573579,7.604927348551748,0.005930518021830977,0.005930518021830977,0.5948138359189238,Saturday,0,9.95951138103024e-05,-0.0015974134181133692,0.0016970085319236716,-0.0016970085319236716
2023-04-09,2004.6789206007,,2020.76806640625,7592466,,0,7.611232949019986,7.603239187565722,0.007993761454264003,0.007993761454264003,0.8025796869619881,Sunday,0,-0.0016881609860259772,0.000375082446407049,0.002063243432433026,0.002063243432433026
2023-04-10,1992.2433995482,,2005.815673828125,11689480,,0,7.603806076876307,7.597016619208346,0.0067894576679607965,0.0067894576679607965,0.6812558286303261,Monday,1,-0.006222568357376446,-0.0074268721436796525,0.0012043037863032069,-0.0012043037863032069
2023-04-11,2004.3590801275,,2023.0201416015625,13952808,,0,7.612346793421475,7.603079627853981,0.009267165567493407,0.009267165567493407,0.9310238698784192,Tuesday,0,0.00606300864563547,0.008540716545168081,0.0024777078995326107,0.0024777078995326107
2023-04-12,2024.5656749872,,2031.911865234375,15332912,,0,7.616732434349439,7.613110475048393,0.0036219593010455853,0.0036219593010455853,0.36285265219768137,Wednesday,0,0.01003084719441194,0.004385640927964118,0.005645206266447822,-0.005645206266447822
2023-04-13,2025.8420463112,,2046.224365234375,12605896,,0,7.623751600926665,7.613740718448107,0.01001088247855808,0.01001088247855808,1.0061158993263388,Thursday,0,0.0006302433997138479,0.007019166577226343,0.0063889231775124955,0.0063889231775124955
2023-04-14,2037.479434192,,2018.4805908203125,20298571,,0,7.610100324601639,7.619468751415979,-0.009368426814339692,0.009368426814339692,-0.9324679823932523,Friday,0,0.005728032967871499,-0.013651276325026274,0.019379309292897773,-0.019379309292897773
2023-04-15,2004.1389477549,,2016.8338623046875,7534828,,0,7.609284165848132,7.602969795008217,0.006314370839914929,0.006314370839914929,0.6334348506129615,Saturday,0,-0.016498956407761334,-0.0008161587535067127,0.01568279765425462,0.01568279765425462
2023-04-16,2004.2341450548,,2018.9437255859375,7936613,,0,7.610329745505344,7.603017294229329,0.007312451276014542,0.007312451276014542,0.7339252535653912,Sunday,0,4.749922111191296e-05,0.0010455796572115261,0.0009980804360996132,0.0009980804360996132
2023-04-17,2007.6785674491,,2012.4794921875,13203939,,0,7.607122819023407,7.60473439202653,0.0023884269968768024,0.0023884269968768024,0.23912815608227161,Monday,1,0.0017170977972007506,-0.003206926481936989,0.00492402427913774,-0.00492402427913774
2023-04-18,2003.6779512473,,2014.394287109375,11956608,,0,7.608073827260135,7.60273974632024,0.0053340809398951805,0.0053340809398951805,0.5348332477983355,Tuesday,0,-0.0019946457062900436,0.0009510082367283346,0.002945653943018378,0.002945653943018378
2023-04-19,2004.0839222167,,2004.290771484375,17133500,,0,7.603045547230499,7.602942338681566,0.00010320854893297593,0.00010320854893297593,0.01032138751186144,Wednesday,0,0.0002025923613260261,-0.0050282800296361785,0.005230872390962205,-0.005230872390962205
2023-04-20,2003.6498485641,,2006.597412109375,12557422,,0,7.604195736801343,7.602725720672924,0.001470016128418905,0.001470016128418905,0.14710971317604904,Thursday,0,-0.0002166180086415892,0.00115018957084434,0.0013668075794859291,0.0013668075794859291
2023-04-21,1987.895703064,,1983.8419189453125,13284261,,0,7.59279060671941,7.59483192259279,-0.0020413158733800785,0.0020413158733800785,-0.2039233805093097,Friday,0,-0.007893798080134573,-0.011405130081933557,0.0035113320017989835,-0.0035113320017989835
2023-04-22,1983.2636348383,,1983.813232421875,6870543,,0,7.592776146529528,7.592499067155732,0.00027707937379606307,0.00027707937379606307,0.027711776383161503,Saturday,0,-0.002332855437058079,-1.4460189881937424e-05,0.0023183952471761415,0.0023183952471761415
2023-04-23,1983.3781014827,,1986.292236328125,6327781,,0,7.594024981981356,7.592556781792969,0.0014682001883867812,0.0014682001883867812,0.14692785219552928,Sunday,0,5.771463723736048e-05,0.0012488354518280786,0.0011911208145907182,0.0011911208145907182
2023-04-24,1983.7298445609,,1995.211669921875,10208806,,0,7.5985054239072,7.592734111517244,0.005771312389955874,0.005771312389955874,0.578799849811032,Monday,1,0.00017732972427531024,0.004480441925844403,0.004303112201569093,0.004303112201569093
2023-04-25,1981.4433863977,,2002.277587890625,11393228,,0,7.602040605553432,7.591580841138654,0.010459764414777695,0.010459764414777695,1.0514658978373366,Tuesday,0,-0.0011532703785901433,0.0035351816462316776,0.004688452024821821,0.004688452024821821
2023-04-26,1999.6824504269,,1988.7015380859375,18246199,,0,7.595237211327907,7.600743672149481,-0.005506460821574244,0.005506460821574244,-0.5491328054921047,Wednesday,0,0.009162831010827155,-0.006803394225524784,0.01596622523635194,-0.01596622523635194
2023-04-27,2000.7050484591,,1987.5450439453125,12155222,,0,7.594655509891954,7.6012549216495655,-0.006599411757611584,0.006599411757611584,-0.6577683464098344,Thursday,0,0.0005112495000840767,-0.0005817014359532635,0.0010929509360373402,-0.0010929509360373402
2023-04-28,1983.7133169254,,1988.193115234375,8874864,,0,7.594981522958638,7.592725779886607,0.0022557430720313576,0.0022557430720313576,0.22582891745256384,Friday,0,-0.008529141762958936,0.00032601306668400554,0.008855154829642942,0.008855154829642942
2023-04-29,1988.803038891,,1998.0079345703125,5832742,,0,7.599905930457026,7.595288248757592,0.00461768169943344,0.00461768169943344,0.4628359620993659,Saturday,0,0.002562468870985768,0.0049244074983878505,0.0023619386274020826,0.0023619386274020826
2023-04-30,1990.8250835201,,2000.9384765625,5507575,,0,7.6013715877654775,7.59630444662378,0.005067141141697817,0.005067141141697817,0.50800008127876,Sunday,0,0.0010161978661873405,0.0014656573084517177,0.0004494594422643772,0.0004494594422643772
2023-05-01,1988.4558208863,,1995.661865234375,11541094,,0,7.598731036325356,7.595113647094576,0.0036173892307802546,0.0036173892307802546,0.362393987957103,Monday,1,-0.0011907995292039786,-0.0026405514401215413,0.0014497519109175627,-0.0014497519109175627
2023-05-02,1988.1356019816,,2014.292236328125,11774565,,0,7.6080231651991,7.59495259514262,0.013070570056480157,0.013070570056480157,1.3156363338825718,Tuesday,0,-0.00016105195195592614,0.009292128873743977,0.009453180825699903,0.009453180825699903
2023-05-03,2016.3396096608,,2044.4500732421875,14668964,,0,7.622884119473355,7.609039072176959,0.013845047296396018,0.013845047296396018,1.3941333814354975,Wednesday,0,0.014086477034338962,0.014860954274254823,0.0007744772399158606,0.0007744772399158606
2023-05-04,2039.9949163327,,2050.4052734375,13111700,,0,7.625792746953255,7.620702594841383,0.00509015211187247,0.00509015211187247,0.5103128944808656,Thursday,0,0.011663522664424164,0.002908627479900616,0.008754895184523548,-0.008754895184523548
2023-05-05,2049.4352473761,,2020.5916748046875,14263106,,0,7.611145655825136,7.625319545093536,-0.014173889268399797,0.014173889268399797,-1.4073912609993944,Friday,0,0.004616950252152918,-0.01464709112811935,0.019264041380272268,-0.019264041380272268
2023-05-06,2032.9169919334,,2024.555908203125,7523532,,0,7.613105650898822,7.617226982461958,-0.004121331563135655,0.004121331563135655,-0.4112850531257121,Saturday,0,-0.008092562631578204,0.0019599950736859384,0.010052557705264142,0.010052557705264142
2023-05-07,2016.4595527452,,2018.8114013671875,5013402,,0,7.610264202046349,7.609098555964574,0.0011656460817750514,0.0011656460817750514,0.11663257112128687,Sunday,0,-0.008128426497383323,-0.0028414488524726167,0.005286977644910706,0.005286977644910706
2023-05-08,2024.2308530028,,2028.6873779296875,14575621,,0,7.615144251034928,7.612945081710967,0.0021991693239611365,0.0021991693239611365,0.22015892704513734,Monday,1,0.0038465257463924374,0.0048800489885785225,0.0010335232421860852,0.0010335232421860852
2023-05-09,2032.0449423316,,2039.734130859375,10042266,,0,7.620574750334718,7.616797925742962,0.0037768245917559895,0.0037768245917559895,0.378396578126484,Tuesday,0,0.0038528440319955948,0.005430499299790448,0.001577655267794853,0.001577655267794853
2023-05-10,2031.2000451739,,2042.9896240234375,13126090,,0,7.622169516010519,7.616382052630474,0.00578746338004521,0.00578746338004521,0.580424310128851,Wednesday,0,-0.000415873112488363,0.0015947656758008577,0.0020106387882892207,0.0020106387882892207
2023-05-11,2028.7535236913,,2024.405029296875,14405311,,0,7.613031123676333,7.615176855705321,-0.0021457320289881565,0.0021457320289881565,-0.2143431591686363,Thursday,0,-0.0012051969251531958,-0.009138392334186562,0.007933195409033367,-0.007933195409033367
2023-05-12,2007.1055550861,,2025.80224609375,11804362,,0,7.613721071996158,7.604448940879269,0.00927213111688907,0.00927213111688907,0.9315250491072476,Friday,0,-0.01072791482605151,0.0006899483198257172,0.011417863145877227,0.011417863145877227
2023-05-13,2011.5487034161,,2020.7459716796875,4633485,,0,7.6112220151341425,7.60666020358298,0.004561811551162975,0.004561811551162975,0.45722324535162384,Saturday,0,0.002211262703710304,-0.0024990568620157916,0.0047103195657260954,-0.0047103195657260954
2023-05-14,2011.5159286918,,2019.4971923828125,4384166,,0,7.61060384474888,7.606643910171216,0.0039599345776641925,0.0039599345776641925,0.39677854781906985,Sunday,0,-1.629341176379029e-05,-0.0006181703852625731,0.0006018769734987828,-0.0006018769734987828
2023-05-15,2015.2307106651,,2017.34716796875,8676700,,0,7.609538644099346,7.608488964434537,0.0010496796648089557,0.0010496796648089557,0.10502307713201663,Monday,1,0.0018450542633212663,-0.0010652006495339705,0.002910254912855237,-0.002910254912855237
2023-05-16,2016.4192990685,,1997.4776611328125,8706073,,0,7.599640494165035,7.6090785932143,-0.00943809904926507,0.00943809904926507,-0.9393699983152226,Tuesday,0,0.0005896287797630961,-0.00989814993431093,0.010487778714074025,-0.010487778714074025
2023-05-17,1987.5855407127,,1995.79248046875,8805346,,0,7.5987964837653665,7.594675884954623,0.004120598810743559,0.004120598810743559,0.41291001508831143,Wednesday,0,-0.014402708259677155,-0.0008440103996685266,0.013558697860008628,0.013558697860008628
2023-05-18,1984.3183291087,,1978.5972900390625,9452672,,0,7.5901434332526145,7.593030723113857,-0.00288728986124287,0.00288728986124287,-0.28831256485985574,Thursday,0,-0.0016451618407655744,-0.008653050512752003,0.007007888671986429,-0.007007888671986429
2023-05-19,1965.2079583061,,1996.5374755859375,5694337,,0,7.599169696968701,7.583353349902668,0.015816347066032854,0.015816347066032854,1.5942087526880284,Friday,0,-0.009677373211189,0.009026263716086724,0.018703636927275724,0.018703636927275724
2023-05-20,1976.2845849802,,1993.51953125,5188811,,0,7.597656964240182,7.58897388867679,0.00868307556339154,0.00868307556339154,0.8720882812518989,Saturday,0,0.005620538774121719,-0.0015127327285195946,0.007133271502641314,-0.007133271502641314
2023-05-21,1976.6220951562,,1989.7113037109375,3379398,,0,7.595744833682266,7.589144654244576,0.006600179437690201,0.006600179437690201,0.6622008621077954,Sunday,0,0.00017076556778583551,-0.0019121305579155035,0.002082896125701339,-0.002082896125701339
2023-05-22,1980.1239121942,,1980.5234375,5208723,,0,7.591116451124743,7.5909147036466775,0.00020174747806578353,0.00020174747806578353,0.020176783045722575,Monday,1,0.00177004940210157,-0.004628382557522848,0.006398431959624418,-0.006398431959624418
2023-05-23,1967.871738843,,1985.54736328125,7921952,,0,7.593649904873166,7.58470790213619,0.008942002736976207,0.008942002736976207,0.8982101876539114,Tuesday,0,-0.006206801510487914,0.0025334537484225095,0.008740255258910423,0.008740255258910423
2023-05-24,1976.5173921671,,1971.7099609375,7822990,,0,7.586656445713358,7.589091682175435,-0.002435236462076773,0.002435236462076773,-0.2432273679276401,Wednesday,0,0.004383780039245444,-0.006993459159807536,0.01137723919905298,-0.01137723919905298
2023-05-25,1957.3386301526,,1965.3729248046875,6624289,,0,7.583437289912347,7.579340987763214,0.004096302149132924,0.004096302149132924,0.41047034623033685,Thursday,0,-0.009750694412221428,-0.0032191558010117305,0.006531538611209697,0.006531538611209697
2023-05-26,1953.2375400536,,1962.481201171875,7743657,,0,7.581964870589983,7.577243551772212,0.0047213188177712695,0.0047213188177712695,0.47324818045537487,Friday,0,-0.0020974359910015394,-0.0014724193223631943,0.0006250166686383452,0.0006250166686383452
2023-05-27,1945.8277658336,,1966.017333984375,2767382,,0,7.583765117547376,7.573442752063117,0.010322365484259244,0.010322365484259244,1.0375824883003257,Saturday,0,-0.003800799709095415,0.0018002469573925595,0.005601046666487974,0.005601046666487974
2023-05-28,1945.5252918288,,1962.60888671875,6084209,,0,7.582029931795745,7.573287292509113,0.008742639286632325,0.008742639286632325,0.8780967773434305,Sunday,0,-0.00015545955400408928,-0.0017351857516310076,0.0015797261976269183,-0.0015797261976269183
2023-05-29,1945.4492149237,,1957.789794921875,8099987,,0,7.57957146029044,7.573248188215328,0.006323272075111852,0.006323272075111852,0.634330616471986,Monday,1,-3.9104293784397726e-05,-0.002458471505304871,0.0024193672115204734,-0.0024193672115204734
2023-05-30,1938.6269480778,,1968.1883544921875,6736061,,0,7.584868781615853,7.569735242755145,0.015133538860707674,0.015133538860707674,1.524863070932669,Tuesday,0,-0.0035129454601827703,0.005297321325413051,0.008810266785595822,0.008810266785595822
2023-05-31,1957.1133830153,,1969.7386474609375,8086830,,0,7.585656146667604,7.579225902874299,0.006430243793304591,0.006430243793304591,0.6450962195243807,Wednesday,0,0.00949066011915356,0.0007873650517504771,0.008703295067403083,-0.008703295067403083
2023-06-01,1967.756731745,,1980.835693359375,9804342,,0,7.59127410199643,7.584649458053425,0.006624643943005104,0.006624643943005104,0.6646635431797809,Thursday,0,0.005423555179126183,0.005617955328826696,0.00019440014970051323,0.00019440014970051323
2023-06-02,1979.2836299587,,1957.708251953125,9093038,,0,7.579529808900101,7.590490255170904,-0.010960446270803281,0.010960446270803281,-1.0900599428503923,Friday,0,0.005840797117478758,-0.011744293096329628,0.017585090213808385,-0.017585090213808385
2023-06-03,1948.6636259719,,1947.7532958984375,6509989,,0,7.5744318313663515,7.574899096604276,-0.0004672652379245079,0.0004672652379245079,-0.046715608652494724,Saturday,0,-0.01559115856662796,-0.005097977533749187,0.010493181032878773,0.010493181032878773
2023-06-04,1948.70881477,,1946.659912109375,4935514,,0,7.573870317341315,7.574922285970337,-0.0010519686290217933,0.0010519686290217933,-0.10514155039970483,Sunday,0,2.31893660611604e-05,-0.000561514025036125,0.0005847033910972854,-0.0005847033910972854
2023-06-05,1942.658547649,,1920.23583984375,20739202,,0,7.560203290730394,7.571812699322363,-0.011609408591969128,0.011609408591969128,-1.1542279435769016,Monday,1,-0.0031095866479740053,-0.01366702661092134,0.010557439962947335,-0.010557439962947335
2023-06-06,1964.0380701283,,1936.793212890625,15366205,,0,7.568788901327449,7.582757872702257,-0.013968971374808348,0.013968971374808348,-1.3871858011334381,Tuesday,0,0.01094517337989398,0.00858561059705476,0.0023595627828392196,-0.0023595627828392196
2023-06-07,1961.709394332,,1924.7119140625,10836226,,0,7.562531580489986,7.58157151209679,-0.019039931606804394,0.019039931606804394,-1.8859817043440554,Wednesday,0,-0.0011863606054669518,-0.0062573208374629985,0.005070960231996047,-0.005070960231996047
2023-06-08,1945.6827634299,,1922.29052734375,10471701,,0,7.561272736974603,7.57336822963658,-0.012095492661977403,0.012095492661977403,-1.2022636231259785,Thursday,0,-0.008203282460209849,-0.001258843515382857,0.006944438944826992,0.006944438944826992
2023-06-09,1964.1082781468,,1917.9833984375,9062251,,0,7.5590295997424715,7.582793618834037,-0.023764019091565558,0.023764019091565558,-2.3483878268065963,Friday,0,0.009425389197456724,-0.0022431372321314313,0.011668526429588155,-0.011668526429588155
2023-06-10,1960.8169940087,,1920.7275390625,15960759,,0,7.560459319842328,7.581116499051448,-0.02065717920911947,0.02065717920911947,-2.0445281262195216,Saturday,0,-0.0016771197825891093,0.0014297200998569792,0.0031068398824460886,0.0031068398824460886
2023-06-11,1960.8896634839,,1918.474609375,5666023,,0,7.559285674976025,7.581153559179374,-0.021867884203349064,0.021867884203349064,-2.1630515423056207,Sunday,0,3.706012792648039e-05,-0.001173644866303114,0.0012107049942295944,-0.0012107049942295944
2023-06-12,1964.2957813016,,1931.5933837890625,6859692,,0,7.566100528744537,7.58288907905254,-0.016788550308003636,0.016788550308003636,-1.6648407955581928,Monday,1,0.0017355198731658916,0.00681485376851132,0.005079333895345428,0.005079333895345428
2023-06-13,1965.2454208308,,1915.7974853515625,8384656,,0,7.557889256363924,7.583372412601593,-0.025483156237668503,0.025483156237668503,-2.516120121950648,Tuesday,0,0.00048333354905238934,-0.008211272380612478,0.008694605929664867,-0.008694605929664867
2023-06-14,1944.7273482534,,1917.9698486328125,7719754,,0,7.5590225351075215,7.572877065379712,-0.013854530272190857,0.013854530272190857,-1.3758997961651984,Wednesday,0,-0.01049534722188028,0.0011332787435973657,0.011628625965477646,0.011628625965477646
2023-06-15,1934.0429465841,,1930.332275390625,12334175,,0,7.565447430495343,7.567367881859811,-0.0019204513644677235,0.0019204513644677235,-0.19186084776601323,Thursday,0,-0.005509183519901484,0.00642489538782165,0.011934078907723134,0.011934078907723134
2023-06-16,1964.7782069945,,1942.54248046875,11173288,,0,7.571752950969862,7.583134646174341,-0.011381695204478959,0.011381695204478959,-1.131716875044316,Friday,0,0.015766764314530057,0.006305520474518822,0.009461243840011235,-0.009461243840011235
2023-06-17,1956.8334286637,,1928.8858642578125,4220798,,0,7.564697842807786,7.579082848118807,-0.014385005311020826,0.014385005311020826,-1.4282035454071642,Saturday,0,-0.004051798055534128,-0.007055108162075996,0.0030033101065418677,-0.0030033101065418677
2023-06-18,1957.2934233375,,1927.9005126953125,3150121,,0,7.564186872539986,7.579317891434116,-0.015131018894130044,0.015131018894130044,-1.5017120219035824,Sunday,0,0.00023504331530954659,-0.0005109702677996708,0.0007460135831092174,-0.0007460135831092174
2023-06-19,1956.6684041882,,1926.08349609375,4317306,,0,7.563243943491995,7.578998512154421,-0.01575456866242675,0.01575456866242675,-1.5631114617573267,Monday,1,-0.0003193792796949424,-0.0009429290479916475,0.000623549768296705,-0.000623549768296705
2023-06-20,1952.3471116977,,1924.8402099609375,7440738,,0,7.562598235464045,7.576787574779917,-0.014189339315872296,0.014189339315872296,-1.408914509717659,Tuesday,0,-0.002210937374504063,-0.0006457080279496097,0.0015652293465544531,0.0015652293465544531
2023-06-21,1935.1949650871,,1924.0137939453125,12848768,,0,7.5621688006101975,7.567963357539178,-0.005794556928980121,0.005794556928980121,-0.5777800864257726,Wednesday,0,-0.008824217240739785,-0.00042943485384761004,0.008394782386892174,0.008394782386892174
2023-06-22,1930.0458733303,,1906.16455078125,11227849,,0,7.5528484135313425,7.565299050181386,-0.0124506366500432,0.0124506366500432,-1.2373448154288056,Thursday,0,-0.002664307357791884,-0.009320387078854964,0.0066560797210630795,-0.0066560797210630795
2023-06-23,1918.4574987803,,1909.5858154296875,8583626,,0,7.5546416469648205,7.559276756082379,-0.004635109117558045,0.004635109117558045,-0.4624383577041929,Friday,0,-0.006022294099007119,0.0017932334334780364,0.007815527532485156,0.007815527532485156
2023-06-24,1920.1225191777,,1909.6700439453125,5644256,,0,7.554685754256261,7.560144275057643,-0.005458520801381539,0.005458520801381539,-0.5443650146274965,Saturday,0,0.0008675189752640478,4.410729144055381e-05,0.0008234116838234939,-0.0008234116838234939
2023-06-25,1920.3076179179,,1907.01708984375,3837718,,0,7.553295567198308,7.560240669853921,-0.006945102655612878,0.006945102655612878,-0.6921041165560892,Sunday,0,9.639479627843173e-05,-0.0013901870579529074,0.0014865818542313392,-0.0014865818542313392
2023-06-26,1931.1659085875,,1906.4810791015625,8073627,,0,7.553014454832721,7.56587919721909,-0.01286474238636881,0.01286474238636881,-1.278234530558416,Monday,1,0.005638527365168677,-0.00028111236558725494,0.005919639730755932,-0.005919639730755932
2023-06-27,1923.228562252,,1904.4967041015625,5326385,,0,7.551973055332526,7.561760595651156,-0.00978754031863005,0.00978754031863005,-0.9739798232043492,Tuesday,0,-0.004118601567933311,-0.0010413995001945509,0.00307720206773876,0.00307720206773876
2023-06-28,1916.0993735121,,1890.7310791015625,7691840,,0,7.54471884759976,7.558046822275681,-0.013327974675921617,0.013327974675921617,-1.3239550495775683,Wednesday,0,-0.0037137733754750712,-0.007254207732766638,0.0035404343572915664,-0.0035404343572915664
2023-06-29,1908.45740533,,1892.7701416015625,7584524,,0,7.545796718375251,7.5540505535343385,-0.008253835159087508,0.008253835159087508,-0.8219865785123441,Thursday,0,-0.0039962687413428455,0.001077870775491263,0.005074139516834109,0.005074139516834109
2023-06-30,1905.4907095895,,1901.8287353515625,11222984,,0,7.550571194546124,7.5524948447258025,-0.0019236501796786598,0.0019236501796786598,-0.19218011504902355,Friday,0,-0.0015557088085360604,0.004774476170872788,0.006330184979408848,0.006330184979408848
2023-07-01,1919.3857965451,,1896.9996337890625,6004011,,0,7.548028776887585,7.559760516210904,-0.011731739323319168,0.011731739323319168,-1.1663190795895566,Saturday,0,0.007265671485101599,-0.002542417658538909,0.009808089143640508,-0.009808089143640508
2023-07-02,1919.3979539602,,1897.461669921875,4831278,,0,7.548272308761079,7.559766850204111,-0.011494541443032524,0.011494541443032524,-1.1428731594229857,Sunday,0,6.333993207263688e-06,0.00024353187349390737,0.00023719788028664368,0.00023719788028664368
2023-07-03,1914.7089087193,,1897.169921875,12397479,,0,7.548118539921922,7.557320884169975,-0.009202344248053329,0.009202344248053329,-0.9160132260538485,Monday,1,-0.002445966034136049,-0.0001537688391568537,0.0022921971949791953,0.0022921971949791953
2023-07-04,1929.7412101253,,1898.193359375,8005482,,0,7.548657849310228,7.56514118489035,-0.01648333558012194,0.01648333558012194,-1.634822875977844,Tuesday,0,0.00782030072037454,0.0005393093883059308,0.007280991332068609,-0.007280991332068609
2023-07-05,1923.8157423149,,1892.6146240234375,7812194,,0,7.545714550993153,7.562065858612002,-0.01635130761884973,0.01635130761884973,-1.6218350648237587,Wednesday,0,-0.00307532627834739,-0.0029432983170751825,0.0001320279612722075,0.0001320279612722075
2023-07-06,1923.9160464603,,1891.2364501953125,10664988,,0,7.544986100606478,7.562117995377728,-0.017131894771250877,0.017131894771250877,-1.6985978325360331,Thursday,0,5.213676572601855e-05,-0.000728450386675128,0.0007805871524011465,-0.0007805871524011465
2023-07-07,1915.8842514698,,1906.039306640625,9111726,,0,7.552782706583155,7.557934545155746,-0.005151838572590606,0.005151838572590606,-0.513859061246638,Friday,0,-0.004183450221982632,0.00779660597667764,0.011980056198660272,0.011980056198660272
2023-07-08,1925.8905751345,,1904.8970947265625,3377342,,0,7.552183267585509,7.563143776172152,-0.01096050858664288,0.01096050858664288,-1.0900661065061512,Saturday,0,0.005209231016405802,-0.0005994389976464731,0.005808670014052275,-0.005808670014052275
2023-07-09,1926.0660293956,,1903.506103515625,3740319,,0,7.5514527822874005,7.563234874945702,-0.011782092658301657,0.011782092658301657,-1.1712955597401993,Sunday,0,9.10987735505131e-05,-0.0007304852981082632,0.0008215840716587763,-0.0008215840716587763
2023-07-10,1923.0769230769,,1908.2999267578125,6242378,,0,7.553968033972011,7.561681746388789,-0.007713712416777874,0.007713712416777874,-0.7684038085925542,Monday,1,-0.0015531285569130304,0.002515251684610753,0.0040683802415237835,0.0040683802415237835
2023-07-11,1934.6127959546,,1918.5167236328125,6192156,,0,7.559307626684621,7.567662479990296,-0.008354853305674759,0.008354853305674759,-0.8320048515881516,Tuesday,0,0.005980733601506749,0.005339592712609864,0.000641140888896885,-0.000641140888896885
2023-07-12,1934.1978166001,,1943.344482421875,10034171,,0,7.572165727755276,7.567447954443481,0.00471777331179446,0.00471777331179446,0.47289195258491773,Wednesday,0,-0.00021452554681467007,0.012858101070654548,0.013072626617469219,0.013072626617469219
2023-07-13,1960.6120874088,,1941.3414306640625,14839872,,0,7.5711344722148555,7.581011992966634,-0.009877520751778945,0.009877520751778945,-0.9828898265238304,Thursday,0,0.013564038523153243,-0.0010312555404201618,0.014595294063573405,-0.014595294063573405
2023-07-14,1956.4536460372,,1930.4940185546875,10937778,,0,7.565531217307721,7.578888749081122,-0.013357531773400488,0.013357531773400488,-1.3268715839546648,Friday,0,-0.002123243885512771,-0.005603254907134314,0.003480011021621543,-0.003480011021621543
2023-07-15,1956.0682714772,,1922.6055908203125,3618449,,0,7.561436623575221,7.578691753603846,-0.017255130028624777,0.017255130028624777,-1.7107112847148627,Saturday,0,-0.00019699547727558553,-0.004094593732499874,0.0038975982552242883,-0.0038975982552242883
2023-07-16,1956.2557733999,,1927.3388671875,4681995,,0,7.563895505153195,7.578787605542844,-0.014892100389648277,0.014892100389648277,-1.4781761467797945,Sunday,0,9.585193899752653e-05,0.002458881577974026,0.0023630296389764993,0.0023630296389764993
2023-07-17,1957.1187454399,,1918.17626953125,9456384,,0,7.55913015400017,7.579228642836787,-0.020098488836617356,0.020098488836617356,-1.9897860566399612,Monday,1,0.00044103729394340263,-0.0047653511530256765,0.005206388446969079,-0.005206388446969079
2023-07-18,1963.9281390838,,1939.600830078125,12354878,,0,7.570237473194668,7.582701899183814,-0.012464425989145766,0.012464425989145766,-1.2387066777822158,Tuesday,0,0.0034732563470267763,0.011107319194498366,0.00763406284747159,0.00763406284747159
2023-07-19,1975.6594800736,,1939.3233642578125,6303512,,0,7.57009440990862,7.588657535559679,-0.018563125651058776,0.018563125651058776,-1.8391892014930546,Wednesday,0,0.005955636375865048,-0.00014306328604796192,0.00609869966191301,-0.00609869966191301
2023-07-20,1984.8862818951,,1933.45068359375,10186397,,0,7.567061604434888,7.593316902762396,-0.026255298327508392,0.026255298327508392,-2.591362476052837,Thursday,0,0.004659367202717313,-0.003032805473732303,0.007692172676449616,-0.007692172676449616
2023-07-21,1972.4037052787,,1925.4989013671875,5581969,,0,7.562940382684657,7.587008232911733,-0.024067850227076804,0.024067850227076804,-2.3780529201999703,Friday,0,-0.006308669850662696,-0.004121221750231108,0.002187448100431588,0.002187448100431588
2023-07-22,1961.7659660285,,1927.758544921875,3634631,,0,7.564113231291432,7.581600349640706,-0.017487118349273523,0.017487118349273523,-1.7335106070512303,Saturday,0,-0.0054078832710278135,0.0011728486067754673,0.006580731877803281,0.006580731877803281
2023-07-23,1962.0600374675,,1932.8668212890625,3225779,,0,7.566759579415789,7.581750239793474,-0.014990660377685039,0.014990660377685039,-1.4878859780518356,Sunday,0,0.00014989015276878348,0.0026463481243572673,0.002496457971588484,0.002496457971588484
2023-07-24,1961.3911912352,,1935.571044921875,6786759,,0,7.568157675581129,7.58140929188828,-0.013251616307150549,0.013251616307150549,-1.3164200200707856,Monday,1,-0.00034094790519478835,0.0013980961653397017,0.00173904407053449,0.00173904407053449
2023-07-25,1962.4835936372,,1944.872802734375,4793396,,0,7.572951856862331,7.58196608969153,-0.00901423282919911,0.00901423282919911,-0.8973726435177918,Tuesday,0,0.0005567978032505749,0.004794181281202015,0.00423738347795144,0.00423738347795144
2023-07-26,1963.803951095,,1956.1646728515625,6614740,,0,7.578741035625522,7.5826386626972155,-0.003897627071693499,0.003897627071693499,-0.3890041182154617,Wednesday,0,0.0006725730056853507,0.005789178763190961,0.00511660575750561,0.00511660575750561
2023-07-27,1977.6415754051,,1940.9097900390625,5784736,,0,7.570912106065815,7.589660290204352,-0.018748184138537738,0.018748184138537738,-1.8573530119335866,Thursday,0,0.007021627507136863,-0.007828929559707376,0.014850557066844239,-0.014850557066844239
2023-07-28,1950.4971622217,,1949.857666015625,3357885,,0,7.575511657106904,7.57583957404778,-0.000327916940876527,0.000327916940876527,-0.032786318199330054,Friday,0,-0.01382071615657221,0.004599551041089001,0.01842026719766121,0.01842026719766121
2023-07-29,1959.3501462557,,1947.81298828125,2228054,,0,7.574462477684993,7.58036813921424,-0.005905661529246764,0.005905661529246764,-0.5888257388041394,Saturday,0,0.004528565166459941,-0.0010491794219102957,0.005577744588370237,-0.005577744588370237
2023-07-30,1959.3501462557,,1946.8070068359375,2402763,,0,7.5739458771083275,7.58036813921424,-0.006422262105912679,0.006422262105912679,-0.6401683458024301,Sunday,0,0.0,-0.0005166005766659154,0.0005166005766659154,-0.0005166005766659154
2023-07-31,1956.6783584721,,1954.4085693359375,4079537,,0,7.577842904571627,7.579003599505226,-0.00116069493359916,0.00116069493359916,-0.11600215877763587,Monday,1,-0.0013645397090140676,0.0038970274632994517,0.005261567172313519,0.005261567172313519
2023-08-01,1961.2061653261,,1949.7049560546875,5487514,,0,7.575433335522759,7.581314953421995,-0.0058816178992353585,0.0058816178992353585,-0.5864355045763482,Tuesday,0,0.0023113539167685104,-0.002409569048867688,0.004720922965636198,-0.004720922965636198
2023-08-02,1947.3699891979,,1930.128173828125,6557120,,0,7.565341691003707,7.5742350177233835,-0.008893326719676686,0.008893326719676686,-0.8853898060160952,Wednesday,0,-0.007079935698611095,-0.010091644519052423,0.003011708820441328,-0.003011708820441328
2023-08-03,1937.8293946628,,1932.5367431640625,4353073,,0,7.566588793561066,7.569323756925956,-0.0027349633648903193,0.0027349633648903193,-0.2731226759855457,Thursday,0,-0.004911260797427097,0.0012471025573592698,0.006158363354786367,0.006158363354786367
2023-08-04,1936.6701126484,,1941.6533203125,4996172,,0,7.57129511608337,7.5687253405127874,0.0025697755705822445,0.0025697755705822445,0.25730802739995395,Friday,0,-0.000598416413168934,0.00470632252230363,0.005304738935472564,0.005304738935472564
2023-08-05,1942.8548114314,,1942.176025390625,3729237,,0,7.5715642860364,7.571913722669566,-0.0003494366331660004,0.0003494366331660004,-0.03493755872962004,Saturday,0,0.0031883821567788573,0.0002691699530306124,0.002919212203748245,-0.002919212203748245
2023-08-06,1942.3774311282,,1940.03076171875,3895333,,0,7.570459108487717,7.571667981732706,-0.0012088732449893058,0.0012088732449893058,-0.12081428520753355,Sunday,0,-0.00024574093685991727,-0.0011051775486832227,0.0008594366118233054,-0.0008594366118233054
2023-08-07,1942.2616121509,,1943.1837158203125,7054542,,0,7.5720829975686135,7.57160835252338,0.00047464504523375695,0.00047464504523375695,0.04747577070173258,Monday,1,-5.9629209326672594e-05,0.0016238890808963902,0.0016835182902230628,0.0016835182902230628
2023-08-08,1932.04010297,,1930.0899658203125,6682659,,0,7.565321895227183,7.566331771787884,-0.0010098765607011728,0.0010098765607011728,-0.10093668069775508,Tuesday,0,-0.0052765807354955285,-0.006761102341430458,0.0014845216059349298,-0.0014845216059349298
2023-08-09,1927.3173919772,,1920.5623779296875,6940233,,0,7.560373327305194,7.563884362675704,-0.0035110353705105624,0.0035110353705105624,-0.35048788931348174,Wednesday,0,-0.002447409112179777,-0.0049485679219891665,0.0025011588098093895,-0.0025011588098093895
2023-08-10,1918.7567684145,,1917.6160888671875,5151611,,0,7.5588380731909375,7.559432738841728,-0.0005946656507909154,0.0005946656507909154,-0.059448887221644264,Thursday,0,-0.004451623833976015,-0.001535254114256368,0.002916369719719647,0.002916369719719647
2023-08-11,1915.2450441119,,1908.407470703125,4950325,,0,7.5540243882764635,7.557600853800266,-0.003576465523802419,0.003576465523802419,-0.35700775886594194,Friday,0,-0.0018318850414624777,-0.004813684914473981,0.0029817998730115036,-0.0029817998730115036
2023-08-12,1913.2164995791,,1904.3839111328125,5242364,,0,7.551913829024234,7.556541135843332,-0.004627306819098287,0.004627306819098287,-0.4616617329105504,Saturday,0,-0.0010597179569336035,-0.0021105592522294714,0.001050841295295868,-0.001050841295295868
2023-08-13,1913.6148337298,,1905.087158203125,3129696,,0,7.552283038851794,7.556749315466339,-0.00446627661454535,0.00446627661454535,-0.4456317633185273,Sunday,0,0.00020817962300689885,0.00036920982755983545,0.0001610302045529366,0.0001610302045529366
2023-08-14,1911.7403030797,,1900.6038818359375,4693372,,0,7.5499269472016985,7.555769259637219,-0.005842312435520469,0.005842312435520469,-0.5825279315303631,Monday,1,-0.0009800558291201966,-0.0023560916500953155,0.001376035820975119,-0.001376035820975119
2023-08-15,1907.1245596449,,1899.0892333984375,4781271,,0,7.549129699386261,7.553351920533372,-0.004222221147111682,0.004222221147111682,-0.4213320103202224,Tuesday,0,-0.002417339103846672,-0.0007972478154378848,0.001620091288408787,0.001620091288408787
2023-08-16,1904.7122008435,,1891.634521484375,5986733,,0,7.545196560489202,7.552086200475019,-0.006889639985816487,0.006889639985816487,-0.686596082774798,Wednesday,0,-0.001265720058353459,-0.003933138897058264,0.002667418838704805,-0.002667418838704805
2023-08-17,1892.4863371949,,1872.770751953125,12268712,,0,7.535174298772138,7.54564676583767,-0.010472467065532065,0.010472467065532065,-1.0417821705914148,Thursday,0,-0.00643943463734864,-0.010022261717064218,0.003582827079715578,-0.003582827079715578
2023-08-18,1893.6872609575,,1875.0994873046875,9195195,,0,7.536416996892718,7.546281139181492,-0.00986414228877397,0.00986414228877397,-0.9815651209172755,Friday,0,0.0006343733438214372,0.0012426981205795329,0.0006083247767580957,0.0006083247767580957
2023-08-19,1889.4415925423,,1874.172607421875,4064230,,0,7.53592256497192,7.544036610717328,-0.008114045745407417,0.008114045745407417,-0.8081215730982247,Saturday,0,-0.0022445284641641194,-0.0004944319207975667,0.0017500965433665527,0.0017500965433665527
2023-08-20,1889.3973257092,,1876.764892578125,3534416,,0,7.5373047717236785,7.544013181916016,-0.006708410192337588,0.006708410192337588,-0.6685959040581008,Sunday,0,-2.342880131145364e-05,0.0013822067517583747,0.0014056355530698283,0.0014056355530698283
2023-08-21,1886.6212330541,,1880.50341796875,5117246,,0,7.539294795493823,7.542542800819069,-0.0032480053252461616,0.0032480053252461616,-0.32427362621411626,Monday,1,-0.001470381096947193,0.0019900237701442336,0.0034604048670914267,0.0034604048670914267
2023-08-22,1894.3846460882,,1889.603515625,5552341,,0,7.544122305954174,7.546649339762522,-0.002527033808347845,0.002527033808347845,-0.2523843546279165,Tuesday,0,0.004106538943452698,0.004827510460351014,0.0007209715168983166,0.0007209715168983166
2023-08-23,1901.4031214194,,1910.0650634765625,7042494,,0,7.554892585107903,7.550347377566267,0.0045452075416365645,0.0045452075416365645,0.45555526650742295,Wednesday,0,0.0036980378037450023,0.010770279153729412,0.0070722413499844095,0.0070722413499844095
2023-08-24,1920.4016558471,,1907.854248046875,5345221,,0,7.553734459177835,7.560289638897145,-0.006555179719310189,0.006555179719310189,-0.6533741398327602,Thursday,0,0.009942261330878388,-0.0011581259300683655,0.011100387260946754,-0.011100387260946754
2023-08-25,1916.6094718457,,1902.9205322265625,4164837,,0,7.551145107215887,7.558313003901885,-0.007167896685998265,0.007167896685998265,-0.7142268584301117,Friday,0,-0.001976634995259907,-0.0025893519619479832,0.0006127169666880761,-0.0006127169666880761
2023-08-26,1914.5531117136,,1903.4991455078125,2832403,,0,7.551449126916653,7.557239512352139,-0.005790385435486378,0.005790385435486378,-0.577365346417249,Saturday,0,-0.0010734915497456754,0.00030401970076621154,0.001377511250511887,0.001377511250511887
2023-08-27,1915.022779196,,1901.181884765625,3131984,,0,7.550231016378462,7.5574847966855145,-0.00725378030705226,0.00725378030705226,-0.7227535139914126,Sunday,0,0.00024528433337511757,-0.0012181105381907642,0.0014633948715658818,-0.0014633948715658818
2023-08-28,1915.566429162,,1903.251708984375,4514603,,0,7.5513191281154475,7.557768643342036,-0.0064495152265884315,0.0064495152265884315,-0.6428761743863082,Monday,1,0.0002838466565213693,0.0010881117369851978,0.0008042650804638285,0.0008042650804638285
2023-08-29,1922.5404603446,,1912.3316650390625,7270564,,0,7.556078543546626,7.5614027468512415,-0.005324203304615693,0.005324203304615693,-0.5310054855078387,Tuesday,0,0.0036341035092055662,0.004759415431178304,0.001125311921972738,0.001125311921972738
2023-08-30,1936.7462546717,,1923.6151123046875,5029724,,0,7.561961565634181,7.568764655688895,-0.006803090054713579,0.006803090054713579,-0.6780001425245208,Wednesday,0,0.00736190883765353,0.005883022087555645,0.0014788867500978853,-0.0014788867500978853
2023-08-31,1946.8130670093,,1918.421142578125,5742066,,0,7.559257805156079,7.5739489899818215,-0.014691184825742276,0.014691184825742276,-1.4583795903317436,Thursday,0,0.005184334292926529,-0.0027037604781021685,0.007888094771028697,-0.007888094771028697
2023-09-01,1942.3781856945,,1917.588623046875,4667643,,0,7.558823750190014,7.571668370208262,-0.01284462001824771,0.01284462001824771,-1.2762479948651924,Friday,0,-0.0022806197735594225,-0.0004340549660648563,0.0018465648074945662,0.0018465648074945662
2023-09-02,1940.4563215895,,1916.9642333984375,2927310,,0,7.55849808528079,7.570678441712293,-0.012180356431503725,0.012180356431503725,-1.210647615702026,Saturday,0,-0.0009899284959686838,-0.0003256649092246988,0.000664263586743985,0.000664263586743985
2023-09-03,1939.9097437593,,1918.447021484375,2885327,,0,7.5592712947549625,7.570396727139694,-0.011125432384731404,0.011125432384731404,-1.1063773633784093,Sunday,0,-0.0002817145725995118,0.000773209474172809,0.0010549240467723209,0.0010549240467723209
2023-09-04,1943.6682189449,,1918.640625,3161396,,0,7.559372206453431,7.572332301187701,-0.012960094734269845,0.012960094734269845,-1.2876474339064903,Monday,1,0.0019355740480069272,0.00010091169846848658,0.0018346623495384407,-0.0018346623495384407
2023-09-05,1935.5088452754,,1911.71533203125,4147355,,0,7.555756197605993,7.5681255400281335,-0.012369342422140939,0.012369342422140939,-1.2293156552722717,Tuesday,0,-0.004206761159567307,-0.003616008847438401,0.000590752312128906,0.000590752312128906
2023-09-06,1925.5505148922,,1899.6627197265625,4107547,,0,7.549431633463326,7.562967187599077,-0.013535554135751582,0.013535554135751582,-1.3444360438960907,Wednesday,0,-0.005158352429056379,-0.006324564142667022,0.0011662117136106431,-0.0011662117136106431
2023-09-07,1919.3231698774,,1906.9620361328125,3700955,,0,7.553266697763462,7.559727887184712,-0.006461189421250069,0.006461189421250069,-0.6440360820203663,Thursday,0,-0.003239300414365154,0.0038350643001363593,0.007074364714501513,0.007074364714501513
2023-09-08,1925.9328592842,,1902.331787109375,3531266,,0,7.550835669064365,7.5631657315657055,-0.0123300625013405,0.0123300625013405,-1.225435874415514,Friday,0,0.0034378443809934822,-0.0024310286990969487,0.005868873080090431,-0.005868873080090431
2023-09-09,1919.1250018232,,1897.953857421875,2316069,,0,7.548531667716225,7.559624632929079,-0.011092965212854189,0.011092965212854189,-1.1031665150113712,Saturday,0,-0.0035410986366262165,-0.0023040013481399058,0.0012370972884863107,0.0012370972884863107
2023-09-10,1919.1051136091,,1897.423583984375,3554163,,0,7.548252236513855,7.55961426970775,-0.011362033193894838,0.011362033193894838,-1.1297729067039175,Sunday,0,-1.0363221329079408e-05,-0.00027943120236972874,0.00026906798104064933,-0.00026906798104064933
2023-09-11,1920.3500260399,,1903.39208984375,5588908,,0,7.551392883826177,7.560262753635363,-0.008869869809186248,0.008869869809186248,-0.883064856208548,Monday,1,0.0006484839276126309,0.003140647312321221,0.00249216338470859,0.00249216338470859
2023-09-12,1922.3298022057,,1893.018310546875,5353358,,0,7.545927823928984,7.56129316804898,-0.015365344119995683,0.015365344119995683,-1.524789951505337,Tuesday,0,0.0010304144136172866,-0.005465059897192148,0.006495474310809435,-0.006495474310809435
2023-09-13,1909.3173541291,,1890.5599365234375,4421104,,0,7.544628326887371,7.554501050940721,-0.009872724053350268,0.009872724053350268,-0.982414870168004,Wednesday,0,-0.006792117108258999,-0.0012994970416135843,0.005492620066645415,0.005492620066645415
2023-09-14,1912.3493785821,,1894.3189697265625,3983080,,0,7.546614670193031,7.55608780630231,-0.009473136109279245,0.009473136109279245,-0.9428407307510909,Thursday,0,0.0015867553615889207,0.0019863433056599433,0.0003995879440710226,0.0003995879440710226
2023-09-15,1923.6477285471,,1910.2213134765625,4848190,,0,7.554974385258295,7.561978521191294,-0.007004135932999311,0.007004135932999311,-0.697966414083432,Friday,0,0.005890714888984405,0.00835971506526434,0.002469000176279934,0.002469000176279934
2023-09-16,1923.5877836018,,1906.9931640625,3036159,,0,7.5532830209387765,7.561947358583695,-0.008664337644918696,0.008664337644918696,-0.8626910443477489,Saturday,0,-3.116260759927769e-05,-0.0016913643195186623,0.0016602017119193846,-0.0016602017119193846
2023-09-17,1923.6669709267,,1910.037841796875,2710718,,0,7.554878333303508,7.561988524209557,-0.007110190906049141,0.007110190906049141,-0.7084973301412674,Sunday,0,4.1165625861872e-05,0.0015953123647314271,0.0015541467388695551,0.0015541467388695551
2023-09-18,1926.3227769561,,1919.7115478515625,4839403,,0,7.559930218241367,7.56336816759802,-0.0034379493566536468,0.0034379493566536468,-0.34320463754180497,Monday,1,0.001379643388463414,0.005051884937858908,0.003672241549395494,0.003672241549395494
2023-09-19,1932.6580754861,,1920.72412109375,4497795,,0,7.560457540322994,7.566651575556681,-0.00619403523368689,0.00619403523368689,-0.6174891742994086,Tuesday,0,0.0032834079586603337,0.0005273220816270907,0.002756085877033243,-0.002756085877033243
2023-09-20,1929.3822928239,,1921.962158203125,4577219,,0,7.561101900576331,7.564955175138571,-0.003853274562239939,0.003853274562239939,-0.3845860226028386,Wednesday,0,-0.0016964004181101444,0.0006443602533368065,0.002340760671446951,0.002340760671446951
2023-09-21,1924.4832762403,,1911.636962890625,4642503,,0,7.555715202618039,7.562412782761544,-0.006697580143504744,0.006697580143504744,-0.667520134275824,Thursday,0,-0.002542392377026914,-0.00538669795829172,0.0028443055812648055,-0.0028443055812648055
2023-09-22,1922.8173427357,,1912.5408935546875,2712351,,0,7.556187947722911,7.561546755500505,-0.005358807777593455,0.005358807777593455,-0.5344474980858928,Friday,0,-0.0008660272610390152,0.00047274510487227417,0.0013387723659112893,0.0013387723659112893
2023-09-23,1925.2587595904,,1914.4893798828125,2676300,,0,7.557206223700508,7.562815658254691,-0.005609434554183501,0.005609434554183501,-0.5593731052483873,Saturday,0,0.0012689027541865627,0.0010182759775965167,0.00025062677659004606,-0.00025062677659004606
2023-09-24,1925.5768402401,,1912.7349853515625,2784146,,0,7.5562894263106966,7.562980859101197,-0.006691432790500329,0.006691432790500329,-0.6669095005804186,Sunday,0,0.00016520084650561984,-0.0009167973898112081,0.001081998236316828,-0.001081998236316828
2023-09-25,1924.222575595,,1908.000732421875,3735114,,0,7.553811235877065,7.562277308315984,-0.00846607243891917,0.00846607243891917,-0.8430336167378677,Monday,1,-0.0007035507852126699,-0.002478190433631511,0.001774639648418841,-0.001774639648418841
2023-09-26,1915.4237003419,,1900.0604248046875,3619684,,0,7.549640967177625,7.557694130584059,-0.008053163406433583,0.008053163406433583,-0.8020823556934275,Tuesday,0,-0.004583177731925403,-0.004170268699439816,0.00041290903248558664,0.00041290903248558664
2023-09-27,1900.5271682259,,1882.1561279296875,4379886,,0,7.540173275221826,7.5498865836314675,-0.009713308409641463,0.009713308409641463,-0.9666286598450141,Wednesday,0,-0.007807546952591338,-0.009467691955799218,0.0016601450032078802,-0.0016601450032078802
2023-09-28,1876.7194268799,,1873.80419921875,5113571,,0,7.535725974532161,7.5372805458607965,-0.0015545713286355678,0.0015545713286355678,-0.15533636085372302,Thursday,0,-0.01260603777067093,-0.004447300689665035,0.008158737081005896,0.008158737081005896
2023-09-29,1865.2018614715,,1867.7994384765625,4908766,,0,7.532516246041973,7.531124562934687,0.0013916831072862124,0.0013916831072862124,0.13926519476091392,Friday,0,-0.006155982926109971,-0.0032097284901881906,0.00294625443592178,0.00294625443592178
2023-09-30,1848.5087894744,,1870.1083984375,2675219,,0,7.533751675247483,7.522134533287968,0.011617141959515465,0.011617141959515465,1.1684883018187682,Saturday,0,-0.008990029646718689,0.0012354292055105631,0.010225458852229252,0.010225458852229252
2023-10-01,1848.6287334213,,1867.61376953125,3921545,,0,7.532416835917776,7.522199418051491,0.010217417866285494,0.010217417866285494,1.0269793910870324,Sunday,0,6.488476352295436e-05,-0.001334839329707016,0.0013997240932299704,-0.0013997240932299704
2023-10-02,1847.1450526067,,1842.86865234375,6810519,,0,7.519078686732796,7.521396511282729,-0.002317824549932901,0.002317824549932901,-0.23151404687547497,Monday,1,-0.000802906768761602,-0.013338149184979997,0.012535242416218395,-0.012535242416218395
2023-10-03,1823.6650817193,,1831.653564453125,6301753,,0,7.512974424979219,7.50860353629607,0.0043708886831490545,0.0043708886831490545,0.4380454949706981,Tuesday,0,-0.012792974986659544,-0.006104261753577589,0.006688713233081955,0.006688713233081955
2023-10-04,1823.5975714057,,1836.6785888671875,5821398,,0,7.515714104674037,7.508566516580174,0.0071475880938631775,0.0071475880938631775,0.7173193069896574,Wednesday,0,-3.701971589542552e-05,0.0027396796948186974,0.002776699410714123,0.002776699410714123
2023-10-05,1826.4199684687,,1830.641357421875,22980947,,0,7.512421652972258,7.51011302839536,0.002308624576897955,0.002308624576897955,0.2311291502531161,Thursday,0,0.001546511815186058,-0.0032924517017791644,0.004838963516965222,-0.004838963516965222
2023-10-06,1820.3288132749,,1841.48828125,4660860,,0,7.518329372166799,7.506772430387151,0.01155694177964861,0.01155694177964861,1.162398123942923,Friday,0,-0.0033405980082097386,0.005907719194540917,0.009248317202750655,0.009248317202750655
2023-10-07,1832.7172654246,,1855.871826171875,3604026,,0,7.526109851786815,7.513554989038227,0.012554862748587858,0.012554862748587858,1.2634005901565235,Saturday,0,0.006782558651076798,0.007780479620016045,0.0009979209689392476,0.0009979209689392476
2023-10-08,1832.7757113232,,1865.1278076171875,7560620,,0,7.531084859283325,7.513586878827118,0.01749798045620743,0.01749798045620743,1.7651966955973204,Sunday,0,3.1889788890460125e-05,0.004975007496510031,0.004943117707619571,0.004943117707619571
2023-10-09,1848.0899620624,,1866.218505859375,9745462,,0,7.531669473083075,7.521907931786457,0.009761541296618326,0.009761541296618326,0.9809340545708188,Monday,1,0.008321052959338715,0.0005846137997496115,0.0077364391595891036,-0.0077364391595891036
2023-10-10,1863.1098657257,,1863.33984375,3984501,,0,7.530125771437365,7.530002341340343,0.00012343009702142638,0.00012343009702142638,0.012343771482868212,Tuesday,0,0.008094409553886628,-0.0015437016457102715,0.0096381111995969,-0.0096381111995969
2023-10-11,1861.3440169516,,1875.597412109375,5449608,,0,7.536682507447671,7.529054095523887,0.007628411923784384,0.007628411923784384,0.7657582385613154,Wednesday,0,-0.0009482458164562502,0.006556736010306707,0.0075049818267629576,0.0075049818267629576
2023-10-12,1875.1449721457,,1871.9793701171875,3261159,,0,7.534751636740269,7.536441253893298,-0.001689617153028955,0.001689617153028955,-0.16881905535496364,Thursday,0,0.007387158369411395,-0.0019308707074019438,0.009318029076813339,-0.009318029076813339
2023-10-13,1872.5501192721,,1915.154052734375,7776695,,0,7.557553343671299,7.535056480999581,0.022496862671718354,0.022496862671718354,2.2751825451185343,Friday,0,-0.001384772893717745,0.022801706931029564,0.02418647982474731,0.02418647982474731
2023-10-14,1932.4750696222,,1918.144775390625,3290475,,0,7.5591137350715885,7.566556879794767,-0.007443144723178641,0.007443144723178641,-0.7415513119336921,Saturday,0,0.03150039879518651,0.001560391400289518,0.029940007394896995,-0.029940007394896995
2023-10-15,1932.983089684,,1919.550048828125,5617551,,0,7.5598460879889915,7.566819730946579,-0.006973642957587067,0.006973642957587067,-0.6949383534478364,Sunday,0,0.0002628511518114607,0.0007323529174030341,0.0004695017655915734,0.0004695017655915734
2023-10-16,1922.5101522955,,1910.286865234375,7448127,,0,7.555008700985289,7.561386982143749,-0.006378281158459842,0.006378281158459842,-0.6357983101691371,Monday,1,-0.005432748802829401,-0.004837387003702176,0.0005953617991272253,0.0005953617991272253
2023-10-17,1916.1401273275,,1919.330810546875,6336712,,0,7.559731868095476,7.5580680912049285,0.0016637768905471972,0.0016637768905471972,0.1665161735235448,Tuesday,0,-0.003318890938820651,0.004723167110186388,0.00804205804900704,0.00804205804900704
2023-10-18,1928.4781453286,,1941.133056640625,8666113,,0,7.571027131381416,7.564486445112512,0.006540686268904139,0.006540686268904139,0.6562123269418054,Wednesday,0,0.006418353907583274,0.011295263285940216,0.004876909378356942,0.004876909378356942
2023-10-19,1950.4998253327,,1961.3997802734375,10090143,,0,7.581413670932843,7.575840939396694,0.0055727315361489005,0.0055727315361489005,0.5588288088607335,Thursday,0,0.011354494284182337,0.010386539551427099,0.0009679547327552385,-0.0009679547327552385
2023-10-20,1972.9399448918,,1965.47021484375,11901102,,0,7.583486790762737,7.587280067085864,-0.0037932763231269817,0.0037932763231269817,-0.3786090938748595,Friday,0,0.01143912768916966,0.002073119829893777,0.009366007859275882,-0.009366007859275882
2023-10-21,1980.9233123177,,1965.158935546875,3582547,,0,7.583328404262452,7.591318334347875,-0.007989930085423147,0.007989930085423147,-0.7958095436001791,Saturday,0,0.004038267262011175,-0.00015838650028499046,0.004196653762296165,-0.004196653762296165
2023-10-22,1981.1642787363,,1968.585205078125,4269280,,0,7.585070393713312,7.591439970436608,-0.006369576723296078,0.006369576723296078,-0.6349333971536525,Sunday,0,0.00012163608873283493,0.0017419894508599043,0.0016203533621270694,0.0016203533621270694
2023-10-23,1967.5399199093,,1957.67431640625,10064804,,0,7.579512474427015,7.584539269747378,-0.005026795320362432,0.005026795320362432,-0.5014182128261307,Monday,1,-0.006900700689230099,-0.005557919286296453,0.001342781402933646,0.001342781402933646
2023-10-24,1977.2001145985,,1955.3333740234375,12211048,,0,7.578315981679091,7.589437039392797,-0.011121057713705973,0.011121057713705973,-1.1059447353665004,Tuesday,0,0.004897769645419103,-0.001196492747924438,0.006094262393343541,-0.006094262393343541
2023-10-25,1974.5149357246,,1962.5706787109375,8956610,,0,7.582010463637829,7.588078045005312,-0.006067581367482866,0.006067581367482866,-0.6049210769468947,Wednesday,0,-0.0013589943874849908,0.003694481958738116,0.005053476346223107,0.005053476346223107
2023-10-26,1983.7499142028,,1965.8809814453125,9145714,,0,7.583695760443922,7.592744228590612,-0.009048468146690247,0.009048468146690247,-0.9007653953531956,Thursday,0,0.004666183585300132,0.001685296806092751,0.002980886779207381,-0.002980886779207381
2023-10-27,1984.6101421914,,1988.1348876953125,13170136,,0,7.594952235868124,7.593177771913218,0.0017744639549066576,0.0017744639549066576,0.17760392476985504,Friday,0,0.0004335433226057006,0.011256475424202605,0.010822932101596905,0.010822932101596905
2023-10-28,2006.6448036027,,1988.619140625,4725812,,0,7.595195777675655,7.6042193543608025,-0.009023576685147638,0.009023576685147638,-0.8982986398657595,Saturday,0,0.011041582447584908,0.00024354180753061172,0.010798040640054296,-0.010798040640054296
2023-10-29,2006.5517929142,,1982.576904296875,8830641,,0,7.5921527443313455,7.604173001940093,-0.012020257608747364,0.012020257608747364,-1.1948302905505972,Sunday,0,-4.635242070971657e-05,-0.0030430333443094426,0.002996680923599726,-0.002996680923599726
2023-10-30,2003.299835489,,1977.963623046875,6090989,,0,7.589823121238457,7.602551017667602,-0.01272789642914507,0.01272789642914507,-1.264723931649532,Monday,1,-0.0016219842724911615,-0.002329623092888866,0.0007076388203977046,-0.0007076388203977046
2023-10-31,1996.3566491154,,1969.4207763671875,5829288,,0,7.585494756350412,7.599079122831239,-0.013584366480826837,0.013584366480826837,-1.3492515357988721,Tuesday,0,-0.0034718948363625657,-0.004328364888044334,0.000856470051681768,-0.000856470051681768
2023-11-01,1980.6600430754,,1966.5006103515625,9253172,,0,7.584010902246371,7.591185423226705,-0.007174520980333554,0.007174520980333554,-0.7148845544363013,Wednesday,0,-0.007893699604534454,-0.0014838541040411712,0.006409845500493283,0.006409845500493283
2023-11-02,1985.5874151881,,1962.2926025390625,9171719,,0,7.581868763837141,7.593670076390421,-0.01180131255327943,0.01180131255327943,-1.1731950188066027,Thursday,0,0.002484653163715933,-0.0021421384092299434,0.004626791572945876,-0.004626791572945876
2023-11-03,1984.4100775488,,1972.825927734375,6859827,,0,7.587222274930355,7.593076958799808,-0.005854683869453758,0.005854683869453758,-0.5837578606098438,Friday,0,-0.0005931175906122022,0.00535351109321347,0.005946628683825672,0.005946628683825672
2023-11-04,1992.374386274,,1967.5679931640625,5328774,,0,7.584553537846441,7.597082365401777,-0.012528827555335909,0.012528827555335909,-1.2450668549463089,Saturday,0,0.004005406601968353,-0.002668737083913797,0.00667414368588215,-0.00667414368588215
2023-11-05,1992.5220646912,,1959.6259765625,8708149,,0,7.58050890573009,7.597156484475677,-0.01664757874558731,0.01664757874558731,-1.650977357372365,Sunday,0,7.411907390064698e-05,-0.004044632116350755,0.004118751190251402,-0.004118751190251402
2023-11-06,1991.5577865428,,1956.6746826171875,5809219,,0,7.579001720883556,7.596672418792641,-0.017670697909085042,0.017670697909085042,-1.7515486701576946,Monday,1,-0.00048406568303605013,-0.0015071848465337823,0.0010231191634977321,-0.0010231191634977321
2023-11-07,1974.8701720349,,1947.7508544921875,8271604,,0,7.574430577918194,7.588257939496006,-0.01382736157781217,0.01382736157781217,-1.3732202717289914,Tuesday,0,-0.008414479296635413,-0.00457114296536254,0.003843336331272873,0.003843336331272873
2023-11-08,1969.1400312581,,1931.407958984375,7156070,,0,7.56600452836122,7.585352194067753,-0.019347665706533235,0.019347665706533235,-1.9161700881992438,Wednesday,0,-0.002905745428252615,-0.00842604955697368,0.005520304128721065,-0.005520304128721065
2023-11-09,1951.0950228151,,1945.7989501953125,12974604,,0,7.573427943017753,7.576146044109092,-0.0027181010913386316,0.0027181010913386316,-0.2714410399215821,Thursday,0,-0.009206149958661314,0.007423414656533289,0.016629564615194603,0.016629564615194603
2023-11-10,1959.236900738,,1924.3724365234375,9265684,,0,7.562355186569238,7.580310340055322,-0.01795515348608312,0.01795515348608312,-1.7794920155612566,Friday,0,0.004164295946229579,-0.011072756448514909,0.015237052394744488,-0.015237052394744488
2023-11-11,1938.2057370502,,1920.5791015625,5653212,,0,7.560382034942183,7.569517946284821,-0.009135911342638359,0.009135911342638359,-0.9094305702823064,Saturday,0,-0.01079239377050012,-0.0019731516270553584,0.008819242143444761,0.008819242143444761
2023-11-12,1938.2376690289,,1918.841552734375,4581685,,0,7.559476924977323,7.569534421169325,-0.010057496192001913,0.010057496192001913,-1.0007088709736438,Sunday,0,1.6474884503736575e-05,-0.0009051099648598182,0.0009215848493635548,-0.0009215848493635548
2023-11-13,1940.335084227,,1930.8404541015625,8151645,,0,7.56571065555647,7.570615960970681,-0.004905305414211192,0.004905305414211192,-0.489329405143439,Monday,1,0.0010815398013557243,0.006233730579146446,0.005152190777790722,0.005152190777790722
2023-11-14,1945.2758877801,,1941.369873046875,8913657,,0,7.571149122999108,7.573159090610568,-0.0020099676114604392,0.0020099676114604392,-0.20079489792486138,Tuesday,0,0.0025431296398874537,0.005438467442638206,0.0028953378027507526,0.0028953378027507526
2023-11-15,1963.1901840491,,1943.261474609375,7622473,,0,7.572123012947842,7.582326073969157,-0.010203061021314852,0.010203061021314852,-1.015118637085983,Wednesday,0,0.009166983358588787,0.0009738899487343744,0.008193093409854413,-0.008193093409854413
2023-11-16,1956.6301194249,,1959.0963134765625,8975854,,0,7.580238581348845,7.578978945661822,0.0012596356870231418,0.0012596356870231418,0.1260429361267035,Thursday,0,-0.00334712830733519,0.008115568401002804,0.011462696708337994,0.011462696708337994
2023-11-17,1984.6101421914,,1967.7991943359375,7551160,,0,7.584671037007827,7.593177771913218,-0.008506734905390445,0.008506734905390445,-0.8470655015851062,Friday,0,0.01419882625139568,0.004432455658982093,0.009766370592413587,-0.009766370592413587
2023-11-18,1980.689466119,,1962.080322265625,4682209,,0,7.581760578260637,7.591200278287351,-0.009439700026714348,0.009439700026714348,-0.9395285920229597,Saturday,0,-0.001977493625866522,-0.0029104587471904253,0.0009329651213239032,-0.0009329651213239032
2023-11-19,1980.7028048534,,1962.2410888671875,4416330,,0,7.581842511713486,7.591207012654204,-0.009364500940717946,0.009364500940717946,-0.9320790550190071,Sunday,0,6.734366852612084e-06,8.193345284901454e-05,7.519908599640246e-05,7.519908599640246e-05
2023-11-20,1980.4301811222,,1960.43896484375,6657956,,0,7.58092368880387,7.591069363283382,-0.010145674479511868,0.010145674479511868,-1.0094380740613738,Monday,1,-0.0001376493708216131,-0.0009188229096155354,0.0007811735387939223,-0.0007811735387939223
2023-11-21,1989.4701324828,,1978.9320068359375,13527811,,0,7.590312587678301,7.595623617179677,-0.0053110295013762965,0.0053110295013762965,-0.5296950919143071,Tuesday,0,0.004554253896294824,0.009388898874430396,0.004834644978135572,0.004834644978135572
2023-11-22,1995.9151600335,,1981.665771484375,7873454,,0,7.5916930687246476,7.59885795097481,-0.007164882250162208,0.007164882250162208,-0.7139275673864677,Wednesday,0,0.0032343337951328266,0.0013804810463469153,0.0018538527487859113,-0.0018538527487859113
2023-11-23,1993.945186048,,1979.65576171875,6171428,,0,7.590678250855773,7.597870460699609,-0.007192209843835506,0.007192209843835506,-0.7166407797584315,Thursday,0,-0.000987490275201175,-0.0010148178688744736,2.7327593673298622e-05,-2.7327593673298622e-05
2023-11-24,1993.1185588637,,1985.716552734375,5706459,,0,7.593735111727612,7.597455806082061,-0.0037206943544489945,0.0037206943544489945,-0.37137811478434657,Friday,0,-0.0004146546175478605,0.0030568608718386514,0.003471515489386512,0.003471515489386512
2023-11-25,2002.6282493144,,1983.8438720703125,5119936,,0,7.592791591235374,7.602215721493194,-0.009424130257820629,0.009424130257820629,-0.9379862313696136,Saturday,0,0.00475991541113352,-0.0009435204922381146,0.005703435903371634,-0.005703435903371634
2023-11-26,2003.1040099739,,1984.4180908203125,4157654,,0,7.593080996904343,7.602453261413959,-0.009372264509615924,0.009372264509615924,-0.9328481726633352,Sunday,0,0.00023753992076436248,0.00028940566896906716,5.186574820470469e-05,5.186574820470469e-05
2023-11-27,2010.0300499492,,1999.215087890625,8192367,,0,7.600509926456363,7.605904951164851,-0.005395024708487739,0.005395024708487739,-0.538049769895149,Monday,1,0.0034516897508920508,0.007428929552020236,0.003977239801128185,0.003977239801128185
2023-11-28,2014.5998047853,,2022.2247314453125,8019805,,0,7.611953536552503,7.608175846608596,0.0037776899439068146,0.0037776899439068146,0.3784834408253672,Tuesday,0,0.0022708954437451467,0.0114436100961397,0.009172714652394554,0.009172714652394554
2023-11-29,2047.9058422043,,2024.512451171875,6010363,,0,7.613084185698734,7.624573009616312,-0.011488823917577662,0.011488823917577662,-1.1423079396680182,Wednesday,0,0.01639716300771621,0.0011306491462317325,0.015266513861484476,-0.015266513861484476
2023-11-30,2043.5718120331,,2021.532470703125,5315412,,0,7.611611151629599,7.6224544440717805,-0.010843292442181962,0.010843292442181962,-1.078471585887097,Thursday,0,-0.002118565544531492,-0.0014730340691357924,0.0006455314753956998,0.0006455314753956998
2023-12-01,2041.5300287631,,2049.712646484375,11068483,,0,7.625454889860732,7.6214548198178,0.0040000700429319025,0.0040000700429319025,0.4008081001009097,Friday,0,-0.000999624253980258,0.013843738231133607,0.014843362485113865,0.014843362485113865
2023-12-02,2071.7363574607,,2044.9818115234375,6987040,,0,7.6231441743167805,7.6361423546758305,-0.012998180359049982,0.012998180359049982,-1.2914068839364972,Saturday,0,0.014687534858030205,-0.0023107155439516802,0.016998250401981885,-0.016998250401981885
2023-12-03,2071.7745577797,,2085.33837890625,8307663,,0,7.64268641310634,7.636160793299395,0.006525619806944327,0.006525619806944327,0.6546958053720972,Sunday,0,1.843862356487591e-05,0.019542238789559185,0.01952380016599431,0.01952380016599431
2023-12-04,2085.5400954468,,2024.70703125,14395164,,0,7.613180293148142,7.642783139271798,-0.029602846123656157,0.029602846123656157,-2.9168973701158847,Monday,1,0.006622345972402854,-0.02950611995819763,0.036128465930600484,-0.036128465930600484
2023-12-05,2035.1358056299,,2012.989013671875,8033406,,0,7.607375967935814,7.618317830603285,-0.010941862667470659,0.010941862667470659,-1.0882218226793123,Tuesday,0,-0.024465308668513153,-0.0058043252123276545,0.018660983456185498,0.018660983456185498
2023-12-06,2021.7099299114,,2007.3502197265625,8285075,,0,7.604570832689512,7.611698932272363,-0.0071280995828511,0.0071280995828511,-0.7102754936494164,Wednesday,0,-0.006618898330922107,-0.002805135246302548,0.003813763084619559,0.003813763084619559
2023-12-07,2028.6901417223,,2018.133056640625,7836239,,0,7.609928133646101,7.6151456133891084,-0.005217479743007125,0.005217479743007125,-0.5203892336516397,Thursday,0,0.003446681116745509,0.005357300956589484,0.0019106198398439744,0.0019106198398439744
2023-12-08,2032.7000456341,,2003.5435791015625,11094288,,0,7.602672681325321,7.617120260014908,-0.01444757868958746,0.01444757868958746,-1.4343713227714388,Friday,0,0.001974646625799714,-0.00725545232078062,0.009230098946580334,-0.009230098946580334
2023-12-09,2004.4072907509,,1993.9033203125,11259848,,0,7.597849464046685,7.603103680452183,-0.005254216405498724,0.005254216405498724,-0.5240437154100068,Saturday,0,-0.01401657956272473,-0.004823217278635994,0.009193362284088735,0.009193362284088735
2023-12-10,2004.4072907509,,1989.839599609375,5622754,,0,7.595809311258555,7.603103680452183,-0.007294369193628469,0.007294369193628469,-0.7267829851121556,Sunday,0,0.0,-0.0020401527881297454,0.0020401527881297454,-0.0020401527881297454
2023-12-11,2001.3641297909,,1968.80029296875,12605975,,0,7.58517964788258,7.601584291936986,-0.016404644054405892,0.016404644054405892,-1.6270820655485754,Monday,1,-0.0015193885151978392,-0.010629663375975262,0.009110274860777423,-0.009110274860777423
2023-12-12,1982.9301441471,,1964.0367431640625,7664574,,0,7.58275719707142,7.592330900540296,-0.009573703468876538,0.009573703468876538,-0.9528021468030059,Tuesday,0,-0.009253391396689459,-0.002422450811160104,0.006830940585529355,0.006830940585529355
2023-12-13,1978.7736945783,,2007.1566162109375,7896226,,0,7.604474380734795,7.590232585641936,0.014241795092859277,0.014241795092859277,1.434369261649515,Wednesday,0,-0.0020983148983599875,0.021717183663375828,0.023815498561735815,0.023815498561735815
2023-12-14,2033.0199026549,,2017.1439208984375,8110226,,0,7.609437889349363,7.6172776033762455,-0.00783971402688266,0.00783971402688266,-0.780906361798539,Thursday,0,0.02704501773430934,0.004963508614567402,0.022081509119741938,-0.022081509119741938
2023-12-15,2033.0434619965,,2003.3297119140625,5297279,,0,7.602565931162702,7.617289191656845,-0.014723260494142743,0.014723260494142743,-1.4615403279798922,Friday,0,1.1588280599106326e-05,-0.006871958186660976,0.006883546467260082,-0.006883546467260082
2023-12-16,2019.8192746506,,1994.015380859375,3967134,,0,7.5979056640624325,7.610763318397998,-0.012857654335565627,0.012857654335565627,-1.2775347831893844,Saturday,0,-0.00652587325884646,-0.004660267100269344,0.0018656061585771155,0.0018656061585771155
2023-12-17,2019.7617529431,,1995.436279296875,4457889,,0,7.598617991779935,7.610734839351725,-0.012116847571790323,0.012116847571790323,-1.204373417348806,Sunday,0,-2.8479046273233166e-05,0.0007123277175020704,0.0007408067637753035,0.0007408067637753035
2023-12-18,2022.0197955738,,2010.926025390625,7227363,,0,7.60635060410881,7.6118521896283395,-0.005501585519529506,0.005501585519529506,-0.5486479512940065,Monday,1,0.001117350276614637,0.0077326123288754545,0.006615262052260817,0.006615262052260817
2023-12-19,2025.5991165147,,2021.2349853515625,6918378,,0,7.611463982466231,7.6136207957899575,-0.0021568133237268583,0.0021568133237268583,-0.21544890731619754,Tuesday,0,0.0017686061616180027,0.00511337835742065,0.0033447721958026477,0.0033447721958026477
2023-12-20,2036.2555297064,,2013.08251953125,5112302,,0,7.607422418108705,7.618867875544931,-0.011445457436225936,0.011445457436225936,-1.1380207364490862,Wednesday,0,0.005247079754973072,-0.004041564357526006,0.009288644112499078,-0.009288644112499078
2023-12-21,2036.1261722233,,2029.20263671875,8611370,,0,7.615398205079996,7.618804346390441,-0.003406141310444255,0.003406141310444255,-0.34003469917534895,Thursday,0,-6.352915448992746e-05,0.007975786971291754,0.008039316125781681,0.008039316125781681
2023-12-22,2050.0499187155,,2029.1270751953125,6828286,,0,7.615360967335008,7.62561942242891,-0.010258455093902441,0.010258455093902441,-1.0206016609242972,Friday,0,0.006815076038469314,-3.723774498887167e-05,0.006852313783458186,-0.006852313783458186
2023-12-23,2053.0693797842,,2028.609130859375,4414009,,0,7.615105679996232,7.627091210789954,-0.011985530793721999,0.011985530793721999,-1.1913990421208294,Saturday,0,0.0014717883610435578,-0.0002552873387760002,0.001727075699819558,-0.001727075699819558
2023-12-24,2053.1827720719,,2029.48828125,4119748,,0,7.615538962056812,7.627146439881367,-0.011607477824554735,0.011607477824554735,-1.1540370951968255,Sunday,0,5.522909141308929e-05,0.00043328206058035335,0.00037805296916726405,0.00037805296916726405
2023-12-25,2053.7149135643,,2030.7337646484375,4978160,,0,7.616152467142704,7.6274055851224265,-0.011253117979722838,0.011253117979722838,-1.1190038482983855,Monday,1,0.0002591452410598549,0.0006135050858917523,0.0003543598448318974,0.0003543598448318974
2023-12-26,2063.3101974361,,2036.1387939453125,7543215,,0,7.618810545261151,7.632066864073402,-0.013256318812251422,0.013256318812251422,-1.3168840790178478,Tuesday,0,0.004661278950975678,0.0026580781184470936,0.0020032008325285844,-0.0020032008325285844
2023-12-27,2066.6549969548,,2053.206787109375,6682344,,0,7.627158136305745,7.633686635714357,-0.0065284994086116654,0.0065284994086116654,-0.6507235056282185,Wednesday,0,0.0016197716409545038,0.00834759104459426,0.0067278194036397565,0.0067278194036397565
2023-12-28,2081.8552161299,,2049.714111328125,6233705,,0,7.625455604518579,7.641014705993106,-0.015559101474527104,0.015559101474527104,-1.5438683993368245,Thursday,0,0.007328070278749266,-0.0017025317871661727,0.009030602065915438,-0.009030602065915438
2023-12-29,2069.1501710566,,2037.5982666015625,8255427,,0,7.619527072958938,7.634893256579301,-0.015366183620362683,0.015366183620362683,-1.5248726214456247,Friday,0,-0.006121449413805102,-0.005928531559640682,0.00019291785416442053,0.00019291785416442053
2023-12-30,2062.7126527825,,2027.9488525390625,5116786,,0,7.61478014375154,7.6317772172733385,-0.016997073521798356,0.016997073521798356,-1.6853438212318452,Saturday,0,-0.0031160393059623814,-0.004746929207398054,0.0016308899014356726,-0.0016308899014356726
2023-12-31,2062.6943573758,,2026.4564208984375,4504379,,0,7.614043941222499,7.631768347648278,-0.01772440642577955,0.01772440642577955,-1.7568253070447621,Sunday,0,-8.869625060192732e-06,-0.0007362025290413854,0.0007273329039811927,-0.0007273329039811927
2024-01-01,2063.1505629513,,2031.2996826171875,4289005,,0,7.616431104913543,7.631989492934236,-0.015558388020692426,0.015558388020692426,-1.5437981554070526,Monday,1,0.00022114528595729155,0.002387163691044414,0.0021660184050871223,0.0021660184050871223
2024-01-02,2064.6883373602,,2033.2503662109375,8028763,,0,7.61739095715799,7.632734567786804,-0.01534361062881473,0.01534361062881473,-1.522649718138931,Tuesday,0,0.0007450748525688056,0.0009598522444465019,0.0002147773918776963,0.0002147773918776963
2024-01-03,2063.2067514727,,2018.0245361328125,9788367,,0,7.609874359478297,7.632016726892481,-0.022142367414183184,0.022142367414183184,-2.1899024568253687,Wednesday,0,-0.0007178408943238068,-0.007516597679692261,0.006798756785368454,-0.006798756785368454
2024-01-04,2042.9163611655,,2022.7568359375,5861386,,0,7.612216630208873,7.622133654755654,-0.009917024546781228,0.009917024546781228,-0.9868013008862843,Thursday,0,-0.009883072136826598,0.0023422707305753576,0.012225342867401956,0.012225342867401956
2024-01-05,2046.7627990218,,2022.3746337890625,6140875,,0,7.612027661245844,7.624014701576104,-0.011987040330259546,0.011987040330259546,-1.191548197201611,Friday,0,0.001881046820449761,-0.00018896896302855737,0.0020700157834783184,-0.0020700157834783184
2024-01-06,2045.5624488737,,2017.7581787109375,3961825,,0,7.609742361577973,7.6234280667854595,-0.013685705207486798,0.013685705207486798,-1.3592481705005774,Saturday,0,-0.0005866347906442471,-0.0022852996678714987,0.0016986648772272517,-0.0016986648772272517
2024-01-07,2045.502614766,,2015.5103759765625,3554072,,0,7.608627730634549,7.623398815670274,-0.014771085035725662,0.014771085035725662,-1.4662527719559335,Sunday,0,-2.9251115185147114e-05,-0.001114630943424011,0.0010853798282388638,-0.0010853798282388638
2024-01-08,2043.0248781182,,2008.7642822265625,8007905,,0,7.605275027033447,7.622186771991743,-0.016911744958295394,0.016911744958295394,-1.6769544149258895,Monday,1,-0.0012120436785316713,-0.0033527036011014033,0.002140659922569732,-0.002140659922569732
2024-01-09,2034.3164778007,,2013.1192626953125,6216441,,0,7.607440670131853,7.617915158310699,-0.010474488178846109,0.010474488178846109,-1.0419821761609054,Tuesday,0,-0.004271613681043895,0.00216564309840539,0.006437256779449285,0.006437256779449285
2024-01-10,2031.4690812437,,2000.6668701171875,14320457,,0,7.601235839023561,7.616514495643588,-0.015278656620027142,0.015278656620027142,-1.5162530117197175,Wednesday,0,-0.001400662667110808,-0.006204831108291842,0.004804168441181034,-0.004804168441181034
2024-01-11,2029.6688879363,,2013.6439208984375,14273850,,0,7.607701255709982,7.615627949341064,-0.00792669363108267,0.00792669363108267,-0.7895360239844936,Thursday,0,-0.0008865463025236053,0.006465416686420866,0.0073519629889444715,0.0073519629889444715
2024-01-12,2033.5900266238,,2022.52197265625,11410826,,0,7.612100512980555,7.6175579961272355,-0.005457483146680708,0.005457483146680708,-0.5442618139667686,Friday,0,0.0019300467861711468,0.004399257270573109,0.0024692104844019624,0.0024692104844019624
2024-01-13,2049.1173427046,,2019.2640380859375,5759627,,0,7.61048838642697,7.625164414878588,-0.014676028451618528,0.014676028451618528,-1.4568860453476844,Saturday,0,0.007606418751352706,-0.0016121265535851137,0.00921854530493782,-0.00921854530493782
2024-01-14,2049.1207018156,,2019.943603515625,4073477,,0,7.610824870953835,7.625166054173799,-0.014341183219963582,0.014341183219963582,-1.423883828518402,Sunday,0,1.639295210686953e-06,0.00033648452686563246,0.0003348452316549455,0.0003348452316549455
2024-01-15,2050.6300560847,,2038.7811279296875,7120516,,0,7.62010742196321,7.62590236934339,-0.005794947380179494,0.005794947380179494,-0.5778189059432636,Monday,1,0.0007363151695907177,0.009282551009374806,0.008546235839784089,0.008546235839784089
2024-01-16,2051.208838905,,2017.2049560546875,4972351,,0,7.609468147097573,7.6261845758556195,-0.016716428758046575,0.016716428758046575,-1.6577484557089195,Tuesday,0,0.0002822065122298767,-0.010639274865637205,0.010921481377867082,-0.010921481377867082
2024-01-17,2032.4600123655,,2003.4840087890625,5566316,,0,7.602642948406743,7.617002167115513,-0.014359218708769994,0.014359218708769994,-1.4256616809259377,Wednesday,0,-0.009182408740106673,-0.006825198690830092,0.0023572100492765813,0.0023572100492765813
2024-01-18,2011.119884063,,2013.674072265625,6073340,,0,7.6077162291326115,7.606447002149454,0.0012692269831573455,0.0012692269831573455,0.12700327926075122,Thursday,0,-0.010555164966058683,0.005073280725868656,0.01562844569192734,0.01562844569192734
2024-01-19,2023.407588345,,2010.4566650390625,6582468,,0,7.606117171784744,7.612538294058817,-0.006421122274073099,0.006421122274073099,-0.640055092238259,Friday,0,0.0060912919093629725,-0.0015990573478674719,0.007690349257230444,-0.007690349257230444
2024-01-20,2029.4262751037,,2011.6358642578125,3312812,,0,7.6067035328611965,7.615508408988772,-0.008804876127575412,0.008804876127575412,-0.8766226723352332,Saturday,0,0.0029701149299548035,0.0005863610764524907,0.002383753853502313,-0.002383753853502313
2024-01-21,2029.4559292483,,2006.8359375,3766999,,0,7.604314600313019,7.6155230209647335,-0.011208420651714235,0.011208420651714235,-1.1145840332033379,Sunday,0,1.4611975961642543e-05,-0.0023889325481771806,0.002403544524138823,-0.002403544524138823
2024-01-22,2029.3949744469,,1998.9501953125,7260551,,0,7.60037741938887,7.615492985468062,-0.015115566079192178,0.015115566079192178,-1.5001899343274763,Monday,1,-3.0035496671132478e-05,-0.003937180924149075,0.003907145427477943,-0.003907145427477943
2024-01-23,2021.1362342836,,2008.2857666015625,6122015,,0,7.605036784730539,7.611415124475404,-0.006378339744864903,0.006378339744864903,-0.6358041315603082,Tuesday,0,-0.004077860992658167,0.004659365341669108,0.008737226334327275,0.008737226334327275
2024-01-24,2026.5757031407,,2003.419677734375,4619465,,0,7.602610838298926,7.614102801966083,-0.011491963667157101,0.011491963667157101,-1.1426183275778314,Wednesday,0,0.0026876774906785528,-0.002425946431613646,0.005113623922292199,-0.005113623922292199
2024-01-25,2016.5429114282,,2003.24560546875,5484019,,0,7.602523946954912,7.609139894239843,-0.0066159472849305345,0.0066159472849305345,-0.6594110090140447,Thursday,0,-0.004962907726239862,-8.689134401329568e-05,0.004876016382226567,0.004876016382226567
2024-01-26,2022.7257281004,,1998.927734375,4969027,,0,7.600366182958997,7.612201251159966,-0.0118350682009698,0.0118350682009698,-1.1765309253147882,Friday,0,0.003061356920123437,-0.002157763995915829,0.005219120916039266,-0.005219120916039266
2024-01-27,2018.5121788951,,1998.884521484375,4150218,,0,7.600344564689873,7.610115973911206,-0.009771409221333016,0.009771409221333016,-0.9723824119539833,Saturday,0,-0.0020852772487600646,-2.1618269123280243e-05,0.0020636589796367844,0.0020636589796367844
2024-01-28,2018.8369601403,,2006.891845703125,4615480,,0,7.604342458805746,7.610276862273702,-0.005934403467955818,0.005934403467955818,-0.5916829676203756,Sunday,0,0.0001608883624957258,0.003997894115872924,0.0038370057533771984,0.0038370057533771984
2024-01-29,2022.3367089504,,2009.04150390625,8424836,,0,7.605413023589221,7.612008908442269,-0.006595884853048517,0.006595884853048517,-0.6574179752218517,Monday,1,0.0017320461685672583,0.001070564783474559,0.0006614813850926993,-0.0006614813850926993
2024-01-30,2030.5681732806,,2015.3223876953125,8519666,,0,7.608534455476581,7.616070921189972,-0.007536465713391394,0.007536465713391394,-0.7508137764543126,Tuesday,0,0.004062012747702681,0.0031214318873598046,0.0009405808603428767,-0.0009405808603428767
2024-01-31,2034.0760626471,,2019.1053466796875,8985921,,0,7.61040979460378,7.617796971507685,-0.007387176903905335,0.007387176903905335,-0.7359958775548365,Wednesday,0,0.0017260503177132236,0.0018753391271992825,0.00014928880948605894,0.00014928880948605894
2024-02-01,2044.7623004721,,2035.1259765625,6014557,,0,7.618313000905381,7.62303682723318,-0.004723826327798442,0.004723826327798442,-0.47126866078150326,Thursday,0,0.005239855725494458,0.007903206301601351,0.002663350576106893,0.002663350576106893
2024-02-02,2039.0997374659,,2023.729248046875,4917478,,0,7.612697250731426,7.620263684270706,-0.007566433539280659,0.007566433539280659,-0.7537880142207647,Friday,0,-0.0027731429624733295,-0.005615750173955547,0.0028426072114822176,-0.0028426072114822176
2024-02-03,2039.833459837,,2019.3955078125,3090358,,0,7.610553492051801,7.620623446170949,-0.010069954119147795,0.010069954119147795,-1.001942189247799,Saturday,0,0.00035976190024289423,-0.0021437586796242414,0.0025035205798671356,-0.0025035205798671356
2024-02-04,2040.1742961705,,2019.2515869140625,4232769,,0,7.61048222021491,7.620790522487797,-0.010308302272887815,0.010308302272887815,-1.0255353817421535,Sunday,0,0.00016707631684820257,-7.127183689181749e-05,0.00023834815374002005,-0.00023834815374002005
2024-02-05,2024.9600627252,,2004.479736328125,4545030,,0,7.603139822940981,7.613305257235144,-0.010165434294163056,0.010165434294163056,-1.0113940898919518,Monday,1,-0.0074852652526535834,-0.007342397273928825,0.00014286797872475887,0.00014286797872475887
2024-02-06,2036.0743509199,,2016.6729736328125,4307959,,0,7.609204389773116,7.618778895137189,-0.009574505364073005,0.009574505364073005,-0.9528815722432749,Tuesday,0,0.0054736379020452475,0.006064566832135299,0.0005909289300900511,0.0005909289300900511
2024-02-07,2035.9106129374,,2015.4307861328125,5807315,,0,7.608588241175109,7.61869847343424,-0.010110232259130214,0.010110232259130214,-1.0059295665755812,Wednesday,0,-8.04217029495291e-05,-0.0006161485980067383,0.0005357268950572092,-0.0005357268950572092
2024-02-08,2034.9689056751,,2010.811279296875,8401669,,0,7.606293541160593,7.618235817993423,-0.01194227683282989,0.01194227683282989,-1.1871250863270868,Thursday,0,-0.000462655440816917,-0.002294700014516593,0.001832044573699676,-0.001832044573699676
2024-02-09,2024.4582903895,,2003.1251220703125,10984246,,0,7.6024638010489705,7.613057432834446,-0.010593631785475566,0.010593631785475566,-1.05377168897281,Friday,0,-0.005178385158976617,-0.003829740111622293,0.0013486450473543243,0.0013486450473543243
2024-02-10,2024.4845206901,,2000.7177734375,6741632,,0,7.601261281876398,7.6130703894514316,-0.011809107575033728,0.011809107575033728,-1.173965372898898,Saturday,0,1.2956616985526637e-05,-0.0012025191725726359,0.0012154757895581625,-0.0012154757895581625
2024-02-11,2024.5455907422,,2005.05810546875,4128472,,0,7.603428319604415,7.613100554725793,-0.009672235121377604,0.009672235121377604,-0.9625609500997107,Sunday,0,3.0165274361060312e-05,0.002167037728017185,0.0021368724536561245,0.0021368724536561245
2024-02-12,2023.7044598197,,2000.056640625,12457318,,0,7.60093077945357,7.612685001870066,-0.011754222416495708,0.011754222416495708,-1.168541141467217,Monday,1,-0.00041555285572680845,-0.0024975401508449124,0.002081987295118104,-0.002081987295118104
2024-02-13,2019.7225911021,,1991.04638671875,7266747,,0,7.596415601994078,7.610715449826892,-0.014299847832814017,0.014299847832814017,-1.4198090623773412,Tuesday,0,-0.001969552043173728,-0.004515177459492037,0.002545625416318309,-0.002545625416318309
2024-02-14,1992.7662584817,,1982.313232421875,9098243,,0,7.592019740961115,7.5972790320913095,-0.005259291130194299,0.005259291130194299,-0.5245485272211166,Wednesday,0,-0.013436417735582573,-0.004395861032962856,0.009040556702619718,0.009040556702619718
2024-02-15,1992.6888247022,,1982.804443359375,7247245,,0,7.592267507095782,7.5972401739042805,-0.004972666808498616,0.004972666808498616,-0.49603235689858366,Thursday,0,-3.8858187028978364e-05,0.00024776613466670483,0.0002866243216956832,0.0002866243216956832
2024-02-16,2004.6957994406,,1987.6827392578125,7327593,,0,7.594724786582531,7.603247607252621,-0.008522820670090248,0.008522820670090248,-0.8486604395307717,Friday,0,0.006007433348340641,0.002457279486749009,0.0035501538615916317,-0.0035501538615916317
2024-02-17,2013.0562804236,,1988.71240234375,5348225,,0,7.595242674303587,7.607409383730629,-0.012166709427042122,0.012166709427042122,-1.2092994277699634,Saturday,0,0.0041617764780079725,0.0005178877210560984,0.003643888756951874,-0.003643888756951874
2024-02-18,2013.0412866716,,1991.33740234375,5704784,,0,7.596561753465625,7.607401935450129,-0.010840181984503872,0.010840181984503872,-1.078163894181003,Sunday,0,-7.4482804999220775e-06,0.001319079162038328,0.00132652744253825,0.00132652744253825
2024-02-19,2019.6397851265,,1989.1495361328125,7438950,,0,7.595462457592994,7.610674450298799,-0.015211992705804533,0.015211992705804533,-1.5096874808186573,Monday,1,0.0032725148486694167,-0.0010992958726312452,0.004371810721300662,-0.004371810721300662
2024-02-20,2017.1152226643,,2003.4251708984375,8343094,,0,7.602613580189002,7.609423662085761,-0.006810081896759357,0.006810081896759357,-0.6786945838314632,Tuesday,0,-0.0012507882130377013,0.007151122596007475,0.008401910809045177,0.008401910809045177
2024-02-21,2026.8287264868,,2002.6746826171875,6309840,,0,7.602238907406259,7.614227646822214,-0.011988739415954797,0.011988739415954797,-1.1917160810859349,Wednesday,0,0.00480398473645316,-0.0003746727827422802,0.00517865751919544,-0.00517865751919544
2024-02-22,2027.6954815037,,2000.1544189453125,7163863,,0,7.600979666034241,7.614655196386917,-0.013675530352676546,0.013675530352676546,-1.358244510066351,Thursday,0,0.00042754956470325567,-0.0012592413720184936,0.0016867909367217493,-0.0016867909367217493
2024-02-23,2027.3826409011,,2008.475341796875,6912122,,0,7.605131176799342,7.614500900664972,-0.009369723865630064,0.009369723865630064,-0.9325964779801743,Friday,0,-0.00015429572194491925,0.004151510765101563,0.004305806487046482,0.004305806487046482
2024-02-24,2035.7854436862,,2006.6251220703125,3440889,,0,7.604209546133221,7.618636990823799,-0.014427444690578106,0.014427444690578106,-1.4323867825229633,Saturday,0,0.004136090158826988,-0.0009216306661210538,0.005057720824948042,-0.005057720824948042
2024-02-25,2035.7978770293,,2007.370849609375,4181105,,0,7.6045811098083735,7.618643098198804,-0.014061988390430713,0.014061988390430713,-1.39635804421835,Sunday,0,6.107375004837934e-06,0.0003715636751522311,0.00036545630014739316,0.00036545630014739316
2024-02-26,2031.6094044012,,2006.23046875,8520683,,0,7.604012851628446,7.616583567977806,-0.012570716349359579,0.012570716349359579,-1.2492034933595029,Monday,1,-0.0020595302209986954,-0.000568258179927561,0.0014912720410711344,0.0014912720410711344
2024-02-27,2033.3138135207,,2004.7376708984375,9900768,,0,7.603268493723564,7.617422161539361,-0.014153667815796744,0.014153667815796744,-1.405397555076985,Tuesday,0,0.0008385935615553564,-0.0007443579048818094,0.0015829514664371658,-0.0015829514664371658
2024-02-28,2032.6537697495,,2019.9144287109375,15753176,,0,7.610810427473666,7.617097494033543,-0.006287066559877097,0.006287066559877097,-0.6267344310257281,Wednesday,0,-0.00032466750581772175,0.007541933750101926,0.007866601255919647,0.007866601255919647
2024-02-29,2036.1991410905,,1995.5350341796875,16329689,,0,7.598667480926849,7.618840182853195,-0.020172701926346015,0.020172701926346015,-1.997059427548652,Thursday,0,0.0017426888196521162,-0.012142946546816802,0.013885635366468918,-0.013885635366468918
2024-03-01,2044.59130971,,2023.880859375,26570241,,0,7.612772164729648,7.622953199951952,-0.010181035222303514,0.010181035222303514,-1.0129383919731827,Friday,0,0.004113017098756444,0.014104683802798945,0.009991666704042501,0.009991666704042501
2024-03-02,2083.1107008772,,2030.919677734375,8927936,,0,7.616244012661642,7.6416175847730745,-0.025373572111432097,0.025373572111432097,-2.5054368508042995,Saturday,0,0.01866438482112276,0.0034718479319941764,0.015192536889128583,-0.015192536889128583
2024-03-03,2083.0295581894,,2024.628662109375,12478973,,0,7.613141585988959,7.641578631361637,-0.02843704537267744,0.02843704537267744,-2.80365181811381,Sunday,0,-3.895341143778097e-05,-0.003102426672683123,0.003063473261245342,-0.003063473261245342
2024-03-04,2081.5341072893,,2068.941650390625,27159991,,0,7.634792475506696,7.640860452419255,-0.00606797691255867,0.00606797691255867,-0.6049603921731491,Monday,1,-0.0007181789423817975,0.02165088951773697,0.02236906846011877,0.02236906846011877
2024-03-05,2111.4316498959,,2093.193603515625,34485732,,0,7.646446218653342,7.655121503447934,-0.008675284794592564,0.008675284794592564,-0.863776309366885,Tuesday,0,0.014261051028679361,0.011653743146645468,0.0026073078820338935,-0.0026073078820338935
2024-03-06,2126.2196261553,,2111.3291015625,19225908,,0,7.65507293411642,7.662100858437102,-0.007027924320682111,0.007027924320682111,-0.7003286212593878,Wednesday,0,0.0069793549891681295,0.008626715463078583,0.001647360473910453,0.001647360473910453
2024-03-07,2145.9734028056,,2133.302490234375,16907913,,0,7.665426522872504,7.671348529267427,-0.0059220063949236845,0.0059220063949236845,-0.5904505878152699,Thursday,0,0.00924767083032485,0.010353588756083276,0.0011059179257584262,0.0011059179257584262
2024-03-08,2156.469548817,,2135.247314453125,14430253,,0,7.666337757105351,7.67622769533761,-0.009889938232258366,0.009889938232258366,-0.9841193619226928,Friday,0,0.00487916607018235,0.0009112342328476686,0.003967931837334682,-0.003967931837334682
2024-03-09,2178.8386397859,,2133.599365234375,8536686,,0,7.665565675358562,7.6865472797867715,-0.02098160442820962,0.02098160442820962,-2.07630219720953,Saturday,0,0.010319584449161923,-0.0007720817467893326,0.011091666195951255,-0.011091666195951255
2024-03-10,2178.9549557716,,2140.946044921875,10003006,,0,7.669003087394917,7.686600662758304,-0.017597575363386575,0.017597575363386575,-1.7443642306164833,Sunday,0,5.3382971532123236e-05,0.0034374120363551697,0.0033840290648230464,0.0033840290648230464
2024-03-11,2179.2208675217,,2159.764404296875,13398293,,0,7.677754422644639,7.686722691681051,-0.008968269036412124,0.008968269036412124,-0.8928174062022222,Monday,1,0.00012202892274704169,0.008751335249721492,0.00862930632697445,0.00862930632697445
2024-03-12,2181.6103338518,,2144.093994140625,12560179,,0,7.670472361780388,7.687818568342584,-0.017346206562195654,0.017346206562195654,-1.719662724778953,Tuesday,0,0.0010958766615329907,-0.007282060864250539,0.00837793752578353,-0.00837793752578353
2024-03-13,2158.6392628851,,2154.377685546875,8748570,,0,7.6752571838253285,7.677233331276647,-0.0019761474513186883,0.0019761474513186883,-0.19741961575039504,Wednesday,0,-0.010585237065936504,0.004784822044940462,0.015370059110876966,0.015370059110876966
2024-03-14,2174.8789734223,,2144.03173828125,11155268,,0,7.670443325383947,7.684728297571037,-0.014284972187089906,0.014284972187089906,-1.418342607474389,Thursday,0,0.007494966294389727,-0.004813858441381491,0.012308824735771218,-0.012308824735771218
2024-03-15,2162.9862014458,,2135.151123046875,15083098,,0,7.666292706786195,7.679245046573395,-0.012952339787199563,0.012952339787199563,-1.2868819218689038,Friday,0,-0.005483250997642131,-0.004150618597751787,0.0013326323998903433,0.0013326323998903433
2024-03-16,2155.8089349657,,2120.2177734375,10822539,,0,7.659274085709955,7.675921307956111,-0.016647222246156446,0.016647222246156446,-1.650942295995543,Saturday,0,-0.0033237386172837446,-0.007018621076240628,0.003694882458956883,-0.003694882458956883
2024-03-17,2155.8270604155,,2120.375732421875,9416852,,0,7.659348584236743,7.675929715646287,-0.016581131409544092,0.016581131409544092,-1.6444421096928035,Sunday,0,8.407690176071014e-06,7.449852678842461e-05,6.60908366123536e-05,6.60908366123536e-05
2024-03-18,2151.8713318663,,2142.11181640625,9956132,,0,7.669547451515555,7.6740931294692265,-0.004545677953671223,0.004545677953671223,-0.45353619965676817,Monday,1,-0.0018365861770606173,0.010198867278812251,0.012035453455872869,0.012035453455872869
2024-03-19,2160.9842505307,,2131.596923828125,16887655,,0,7.664626707293478,7.678319068433452,-0.013692361139973741,0.013692361139973741,-1.3599047145002616,Tuesday,0,0.004225938964225406,-0.004920744222077111,0.009146683186302518,-0.009146683186302518
2024-03-20,2158.3336283056,,2184.35302734375,18383549,,0,7.6890749663587075,7.677091734566306,0.011983231792401128,0.011983231792401128,1.205531837011521,Wednesday,0,-0.0012273338671455747,0.024448259065229294,0.02567559293237487,0.02567559293237487
2024-03-21,2205.59594982,,2173.56591796875,11737337,,0,7.684124377996912,7.6987530233912524,-0.014628645394340722,0.014628645394340722,-1.4522166607108604,Thursday,0,0.021661288824946112,-0.004950588361795738,0.02661187718674185,-0.02661187718674185
2024-03-22,2176.3936591206,,2150.17041015625,8906041,,0,7.673302378518549,7.685424501136014,-0.012122122617465259,0.012122122617465259,-1.2048945674169096,Friday,0,-0.013328522255238617,-0.010821999478363153,0.002506522776875464,0.002506522776875464
2024-03-23,2165.0406129143,,2148.237060546875,4863553,,0,7.672402812922254,7.680194399112516,-0.007791586190261768,0.007791586190261768,-0.7761310465583375,Saturday,0,-0.005230102023498162,-0.0008995655962946714,0.004330536427203491,0.004330536427203491
2024-03-24,2164.9693667659,,2158.837646484375,5402318,,0,7.677325229208508,7.680161491036673,-0.0028362618281647656,0.0028362618281647656,-0.28322434375524713,Sunday,0,-3.290807584299671e-05,0.0049224162862540055,0.004955324362097002,0.004955324362097002
2024-03-25,2175.1869464421,,2167.076171875,9925125,,0,7.6811341517607605,7.684869892216263,-0.003735740455502068,0.003735740455502068,-0.3728771258197726,Monday,1,0.004708401179589927,0.003808922552252625,0.0008994786273373023,-0.0008994786273373023
2024-03-26,2169.940636934,,2164.538330078125,8401743,,0,7.679962375239044,7.682455089908704,-0.0024927146696596125,0.0024927146696596125,-0.24896104363057994,Tuesday,0,-0.002414802307558972,-0.0011717765217165166,0.0012430257858424554,0.0012430257858424554
2024-03-27,2175.882690331,,2168.571044921875,7882899,,0,7.681823724980796,7.685189695829125,-0.003365970848329347,0.003365970848329347,-0.3360312319049142,Wednesday,0,0.002734605920421629,0.0018613497417518943,0.0008732561786697346,-0.0008732561786697346
2024-03-28,2189.5387342539,,2213.7548828125,9068605,,0,7.702445394769371,7.6914461769979185,0.010999217771452408,0.010999217771452408,1.1059931564467897,Thursday,0,0.006256481168793293,0.020621669788575048,0.014365188619781755,0.014365188619781755
2024-03-29,2233.1442827822,,2217.904541015625,5199364,,0,7.704318128668369,7.711165863627469,-0.006847734959100293,0.006847734959100293,-0.6824342647304688,Friday,0,0.019719686629550814,0.0018727338989981135,0.0178469527305527,-0.0178469527305527
2024-03-30,2233.0270959974,,2208.1025390625,4231615,,0,7.699888846111491,7.711113386113783,-0.011224540002292116,0.011224540002292116,-1.1161779890434895,Saturday,0,-5.247751368653297e-05,-0.004429282556878356,0.004376805043191823,-0.004376805043191823
2024-03-31,2233.0704786073,,2220.93115234375,4139438,,0,7.70568182491948,7.711132813638228,-0.005450988718748384,0.005450988718748384,-0.5436159037452822,Sunday,0,1.9427524445170263e-05,0.005792978807988902,0.005773551283543732,0.005773551283543732
2024-04-01,2256.4663556353,,2233.73828125,7866554,,0,7.711431820237157,7.721555309178192,-0.010123488941035319,0.010123488941035319,-1.0072418907793022,Monday,1,0.010422495539963883,0.005749995317676948,0.004672500222286935,-0.004672500222286935
2024-04-02,2248.6240669334,,2262.97705078125,12756789,,0,7.72443650452213,7.718073782332917,0.006362722189212633,0.006362722189212633,0.6383007306074046,Tuesday,0,-0.003481526845274807,0.013004684284973145,0.016486211130247952,0.016486211130247952
2024-04-03,2283.4110416168,,2300.30419921875,17072201,,0,7.740796653701479,7.733425674833934,0.007370978867545119,0.007370978867545119,0.739821140130273,Wednesday,0,0.015351892501016984,0.01636014917934947,0.0010082566783324864,0.0010082566783324864
2024-04-04,2300.1920890414,,2270.65478515625,10166068,,0,7.727823520491964,7.740747915404414,-0.012924394912450232,0.012924394912450232,-1.2841233576044284,Thursday,0,0.007322240570480254,-0.012973133209515098,0.02029537377999535,-0.02029537377999535
2024-04-05,2273.2030954661,,2317.159912109375,11870910,,0,7.7480975389301365,7.728945171143885,0.01915236778625129,0.01915236778625129,1.9336950900228331,Friday,0,-0.011802744260529074,0.020274018438172448,0.03207676269870152,0.03207676269870152
2024-04-06,2328.8764847752,,2303.8662109375,6409043,,0,7.742343951960272,7.75314123489072,-0.010797282930447238,0.010797282930447238,-1.0739201499608144,Saturday,0,0.024196063746834362,-0.005753586969864166,0.029949650716698528,-0.029949650716698528
2024-04-07,2329.9182944253,,2289.18701171875,7751433,,0,7.735952016798229,7.753588479174635,-0.017636462376406037,0.017636462376406037,-1.7481850245137722,Sunday,0,0.00044724428391518245,-0.006391935162043616,0.0068391794459587985,-0.0068391794459587985
2024-04-08,2326.2370696112,,2319.349609375,9481568,,0,7.749042084570894,7.752007249471888,-0.0029651649009947434,0.0029651649009947434,-0.2960773141385343,Monday,1,-0.001581229702746434,0.01309006777266486,0.014671297475411293,0.014671297475411293
2024-04-09,2341.3566944539,,2332.94140625,10116827,,0,7.75488515651101,7.758485824296625,-0.003600667785614853,0.003600667785614853,-0.3594193154692735,Tuesday,0,0.0064785748247366826,0.005843071940116573,0.0006355028846201094,-0.0006355028846201094
2024-04-10,2349.2818245462,,2323.704345703125,11093143,,0,7.750917892023126,7.761864953854913,-0.010947061831787508,0.010947061831787508,-1.0887360799301122,Wednesday,0,0.0033791295582883407,-0.003967264487884314,0.007346394046172655,-0.007346394046172655
2024-04-11,2340.8299974555,,2365.912353515625,7555339,,0,7.768918999691413,7.758260845227963,0.010658154463450309,0.010658154463450309,1.071515491829391,Thursday,0,-0.0036041086269502642,0.018001107668287553,0.021605216295237817,0.021605216295237817
2024-04-12,2391.8993067797,,2358.375,26962985,,0,7.765728101531777,7.779843018356583,-0.014114916824806478,0.014114916824806478,-1.4015768424982336,Friday,0,0.02158217312862032,-0.0031908981596364683,0.024773071288256787,-0.024773071288256787
2024-04-13,2343.8789133402,,2447.331298828125,127262590,,0,7.802753444073202,7.759562491231262,0.04319095284194052,0.04319095284194052,4.413725679220246,Saturday,0,-0.02028052712532169,0.03702534254142531,0.057305869666747,0.057305869666747
2024-04-14,2343.8915490756,,2394.861083984375,64838315,,0,7.781080505651062,7.759567882167317,0.021512623483745053,0.021512623483745053,2.1745688246061063,Sunday,0,5.390936054894269e-06,-0.021672938422140575,0.02167832935819547,-0.02167832935819547
2024-04-15,2356.0600456039,,2436.097900390625,41103034,,0,7.798152817016741,7.764746030696242,0.03340678632049965,0.03340678632049965,3.397105898725504,Monday,1,0.005178148528925064,0.01707231136567966,0.011894162836754596,0.011894162836754596
2024-04-16,2374.6178052642,,2402.253662109375,30650588,,0,7.78416260160595,7.772591779419785,0.01157082218616523,0.01157082218616523,1.1638023088983092,Tuesday,0,0.007845748723543267,-0.013990215410791151,0.021835964134334418,-0.021835964134334418
2024-04-17,2383.3862723148,,2395.954833984375,16653096,,0,7.7815371084668365,7.776277558933313,0.005259549533523256,0.005259549533523256,0.5273405245121332,Wednesday,0,0.003685779513528331,-0.002625493139113644,0.006311272652641975,-0.006311272652641975
2024-04-18,2369.1427683338,,2387.431884765625,11033988,,0,7.7779735420068,7.7702834675745684,0.007690074432231242,0.007690074432231242,0.7719718995528251,Thursday,0,-0.005994091358744846,-0.00356356646003686,0.0024305248987079864,0.0024305248987079864
2024-04-19,2411.8260513873,,2398.142822265625,29624194,,0,7.782449892723666,7.788139437247817,-0.005689544524150492,0.005689544524150492,-0.5673389718053856,Friday,0,0.017855969673248318,0.004476350716866584,0.013379618956381734,-0.013379618956381734
2024-04-20,2391.8935856111,,2390.1728515625,12505202,,0,7.779120965139884,7.779840626460142,-0.0007196613202573587,0.0007196613202573587,-0.07194024261579261,Saturday,0,-0.008298810787675137,-0.0033289275837820043,0.004969883203893133,0.004969883203893133
2024-04-21,2391.989132715,,2376.44140625,8187865,,0,7.773359440269363,7.779880571880854,-0.006521131611490816,0.006521131611490816,-0.6499915176183346,Sunday,0,3.9945420712506063e-05,-0.005761524870520951,0.005801470291233457,-0.005801470291233457
2024-04-22,2376.2090151469,,2323.06298828125,12224399,,0,7.750641847461456,7.773261645951381,-0.022619798489925458,0.022619798489925458,-2.2365888912497276,Monday,1,-0.006618925929473107,-0.02271759280790775,0.016098666878434642,-0.016098666878434642
2024-04-23,2308.3269200317,,2309.41650390625,12443466,,0,7.7447501758965895,7.744278264057953,0.00047191183863670716,0.00047191183863670716,0.04720232065460992,Tuesday,0,-0.028983381893428195,-0.00589167156486603,0.023091710328562165,0.023091710328562165
2024-04-24,2319.1040837104,,2295.919921875,9016022,,0,7.73888887959909,7.748936219262722,-0.01004733966363247,0.01004733966363247,-0.9997033767586283,Wednesday,0,0.004657955204769415,-0.005861296297499763,0.010519251502269178,-0.010519251502269178
2024-04-25,2319.8395227812,,2326.024169921875,11301857,,0,7.751915724220613,7.749253291052916,0.002662433167696321,0.002662433167696321,0.2665980590442135,Thursday,0,0.00031707179019413445,0.013026844621522926,0.012709772831328792,0.012709772831328792
2024-04-26,2334.0316756107,,2343.39599609375,6774308,,0,7.759356436644113,7.755352384138601,0.004004052505512057,0.004004052505512057,0.40120794335834686,Friday,0,0.0060990930856847925,0.007440712423500528,0.001341619337815736,0.001341619337815736
2024-04-27,2337.7113992418,,2356.54443359375,7144834,,0,7.764951601944028,7.756927695251867,0.00802390669216102,0.00802390669216102,0.8056184505092595,Saturday,0,0.0015753111132656983,0.005595165299914662,0.0040198541866489634,0.0040198541866489634
2024-04-28,2337.7502006374,,2352.764404296875,6355005,,0,7.763346258043766,7.756944293140555,0.006401964903210988,0.006401964903210988,0.6422501281523185,Sunday,0,1.6597888688352214e-05,-0.0016053439002616798,0.001621941788950032,-0.001621941788950032
2024-04-29,2329.7462230737,,2344.9501953125,6674014,,0,7.760019441982128,7.7535146234920935,0.006504818490034481,0.006504818490034481,0.6526020769223901,Monday,1,-0.0034296696484616973,-0.0033268160616382048,0.00010285358682349255,0.00010285358682349255
2024-04-30,2331.9187913945,,2299.805908203125,10159561,,0,7.740580010618624,7.7544467232767635,-0.013866712658139768,0.013866712658139768,-1.3771012656993737,Tuesday,0,0.0009320997846700152,-0.019439431363504234,0.02037153114817425,-0.02037153114817425
2024-05-01,2287.3852533188,,2307.3134765625,12054325,,0,7.743839129550753,7.735164633407912,0.00867449614284066,0.00867449614284066,0.8712228608969896,Wednesday,0,-0.019282089868851493,0.003259118932128935,0.022541208800980428,0.022541208800980428
2024-05-02,2324.8887947567,,2293.1484375,7009872,,0,7.737681015825917,7.751427486665383,-0.01374647083946634,0.01374647083946634,-1.3652419560145732,Thursday,0,0.01626285325747112,-0.006158113724835879,0.022420966982307,-0.022420966982307
2024-05-03,2301.3767986698,,2289.556640625,8237612,,0,7.736113471090112,7.741262830940174,-0.005149359850062041,0.005149359850062041,-0.5136124624021566,Friday,0,-0.01016465572520886,-0.0015675447358045602,0.0085971109894043,0.0085971109894043
2024-05-04,2302.6024934422,,2287.263916015625,6655639,,0,7.735111585710171,7.741795281120155,-0.00668369540998448,0.00668369540998448,-0.6661409196880062,Saturday,0,0.0005324501799810477,-0.0010018853799413918,0.0015343355599224395,-0.0015343355599224395
2024-05-05,2302.5892385729,,2286.947509765625,3980809,,0,7.734973242192107,7.741789524630493,-0.006816282438385279,0.006816282438385279,-0.6793104278107923,Sunday,0,-5.756489662722686e-06,-0.00013834351806352174,0.00013258702840079906,-0.00013258702840079906
2024-05-06,2312.6376163922,,2303.567138671875,9047413,,0,7.742214130324949,7.746143977407164,-0.003929847082215332,0.003929847082215332,-0.39221353384691954,Monday,1,0.004354452776671458,0.007240888132841405,0.0028864353561699474,0.0028864353561699474
2024-05-07,2322.2729664668,,2289.5322265625,6457617,,0,7.736102807806123,7.7503017119665145,-0.014198904160391379,0.014198904160391379,-1.4098575136114622,Tuesday,0,0.004157734559350423,-0.006111322518825624,0.010269057078176047,-0.010269057078176047
2024-05-08,2308.4628015458,,2295.371826171875,7663733,,0,7.738650125132675,7.744337128126855,-0.005687002994180013,0.005687002994180013,-0.5670862603962756,Wednesday,0,-0.005964583839659809,0.002547317326551557,0.008511901166211366,0.008511901166211366
2024-05-09,2309.1056579785,,2338.6455078125,9145386,,0,7.757327197942397,7.744615567501382,0.012711630441014421,0.012711630441014421,1.2792766641895734,Thursday,0,0.00027843937452765033,0.018677072809722084,0.018398633435194434,0.018398633435194434
2024-05-10,2351.2029459632,,2331.592529296875,10340960,,0,7.7543068020561545,7.762682368065474,-0.008375566009319435,0.008375566009319435,-0.8340588676104799,Friday,0,0.0180668005640916,-0.0030203958862422553,0.021087196450333856,-0.021087196450333856
2024-05-11,2361.1072743118,,2337.66455078125,3527560,,0,7.756907654741306,7.766885972017668,-0.00997831727636278,0.00997831727636278,-0.9928699041166243,Saturday,0,0.004203603952194435,0.0026008526851510894,0.0016027512670433453,-0.0016027512670433453
2024-05-12,2361.2003776032,,2341.1708984375,2866757,,0,7.758406467149096,7.766925403286562,-0.008518936137465793,0.008518936137465793,-0.8482752821694725,Sunday,0,3.943126889360826e-05,0.001498812407790595,0.0014593811388969868,0.0014593811388969868
2024-05-13,2358.7987675748,,2320.77783203125,8112327,,0,7.7496576808963775,7.765907771646477,-0.01625009075009931,0.01625009075009931,-1.6118770310636208,Monday,1,-0.0010176316400851704,-0.008748786252718688,0.007731154612633517,-0.007731154612633517
2024-05-14,2342.8158021989,,2339.515380859375,7297727,,0,7.757699084706277,7.759108819198386,-0.001409734492108683,0.001409734492108683,-0.1408741283214634,Tuesday,0,-0.0067989524480909225,0.008041403809899705,0.014840356257990628,0.014840356257990628
2024-05-15,2357.7698892037,,2380.7333984375,12710491,,0,7.775163869800866,7.765471489059584,0.009692380741282314,0.009692380741282314,0.9739503985927751,Wednesday,0,0.006362669861197823,0.01746478509458882,0.011102115233390997,0.011102115233390997
2024-05-16,2388.3152155741,,2361.763427734375,8145529,,0,7.767163834135093,7.778343465622933,-0.01117963148784007,0.01117963148784007,-1.1117371637789646,Thursday,0,0.01287197656334893,-0.008000035665773453,0.020872012229122383,-0.020872012229122383
2024-05-17,2377.3190450119,,2390.864501953125,10764549,,0,7.779410295820366,7.7737286800663075,0.0056816157540584555,0.0056816157540584555,0.5697786744125116,Friday,0,-0.0046147855566252005,0.012246461685273324,0.016861247241898525,0.016861247241898525
2024-05-18,2414.7041963212,,2384.406494140625,4313563,,0,7.776705522937359,7.789332072589288,-0.01262654965192933,0.01262654965192933,-1.2547169225420465,Saturday,0,0.015603392522980819,-0.0027047728830069673,0.018308165405987786,-0.018308165405987786
2024-05-19,2414.5823388272,,2404.990234375,11223939,,0,7.785301121980682,7.789281606545024,-0.003980484564341857,0.003980484564341857,-0.3972572936510079,Sunday,0,-5.0466044264396714e-05,0.008595599043323077,0.008646065087587473,0.008646065087587473
2024-05-20,2434.0144760577,,2413.0888671875,23655533,,0,7.788662893453924,7.79729722096516,-0.008634327511236606,0.008634327511236606,-0.859715875810754,Monday,1,0.00801561442013643,0.0033617714732416815,0.004653842946894748,-0.004653842946894748
2024-05-21,2420.7963839112,,2406.47705078125,15403480,,0,7.78591915235082,7.79185184927521,-0.005932696924389802,0.005932696924389802,-0.5915133228518218,Tuesday,0,-0.00544537168995074,-0.002743741103103936,0.002701630586846804,0.002701630586846804
2024-05-22,2425.4142668203,,2383.259521484375,13028000,,0,7.776224376533807,7.7937576204599885,-0.01753324392618172,0.01753324392618172,-1.7380431010323623,Wednesday,0,0.0019057711847789705,-0.009694775817012946,0.011600547001791917,-0.011600547001791917
2024-05-23,2372.0943030834,,2341.13134765625,16440211,,0,7.75838957341641,7.771528516107859,-0.013138942691448996,0.013138942691448996,-1.3053003578695177,Thursday,0,-0.02222910435212988,-0.017834803117397158,0.004394301234732723,0.004394301234732723
2024-05-24,2333.9712076644,,2344.740966796875,13394599,,0,7.759930212858704,7.755326476722597,0.004603736136107095,0.004603736136107095,0.46143496102731485,Friday,0,-0.01620203938526199,0.0015406394422941005,0.01774267882755609,0.01774267882755609
2024-05-25,2334.4953673107,,2344.287353515625,4339023,,0,7.759736734273513,7.755551029962974,0.004185704310539329,0.004185704310539329,0.41944766059677396,Saturday,0,0.00022455324037728985,-0.00019347858519047634,0.0004180318255677662,-0.0004180318255677662
2024-05-26,2334.4757479485,,2347.998046875,4108057,,0,7.761318349122684,7.755542625814944,0.0057757233077397885,0.0057757233077397885,0.5792434956063699,Sunday,0,-8.404148029939051e-06,0.0015816148491705206,0.0015900189972004597,0.0015900189972004597
2024-05-27,2338.7901204828,,2355.140625,8671203,,0,7.764355718043542,7.757389032110448,0.006966685933093686,0.006966685933093686,0.6991009742175933,Monday,1,0.0018464062955043659,0.0030373689208582633,0.0011909626253538974,0.0011909626253538974
2024-05-28,2353.805161424,,2348.06396484375,10381492,,0,7.761346422844278,7.763788515245984,-0.0024420924017052315,0.0024420924017052315,-0.24391129199396172,Tuesday,0,0.006399483135535178,-0.0030092951992637396,0.009408778334798917,-0.009408778334798917
2024-05-29,2357.459733409,,2326.9912109375,7240947,,0,7.75233138630225,7.765339934153473,-0.013008547851223184,0.013008547851223184,-1.2924302391982305,Wednesday,0,0.0015514189074892215,-0.009015036542028732,0.010566455449517953,-0.010566455449517953
2024-05-30,2335.8067970109,,2338.603515625,9161209,,0,7.757309242008347,7.7561126337686925,0.0011966082396543953,0.0011966082396543953,0.11973244609438143,Thursday,0,-0.009227300384780257,0.004977855706097323,0.01420515609087758,0.01420515609087758
2024-05-31,2346.815711368,,2330.931640625,7954465,,0,7.754023312404534,7.760814671834136,-0.006791359429601407,0.006791359429601407,-0.6768350265450045,Friday,0,0.004702038065443226,-0.0032859296038125763,0.007987967669255802,-0.007987967669255802
2024-06-01,2327.9033435909,,2342.4560546875,4816762,,0,7.75895525393127,7.752723288913314,0.006231965017955865,0.006231965017955865,0.6251424113748528,Saturday,0,-0.008091382920821566,0.004931941526735706,0.013023324447557272,0.013023324447557272
2024-06-02,2327.8258525546,,2332.491943359375,4942716,,0,7.754692478635952,7.752690000449555,0.002002478186396317,0.002002478186396317,0.20044844848056562,Sunday,0,-3.328846375882932e-05,-0.004262775295318377,0.004229486831559548,-0.004229486831559548
2024-06-03,2330.0534723971,,2346.189697265625,7772241,,0,7.760547885818958,7.753646495823062,0.00690138999589518,0.00690138999589518,0.6925259467081872,Monday,1,0.0009564953735070603,0.005855407183005923,0.004898911809498863,0.004898911809498863
2024-06-04,2348.3836544983,,2335.61279296875,7648659,,0,7.756029573774391,7.761482563894262,-0.005452990119870549,0.005452990119870549,-0.5438149556648312,Tuesday,0,0.00783606807119952,-0.004518312044566208,0.012354380115765728,-0.012354380115765728
2024-06-05,2331.0925317856,,2358.10888671875,7142462,,0,7.76561525760485,7.7540923344236035,0.01152292318124637,0.01152292318124637,1.158956779482955,Wednesday,0,-0.007390229470658483,0.009585683830458436,0.01697591330111692,0.01697591330111692
2024-06-06,2368.0913893829,,2363.8046875,6152302,,0,7.768027755611964,7.769839588748587,-0.001811833136622809,0.001811833136622809,-0.1810192757812962,Thursday,0,0.015747254324983473,0.0024124980071142943,0.013334756317869179,-0.013334756317869179
2024-06-07,2370.710909822,,2306.594970703125,16450238,,0,7.743527677395429,7.770945151099797,-0.02741747370436798,0.02741747370436798,-2.7045026389864155,Friday,0,0.0011055623512099544,-0.024500078216535215,0.02560564056774517,-0.02560564056774517
2024-06-08,2293.7473822608,,2302.71728515625,3644185,,0,7.74184513290878,7.737942170553532,0.0039029623552480075,0.0039029623552480075,0.3910588831543012,Saturday,0,-0.03300298054626527,-0.0016825444866492845,0.031320436059615986,0.031320436059615986
2024-06-09,2293.8705027522,,2311.229248046875,4030400,,0,7.745534803990123,7.737995845682767,0.007538958307355514,0.007538958307355514,0.7567447802239833,Sunday,0,5.367512923548645e-05,0.0036896710813429934,0.003635995952107507,0.003635995952107507
2024-06-10,2298.5557254954,,2315.4013671875,4938014,,0,7.7473383282471815,7.7400362592401475,0.007302069007034007,0.007302069007034007,0.7328794122870006,Monday,1,0.0020404135573803828,0.001803524257058875,0.0002368893003215078,-0.0002368893003215078
2024-06-11,2300.8462282343,,2313.33447265625,7646414,,0,7.746445257335321,7.741032259568579,0.005412997766741867,0.005412997766741867,0.5427674508927888,Tuesday,0,0.000996000328431279,-0.0008930709118608604,0.0018890712402921395,-0.0018890712402921395
2024-06-12,2312.9532087253,,2315.602783203125,9090840,,0,7.74742531414018,7.746280432336068,0.0011448818041124298,0.0011448818041124298,0.11455374314662922,Wednesday,0,0.005248172767489123,0.0009800568048596858,0.004268115962629437,-0.004268115962629437
2024-06-13,2314.0643508899,,2295.995361328125,5570408,,0,7.738921737109944,7.746760716740285,-0.007838979630340859,0.007838979630340859,-0.7808334956124516,Thursday,0,0.0004802844042171017,-0.008503577030236187,0.008983861434453289,-0.008983861434453289
2024-06-14,2305.990132207,,2318.36474609375,7799566,,0,7.748617365314567,7.7432654216381485,0.005351943676418891,0.005351943676418891,0.5366290910753642,Friday,0,-0.003495295102136531,0.009695628204623219,0.01319092330675975,0.01319092330675975
2024-06-15,2332.4996979413,,2332.64892578125,3403092,,0,7.754759778821021,7.754695803221512,6.397559950865883e-05,6.397559950865883e-05,0.006397764599145831,Saturday,0,0.011430381583363847,0.0061424135064536145,0.005287968076910232,-0.005287968076910232
2024-06-16,2332.5775004706,,2325.277099609375,4467967,,0,7.75159449354746,7.754729158523471,-0.0031346649760113365,0.0031346649760113365,-0.31297570433360977,Sunday,0,3.335530195869296e-05,-0.0031652852735613024,0.0031986405755199954,-0.0031986405755199954
2024-06-17,2324.8887947567,,2314.56103515625,4881115,,0,7.7469753308975475,7.751427486665383,-0.004452155767835642,0.004452155767835642,-0.4442259614198369,Monday,1,-0.003301671858087829,-0.004619162649912134,0.001317490791824305,-0.001317490791824305
2024-06-18,2323.3229093579,,2318.33642578125,7402287,,0,7.748605149598501,7.750753728429867,-0.002148578831365988,0.002148578831365988,-0.21462722880944304,Tuesday,0,-0.0006737582355160754,0.001629818700953578,0.0023035769364696534,0.0023035769364696534
2024-06-19,2329.9003804494,,2317.881591796875,4131394,,0,7.748408940540122,7.753580790473786,-0.005171849933664596,0.005171849933664596,-0.5158498944150903,Wednesday,0,0.0028270620439192484,-0.00019620905837935965,0.003023271102298608,-0.003023271102298608
2024-06-20,2336.7395986463,,2341.88037109375,5454236,,0,7.75870946304679,7.756511902847608,0.002197560199181936,0.002197560199181936,0.21999766043372254,Thursday,0,0.0029311123738215983,0.01030052250666813,0.007369410132846532,0.007369410132846532
2024-06-21,2359.9410392331,,2319.721923828125,6365005,,0,7.74920259705761,7.766391914331761,-0.017189317274151072,0.017189317274151072,-1.7042423830234743,Friday,0,0.009880011484153073,-0.009506865989179936,0.01938687747333301,-0.01938687747333301
2024-06-22,2321.1517740795,,2316.939453125,2054862,,0,7.748002392509154,7.74981879581228,-0.0018164033031267124,0.0018164033031267124,-0.1814754641010175,Saturday,0,-0.016573118519480623,-0.001200204548456263,0.01537291397102436,0.01537291397102436
2024-06-23,2320.9998495992,,2311.71337890625,2509661,,0,7.7457442510459105,7.749753341474435,-0.0040090904285241535,0.0040090904285241535,-0.4001064754292664,Sunday,0,-6.54543378457717e-05,-0.002258141463243213,0.002192687125397441,-0.002192687125397441
2024-06-24,2321.7941710893,,2309.347412109375,9006535,,0,7.744720258023263,7.750095515387088,-0.005375257363824382,0.005375257363824382,-0.536083651811631,Monday,1,0.0003421739126530099,-0.0010239930226472183,0.0013661669353002281,-0.0013661669353002281
2024-06-25,2325.7588020668,,2301.913818359375,5934994,,0,7.741496150857029,7.751801631255846,-0.010305480398817402,0.010305480398817402,-1.0252560878726957,Tuesday,0,0.0017061158687585731,-0.0032241071662344467,0.00493022303499302,-0.00493022303499302
2024-06-26,2314.4022940356,,2291.6787109375,4466124,,0,7.737039889534669,7.746906744862437,-0.009866855327767432,0.009866855327767432,-0.9818337614277507,Wednesday,0,-0.004894886393409514,-0.004456261322359545,0.0004386250710499695,0.0004386250710499695
2024-06-27,2298.5847843341,,2305.677978515625,3831348,,0,7.743130046028128,7.740048901376553,0.003081144651575052,0.003081144651575052,0.3085896256630828,Thursday,0,-0.006857843485883919,0.006090156493458565,0.012947999979342484,0.012947999979342484
2024-06-28,2320.7143715807,,2306.40283203125,3432799,,0,7.743444374224605,7.749630336047881,-0.006185961823275576,0.006185961823275576,-0.6166868152629291,Friday,0,0.009581434671328104,0.0003143281964774758,0.009267106474850628,-0.009267106474850628
2024-06-29,2326.4145763832,,2304.040283203125,1796226,,0,7.742419505692072,7.752083552958842,-0.009664047266769948,0.009664047266769948,-0.9617500426282309,Saturday,0,0.002453216910961231,-0.0010248685325331408,0.003478085443494372,-0.003478085443494372
2024-06-30,2326.4806071556,,2308.783447265625,2523902,,0,7.7444760185836605,7.7521119356194435,-0.007635917035782924,0.007635917035782924,-0.7606837484715526,Sunday,0,2.8382660601344867e-05,0.002056512891588369,0.002028130230987024,0.002028130230987024
2024-07-01,2326.495762288,,2312.5146484375,4892489,,0,7.746090803825977,7.7521184497863755,-0.006027645960398509,0.006027645960398509,-0.600951614747425,Monday,1,6.51416693209228e-06,0.0016147852423165077,0.0016082710753844154,0.0016082710753844154
2024-07-02,2333.3307666695,,2318.9248046875,3720763,,0,7.748858910980561,7.75505203936995,-0.006193128389389457,0.006193128389389457,-0.6173990497953483,Tuesday,0,0.0029335895835744807,0.0027681071545835323,0.00016548242899094845,-0.00016548242899094845
2024-07-03,2330.4189114427,,2339.2001953125,25497848,,0,7.757564353050881,7.753803320718159,0.0037610323327221806,0.0037610323327221806,0.3768113890031817,Wednesday,0,-0.001248718651790881,0.008705442070320757,0.009954160722111638,0.009954160722111638
2024-07-04,2360.5950588024,,2326.449951171875,11618054,,0,7.7520987585546495,7.76666900979715,-0.014570251242500554,0.014570251242500554,-1.4464618784658494,Thursday,0,0.012865689078990883,-0.0054655944962318515,0.018331283575222734,-0.018331283575222734
2024-07-05,2359.5991324226,,2355.041015625,17520324,,0,7.764313422700128,7.766247024448992,-0.0019336017488642554,0.0019336017488642554,-0.19317335453163859,Friday,0,-0.0004219853481579605,0.012214664145478338,0.012636649493636298,0.012636649493636298
2024-07-06,2391.753425529,,2352.720947265625,5314404,,0,7.763327787247237,7.779782026784281,-0.016454239537044835,0.016454239537044835,-1.631960796909578,Saturday,0,0.01353500233528937,-0.0009856354528912092,0.01452063778818058,-0.01452063778818058
2024-07-07,2391.7625783392,,2354.632080078125,6427003,,0,7.764139764979266,7.779785853597108,-0.015646088617842224,0.015646088617842224,-1.5524324444802455,Sunday,0,3.826812826623893e-06,0.0008119777320292343,0.0008081509192026104,0.0008081509192026104
2024-07-08,2386.0346347243,,2345.114501953125,11251501,,0,7.760089507813325,7.777388118363195,-0.017298610549869586,0.017298610549869586,-1.714984861311666,Monday,1,-0.0023977352339130675,-0.00405025716594043,0.001652521932027362,-0.001652521932027362
2024-07-09,2362.5777140407,,2343.6787109375,4127677,,0,7.759477072589458,7.767508553658917,-0.008031481069458835,0.008031481069458835,-0.79993148969805,Tuesday,0,-0.009879564704277755,-0.0006124352238670028,0.009267129480410752,0.009267129480410752
2024-07-10,2365.0720483723,,2354.2451171875,5203089,,0,7.763975410346395,7.768563764890036,-0.004588354543640705,0.004588354543640705,-0.4577844126250273,Wednesday,0,0.0010552112311188466,0.0044983377569369765,0.00344312652581813,0.00344312652581813
2024-07-11,2372.1291899511,,2389.842041015625,8294266,,0,7.7789825511161474,7.771543223200706,0.007439327915441218,0.007439327915441218,0.7467068463033383,Thursday,0,0.0029794583106701467,0.01500714076975207,0.012027682459081923,0.012027682459081923
2024-07-12,2412.1058769754,,2390.119140625,4883812,,0,7.7790984933169955,7.788255452810461,-0.009156959493465067,0.009156959493465067,-0.91151622158351,Friday,0,0.01671222960975438,0.00011594220084809592,0.016596287408906285,-0.016596287408906285
2024-07-13,2411.119504486,,2388.39453125,3328311,,0,7.778376674957437,7.7878464433094985,-0.009469768352061259,0.009469768352061259,-0.9425071297262216,Saturday,0,-0.00040900950096212085,-0.0007218183595583127,0.0003128088585961919,-0.0003128088585961919
2024-07-14,2411.091018686,,2390.5791015625,6184026,,0,7.779290917484186,7.787834628893739,-0.008543711409553012,0.008543711409553012,-0.8507317626971508,Sunday,0,-1.1814415759481278e-05,0.0009142425267487653,0.0009260569425082466,0.0009260569425082466
2024-07-15,2408.0127104543,,2402.938232421875,8619201,,0,7.7844475310456716,7.786557084842646,-0.002109553796974417,0.002109553796974417,-0.210733025220099,Monday,1,-0.001277544051093038,0.005156613561485557,0.006434157612578595,0.006434157612578595
2024-07-16,2421.1820501311,,2448.17333984375,12711240,,0,7.8030974498850965,7.79201115036503,0.011086299520066234,0.011086299520066234,1.1147980264924147,Tuesday,0,0.005454065522384255,0.018649918839424906,0.013195853317040651,0.013195853317040651
2024-07-17,2467.3769586964,,2440.9853515625,6949796,,0,7.800157069376388,7.810910905300984,-0.010753835924596444,0.010753835924596444,-1.0696220146208837,Wednesday,0,0.018899754935953972,-0.0029403805087087065,0.02184013544466268,-0.02184013544466268
2024-07-18,2458.8281520087,,2425.037841796875,5519712,,0,7.79360240811452,7.807440154458402,-0.013837746343882351,0.013837746343882351,-1.3742444824466635,Thursday,0,-0.003470750842581971,-0.006554661261867878,0.003083910419285907,-0.003083910419285907
2024-07-19,2436.282680905,,2407.3359375,20281003,,0,7.786275994932763,7.798228665161762,-0.011952670228999374,0.011952670228999374,-1.1881520823456746,Friday,0,-0.009211489296640174,-0.0073264131817571965,0.0018850761148829775,0.0018850761148829775
2024-07-20,2400.0574093732,,2402.116943359375,5420077,,0,7.784105687283028,7.783247936622112,0.0008577506609164232,0.0008577506609164232,0.08581186342176206,Saturday,0,-0.014980728539650379,-0.002170307649734582,0.012810420889915797,0.012810420889915797
2024-07-21,2400.244632933,,2408.83251953125,4320179,,0,7.78689747737997,7.783325941530238,0.0035715358497316885,0.0035715358497316885,0.35779213836865903,Sunday,0,7.800490812659433e-05,0.0027917900969418596,0.0027137851888152653,0.0027137851888152653
2024-07-22,2409.2774528733,,2390.051025390625,6633934,,0,7.779069994233485,7.787082169446305,-0.00801217521282016,0.00801217521282016,-0.7980163289099562,Monday,1,0.003756227916066557,-0.007827483146485292,0.011583711062551849,-0.011583711062551849
2024-07-23,2397.1324542729,,2397.48291015625,6656986,,0,7.782174678538757,7.7820284912610145,0.00014618727774262652,0.00014618727774262652,0.014619796362335392,Tuesday,0,-0.0050536781852903445,0.0031046843052724427,0.008158362490562787,0.008158362490562787
2024-07-24,2409.6611992257,,2391.16455078125,7761483,,0,7.779535785994185,7.787241435368084,-0.007705649373898282,0.007705649373898282,-0.7676036967517853,Wednesday,0,0.005212944107069184,-0.002638892544571725,0.007851836651640909,-0.007851836651640909
2024-07-25,2397.3732460817,,2369.678955078125,10001266,,0,7.77050976296102,7.782128936155255,-0.011619173194234556,0.011619173194234556,-1.1551931285142583,Thursday,0,-0.005112499212828858,-0.009026023033165131,0.003913523820336273,-0.003913523820336273
2024-07-26,2364.788488588,,2387.425537109375,6122485,,0,7.7779708832232215,7.768443862925729,0.00952702029749286,0.00952702029749286,0.9572546817872748,Friday,0,-0.013685073229526168,0.0074611202622012485,0.021146193491727416,0.021146193491727416
2024-07-27,2387.13790997,,2384.029052734375,3682233,,0,7.776547214660639,7.777850400107682,-0.0013031854470426651,0.0013031854470426651,-0.13023366696329047,Saturday,0,0.00940653718195339,-0.0014236685625821366,0.010830205744535526,-0.010830205744535526
2024-07-28,2387.0592742624,,2392.3037109375,2892656,,0,7.78001207646606,7.77781745814715,0.002194618318910102,0.002194618318910102,0.21970282563346322,Sunday,0,-3.2941960531829295e-05,0.003464861805420938,0.003497803765952767,0.003497803765952767
2024-07-29,2398.575629848,,2386.185791015625,6327059,,0,7.777451466774581,7.782630352589248,-0.005178885814666856,0.005178885814666856,-0.5165498505944638,Monday,1,0.004812894442097537,-0.0025606096914794207,0.007373504133576958,-0.007373504133576958
2024-07-30,2381.8353613471,,2400.60693359375,4984385,,0,7.7834768733624005,7.7756266297041225,0.007850243658277911,0.007850243658277911,0.7881137609794066,Tuesday,0,-0.007003722885125185,0.006025406587819582,0.013029129472944767,0.013029129472944767
2024-07-31,2408.8688770769,,2430.6025390625,8672561,,0,7.795894464059909,7.786912570696329,0.008981893363579907,0.008981893363579907,0.9022351607603193,Wednesday,0,0.011285940992206811,0.012417590697508807,0.0011316497053019958,0.0011316497053019958
2024-08-01,2445.9565891625,,2430.110595703125,10942249,,0,7.795692047933956,7.80219156840463,-0.006499520470673481,0.006499520470673481,-0.6478444273943929,Thursday,0,0.015278997708300324,-0.00020241612595306435,0.015481413834253388,-0.015481413834253388
2024-08-02,2445.6257903957,,2454.504638671875,18935239,,0,7.805680243360602,7.802056316152235,0.00362392720836624,0.00362392720836624,0.3630501571844557,Friday,0,-0.00013525225239430227,0.009988195426645419,0.010123447679039721,0.010123447679039721
2024-08-03,2442.7707664828,,2465.737548828125,13374257,,0,7.810246250172413,7.800888234060571,0.009358016111841394,0.009358016111841394,0.9401939248844705,Saturday,0,-0.001168082091663969,0.004566006811811185,0.005734088903475154,0.005734088903475154
2024-08-04,2442.740334504,,2447.55712890625,20999019,,0,7.80284571587127,7.800875776007291,0.0019699398639794197,0.0019699398639794197,0.19718814702537144,Sunday,0,-1.2458053280539616e-05,-0.007400534301142514,0.007388076247861974,-0.007388076247861974
2024-08-05,2434.0452834653,,2393.19970703125,50971249,,0,7.780386539098708,7.797309877920548,-0.01692333882184016,0.01692333882184016,-1.6780943522915541,Monday,1,-0.0035658980867427914,-0.022459176772562373,0.01889327868581958,-0.01889327868581958
2024-08-06,2408.0231478449,,2386.966552734375,16195922,,0,7.777778613980236,7.786561419274909,-0.00878280529467279,0.00878280529467279,-0.87443491269467,Tuesday,0,-0.010748458645639225,-0.0026079251184718544,0.00814053352716737,0.00814053352716737
2024-08-07,2382.7712296577,,2373.978759765625,13010861,,0,7.772322628105842,7.776019471507432,-0.003696843401590044,0.003696843401590044,-0.3690018488824135,Wednesday,0,-0.010541947767476856,-0.005455985874394109,0.005085961893082747,0.005085961893082747
2024-08-08,2384.7776779086,,2416.65478515625,10558983,,0,7.790139542681456,7.776861182167673,0.01327836051378295,0.01327836051378295,1.3366909436860277,Thursday,0,0.0008417106602411906,0.017816914575614184,0.016975203915372994,0.016975203915372994
2024-08-09,2423.5567779976,,2419.37353515625,7195937,,0,7.791263915868025,7.792991483109862,-0.0017275672418373134,0.0017275672418373134,-0.17260758564964424,Friday,0,0.016130300942188924,0.0011243731865686613,0.015005927755620263,-0.015005927755620263
2024-08-10,2431.4300261184,,2427.374755859375,3016418,,0,7.794565604955737,7.796234851357936,-0.0016692464021996756,0.0016692464021996756,-0.16678539852939053,Saturday,0,0.003243368248074141,0.003301689087711779,5.832083963763779e-05,5.832083963763779e-05
2024-08-11,2431.3927820215,,2432.46533203125,6320104,,0,7.796660561967335,7.796219533466099,0.0004410285012363957,0.0004410285012363957,0.04411257686050902,Sunday,0,-1.5317891837618447e-05,0.002094957011598453,0.0021102749034360713,0.0021102749034360713
2024-08-12,2427.9458509805,,2466.24853515625,11378350,,0,7.810453463380744,7.794800850028103,0.0156526133526409,0.0156526133526409,1.5775757173613218,Monday,1,-0.0014186834379952273,0.013792901413409275,0.015211584851404503,0.015211584851404503
2024-08-13,2476.1037418137,,2454.680419921875,14512951,,0,7.805751856570524,7.814441531882203,-0.008689675311678968,0.008689675311678968,-0.8652029206228903,Tuesday,0,0.019640681854099284,-0.004701606810220582,0.024342288664319867,-0.024342288664319867
2024-08-14,2464.9374965799,,2444.942138671875,8484631,,0,7.80177673646407,7.809921729798274,-0.008144993334203932,0.008144993334203932,-0.8111912750635157,Wednesday,0,-0.004519802083928326,-0.003975120106453289,0.0005446819774750367,0.0005446819774750367
2024-08-15,2449.8005249923,,2451.89599609375,8522106,,0,7.804616880207805,7.803761881853627,0.0008549983541774608,0.0008549983541774608,0.08553639694630714,Thursday,0,-0.00615984794464719,0.0028401437437342025,0.008999991688381392,0.008999991688381392
2024-08-16,2457.7186374211,,2492.13525390625,16978022,,0,7.820895153677775,7.806988815478443,0.013906338199332069,0.013906338199332069,1.4003481098741022,Friday,0,0.003226933624815409,0.016278273469970017,0.013051339845154608,0.013051339845154608
2024-08-17,2507.4420881175,,2519.305908203125,8427179,,0,7.831738709314036,7.8270184241027865,0.00472028521124912,0.00472028521124912,0.47314433070443546,Saturday,0,0.020029608624343886,0.010843555636260938,0.009186052988082949,-0.009186052988082949
2024-08-18,2507.7338511971,,2504.202880859375,5042709,,0,7.825725751645245,7.827134776184332,-0.0014090245390869782,0.0014090245390869782,-0.14080323300814548,Sunday,0,0.00011635208154547882,-0.0060129576687906194,0.006129309750336098,-0.006129309750336098
2024-08-19,2506.0138066325,,2506.19775390625,8190235,,0,7.826522044515896,7.826448644871204,7.3399644691996e-05,7.3399644691996e-05,0.007340233851199173,Monday,1,-0.0006861313131283353,0.0007962928706506389,0.0014824241837789742,0.0014824241837789742
2024-08-20,2504.8073515094,,2507.479736328125,8891845,,0,7.827033438578362,7.82596710497651,0.0010663336018525982,0.0010663336018525982,0.1066902337664587,Tuesday,0,-0.00048153989469401637,0.0005113940624665858,0.0009929339571606022,0.0009929339571606022
2024-08-21,2513.4178813596,,2504.200439453125,6996363,,0,7.825724776721264,7.829398811566336,-0.003674034845071894,0.003674034845071894,-0.3667293837142953,Wednesday,0,0.003431706589826611,-0.0013086618570978814,0.004740368446924492,-0.004740368446924492
2024-08-22,2512.5868035926,,2487.035888671875,6174527,,0,7.818846874206674,7.829068100464111,-0.010221226257437266,0.010221226257437266,-1.0169167044971865,Thursday,0,-0.0003307111022250453,-0.006877902514590417,0.006547191412365372,-0.006547191412365372
2024-08-23,2487.0530237218,,2510.230224609375,10098508,,0,7.828129750871479,7.818853763930693,0.009275986940786574,0.009275986940786574,0.9319142240438071,Friday,0,-0.010214336533418411,0.009282876664805428,0.01949721319822384,0.01949721319822384
2024-08-24,2512.3841696683,,2511.534912109375,5037388,,0,7.828649363993095,7.828987449680062,-0.0003380856869670268,0.0003380856869670268,-0.03380285424410006,Saturday,0,0.010133685749369015,0.0005196131216154143,0.0096140726277536,-0.0096140726277536
2024-08-25,2512.3841696683,,2512.222412109375,5935820,,0,7.828923063521126,7.828987449680062,-6.438615893600286e-05,6.438615893600286e-05,-0.006438408619099651,Sunday,0,0.0,0.00027369952803102393,0.00027369952803102393,0.00027369952803102393
2024-08-26,2515.0076795759,,2507.93408203125,9332212,,0,7.827214618325766,7.830031136038482,-0.002816517712715516,0.002816517712715516,-0.28125550478807526,Monday,1,0.001043686358420004,-0.0017084451953595092,0.0027521315537795132,-0.0027521315537795132
2024-08-27,2516.2410780382,,2509.555419921875,10542703,,0,7.827860892900501,7.830521431210289,-0.002660538309787519,0.002660538309787519,-0.2657002214405332,Tuesday,0,0.000490295171807098,0.0006462745747350951,0.00015597940292799706,0.00015597940292799706
2024-08-28,2524.9694226203,,2500.77734375,7433491,,0,7.824356900025246,7.833984231782789,-0.009627331757542379,0.009627331757542379,-0.9581137360940637,Wednesday,0,0.0034628005724997024,-0.0035039928752551575,0.00696679344775486,-0.00696679344775486
2024-08-29,2510.0867837405,,2509.330078125,6346100,,0,7.827771095355962,7.8280726067235396,-0.0003015113675779446,0.0003015113675779446,-0.03014659175935881,Thursday,0,-0.005911625059249026,0.0034141953307154083,0.009325820389964434,0.009325820389964434
2024-08-30,2518.6905730701,,2495.7451171875,6836008,,0,7.822342607763654,7.831494431598332,-0.009151823834677941,0.009151823834677941,-0.9110073356343742,Friday,0,0.0034218248747928115,-0.005428487592307185,0.008850312467099997,-0.008850312467099997
2024-08-31,2502.8313279397,,2496.409423828125,2187025,,0,7.822608748019966,7.825177901202534,-0.002569153182568229,0.002569153182568229,-0.2565855733019467,Saturday,0,-0.006316530395798381,0.0002661402563113313,0.006582670652109712,0.006582670652109712
2024-09-01,2503.8665959909,,2492.838134765625,5718220,,0,7.821177153523804,7.825591454439292,-0.004414300915487779,0.004414300915487779,-0.4404572209611034,Sunday,0,0.0004135532367577355,-0.0014315944961618143,0.0018451477329195498,-0.0018451477329195498
2024-09-02,2502.3728750788,,2497.510009765625,7440854,,0,7.823049518428841,7.824994710729744,-0.0019451923009023986,0.0019451923009023986,-0.19433016404567105,Monday,1,-0.0005967437095479866,0.0018723649050373936,0.0024691086145853802,0.0024691086145853802
2024-09-03,2496.4263656576,,2491.306884765625,6160412,,0,7.8205627050909525,7.822615534475675,-0.002052829384722621,0.002052829384722621,-0.2050723771548691,Tuesday,0,-0.0023791762540685824,-0.0024868133378888047,0.0001076370838202223,-0.0001076370838202223
2024-09-04,2493.3800758985,,2499.984130859375,7215803,,0,7.824039663179896,7.821394529142805,0.0026451340370909904,0.0026451340370909904,0.2648635490718497,Wednesday,0,-0.0012210053328702841,0.003476958088943327,0.004697963421813611,0.004697963421813611
2024-09-05,2495.6388710728,,2510.0478515625,8772753,,0,7.828057096311636,7.822300035957932,0.005757060353704269,0.005757060353704269,0.5773664073242237,Thursday,0,0.0009055068151271328,0.004017433131740411,0.0031119263166132782,0.0031119263166132782
2024-09-06,2517.4294226074,,2501.417724609375,17143427,,0,7.824612939965361,7.830993589485695,-0.006380649520334458,0.006380649520334458,-0.6360336402774258,Friday,0,0.008693553527763243,-0.0034441563462754843,0.012137709874038727,-0.012137709874038727
2024-09-07,2496.8552108619,,2494.233154296875,3603814,,0,7.821736607955785,7.822787303361039,-0.001050695405254487,0.001050695405254487,-0.10501436181075095,Saturday,0,-0.008206286124655904,-0.0028763320095759326,0.005329954115079971,0.005329954115079971
2024-09-08,2497.7907041222,,2498.377197265625,2549395,,0,7.823396678992229,7.823161901795909,0.00023477719632047922,0.00023477719632047922,0.023480475864407685,Sunday,0,0.00037459843486953304,0.0016600710364444993,0.0012854726015749662,0.0012854726015749662
2024-09-09,2497.9891187594,,2507.87744140625,5887656,,0,7.827192033495879,7.823241334695011,0.003950698800868402,0.003950698800868402,0.39585130986323463,Monday,1,7.943289910183893e-05,0.0037953545036497616,0.0037159216045479226,0.0037159216045479226
2024-09-10,2506.5269962984,,2517.756103515625,6867360,,0,7.831123348719785,7.826653407161575,0.004469941558210344,0.004469941558210344,0.44799466488125456,Tuesday,0,0.0034120724665642754,0.003931315223906218,0.0005192427573419423,0.0005192427573419423
2024-09-11,2518.484416374,,2513.696533203125,7255170,,0,7.829509671125451,7.831412577504858,-0.0019029063794073764,0.0019029063794073764,-0.1901097000936896,Wednesday,0,0.0047591703432834365,-0.001613677594334284,0.0063728479376177205,-0.0063728479376177205
2024-09-12,2512.0869061489,,2553.3056640625,10650025,,0,7.845144137478765,7.828869123386503,0.01627501409226184,0.01627501409226184,1.6408173543959639,Thursday,0,-0.002543454118355548,0.01563446635331367,0.018177920471669218,0.018177920471669218
2024-09-13,2558.1669608132,,2580.45361328125,7935073,,0,7.855720481562556,7.847046250068681,0.008674231493874807,0.008674231493874807,0.8711961654357886,Friday,0,0.01817712668217819,0.010576344083791156,0.007600782598387035,-0.007600782598387035
2024-09-14,2579.972038263,,2579.447509765625,3182558,,0,7.855330511481974,7.855533839974375,-0.00020332849240123352,0.00020332849240123352,-0.02033078225638356,Saturday,0,0.00848758990569376,-0.00038997008058228033,0.00887755998627604,-0.00887755998627604
2024-09-15,2579.5913566148,,2578.1220703125,4704286,,0,7.854816533158764,7.855386276461823,-0.0005697433030595889,0.0005697433030595889,-0.05695810301629633,Sunday,0,-0.00014756351255140743,-0.0005139783232097628,0.00036641481065835535,-0.00036641481065835535
2024-09-16,2581.3872684947,,2593.556640625,8774730,,0,7.860785433007383,7.856082234373236,0.004703198634146588,0.004703198634146588,0.4714276032435986,Monday,1,0.0006959579114127479,0.005968899848618925,0.005272941937206177,0.005272941937206177
2024-09-17,2583.769688971,,2581.181396484375,9452993,,0,7.85600247872298,7.857004731275023,-0.0010022525520430037,0.0010022525520430037,-0.10017504647079638,Tuesday,0,0.0009224969017864737,-0.004782954284403118,0.005705451186189592,-0.005705451186189592
2024-09-18,2573.2223279531,,2578.983642578125,10674137,,0,7.855150663316882,7.852914216614503,0.0022364467023789913,0.0022364467023789913,0.22389494146850436,Wednesday,0,-0.00409051466051924,-0.0008518154060972449,0.003238699254421995,0.003238699254421995
2024-09-19,2558.0917045179,,2588.07958984375,11477132,,0,7.858671408565129,7.847016831581373,0.011654576983755938,0.011654576983755938,1.1722756175194147,Thursday,0,-0.005897385033130753,0.003520745248246193,0.009418130281376946,0.009418130281376946
2024-09-20,2586.3116867666,,2625.094970703125,9051661,,0,7.872872353686745,7.857988080594191,0.014884273092554245,0.014884273092554245,1.4995595517341476,Friday,0,0.010971249012817985,0.014200945121616293,0.003229696108798308,0.003229696108798308
2024-09-21,2622.5944907682,,2631.0361328125,3969475,,0,7.875133014436107,7.871919370419528,0.003213644016579309,0.003213644016579309,0.3218813306447237,Saturday,0,0.013931289825337423,0.0022606607493624864,0.011670629075974936,-0.011670629075974936
2024-09-22,2622.60687123,,2621.77294921875,5997698,,0,7.871606066073267,7.871924091100755,-0.00031802502748856654,0.00031802502748856654,-0.03179744628895479,Sunday,0,4.720681227254886e-06,-0.0035269483628406206,0.0035316690440678755,-0.0035316690440678755
2024-09-23,2620.2113672106,,2627.251953125,6875361,,0,7.87369369415584,7.871010268008992,0.0026834261468478005,0.0026834261468478005,0.26870297574103724,Monday,1,-0.000913823091763355,0.002087628082573012,0.003001451174336367,0.003001451174336367
2024-09-24,2625.4492143606,,2652.767578125,8353678,,0,7.883358743110032,7.873007289665008,0.01035145344502375,0.01035145344502375,1.0405215082803743,Tuesday,0,0.001997021656015896,0.009665048954191846,0.00766802729817595,0.00766802729817595
2024-09-25,2657.8843081434,,2652.16943359375,8844128,,0,7.883133238252024,7.885285712420494,-0.0021524741684695314,0.0021524741684695314,-0.2150159257173297,Wednesday,0,0.012278422755485963,-0.00022550485800731934,0.012503927613493282,-0.012503927613493282
2024-09-26,2656.8215487357,,2662.09326171875,9278081,,0,7.886868032796192,7.88488578081544,0.001982251980752636,0.001982251980752636,0.1984217941004914,Thursday,0,-0.00039993160505424896,0.0037347945441679187,0.004134726149222168,0.004134726149222168
2024-09-27,2671.8136484791,,2653.997802734375,9212530,,0,7.883822386984642,7.89051278988876,-0.006690402904117931,0.006690402904117931,-0.6668071987305808,Friday,0,0.005627009073320366,-0.0030456458115502016,0.008672654884870568,-0.008672654884870568
2024-09-28,2656.8751959445,,2659.19189453125,3648949,,0,7.885777556571063,7.88490597286304,0.0008715837080233158,0.0008715837080233158,0.08719636474782044,Saturday,0,-0.00560681702572019,0.001955169586421057,0.007561986612141247,0.007561986612141247
2024-09-29,2657.0770982805,,2663.71826171875,4015672,,0,7.887478268454467,7.884981962380792,0.0024963060736755693,0.0024963060736755693,0.2499424439941003,Sunday,0,7.598951775200646e-05,0.00170071188340426,0.0016247223656522536,0.0016247223656522536
2024-09-30,2664.9156394305,,2635.931640625,11618048,,0,7.876991962291064,7.887927681100979,-0.010935718809914619,0.010935718809914619,-1.0876141209368269,Monday,1,0.002945718720186896,-0.010486306163403292,0.013432024883590188,-0.013432024883590188
2024-10-01,2636.5926364186,,2680.868408203125,31428317,,0,7.893896053929191,7.877242694487761,0.016653359441429316,0.016653359441429316,1.6792799605428215,Tuesday,0,-0.010684986613217262,0.016904091638126673,0.027589078251343935,0.027589078251343935
2024-10-02,2659.4987855399,,2670.120361328125,15464946,,0,7.889878829527372,7.8858929575324845,0.003985871994887091,0.003985871994887091,0.39938261472335307,Wednesday,0,0.008650263044723161,-0.004017224401819064,0.012667487446542225,-0.012667487446542225
2024-10-03,2660.805798428,,2665.703857421875,10704534,,0,7.888223413331571,7.8863842876410395,0.0018391256905312403,0.0018391256905312403,0.18408179194321048,Thursday,0,0.0004913301085549548,-0.0016554161958008962,0.002146746304355851,-0.002146746304355851
2024-10-04,2656.9514351789,,2663.795654296875,12827120,,0,7.887507322373181,7.884934667526866,0.002572654846314748,0.002572654846314748,0.25759669624952447,Friday,0,-0.0014496201141733778,-0.00071609095838987,0.0007335291557835077,0.0007335291557835077
2024-10-05,2653.1574962047,,2685.0888671875,10607935,,0,7.895469104044226,7.8835057176997365,0.011963386344489457,0.011963386344489457,1.2035233878304452,Saturday,0,-0.0014289498271295997,0.00796178167104511,0.00939073149817471,0.00939073149817471
2024-10-06,2653.2490095421,,2678.7548828125,4960866,,0,7.893107369581273,7.883540209341985,0.009567160239288164,0.009567160239288164,0.9613071814470193,Sunday,0,3.449164224811341e-05,-0.00236173446295318,0.0023962261052012934,-0.0023962261052012934
2024-10-07,2650.1881501077,,2657.594970703125,13167877,,0,7.885176846436682,7.8823859165005254,0.0027909299361565942,0.0027909299361565942,0.279482820686673,Monday,1,-0.0011542928414591813,-0.007930523144590751,0.00677623030313157,-0.00677623030313157
2024-10-08,2643.8212311535,,2632.139892578125,9874329,,0,7.87555244170834,7.8799805856575365,-0.004428143949196439,0.004428143949196439,-0.44183541752852534,Tuesday,0,-0.0024053308429889952,-0.009624404728342029,0.007219073885353033,-0.007219073885353033
2024-10-09,2623.0086118619,,2619.890380859375,5962171,,0,7.870887756513201,7.872077263072273,-0.0011895065590721288,0.0011895065590721288,-0.1188799376572275,Wednesday,0,-0.007903322585263162,-0.004664685195138851,0.0032386373901243104,0.0032386373901243104
2024-10-10,2606.9419736428,,2643.265869140625,8179651,,0,7.879770503241876,7.865933155781226,0.013837347460650129,0.013837347460650129,1.3933526662685192,Thursday,0,-0.006144107291047085,0.008882746728675173,0.015026854019722258,0.015026854019722258
2024-10-11,2633.4979357326,,2668.50439453125,7073392,,0,7.889273442589675,7.876068255073735,0.013205187515940686,0.013205187515940686,1.3292761055045823,Friday,0,0.010135099292508443,0.009502939347799,0.0006321599447094428,-0.0006321599447094428
2024-10-12,2657.5254876626,,2660.60888671875,3618264,,0,7.886310280362528,7.885150701012106,0.001159579350422213,0.001159579350422213,0.11602519224987759,Saturday,0,0.009082445938370931,-0.002963162227147542,0.012045608165518473,-0.012045608165518473
2024-10-13,2657.5050067394,,2662.69970703125,4664495,,0,7.8870958145404515,7.8851429942178655,0.0019528203225860352,0.0019528203225860352,0.19547283179810931,Sunday,0,-7.706794240114334e-06,0.0007855341779237079,0.0007932409721638223,0.0007932409721638223
2024-10-14,2646.1662872064,,2660.19677734375,8528163,,0,7.886155375484641,7.880867187449459,0.005288188035182273,0.005288188035182273,0.5302195181453386,Monday,1,-0.004275806768406554,-0.000940439055810316,0.0033353677125962378,0.0033353677125962378
2024-10-15,2648.895053162,,2670.37744140625,8892917,,0,7.889975105225937,7.881897870956886,0.008077234269051381,0.008077234269051381,0.8109943132177517,Tuesday,0,0.001030683507426744,0.003819729741295852,0.002789046233869108,0.002789046233869108
2024-10-16,2660.2140514634,,2678.089599609375,8740919,,0,7.89285898334989,7.886161869013132,0.006697114336757792,0.006697114336757792,0.6719590153334218,Wednesday,0,0.004263998056246443,0.0028838781239528544,0.0013801199322935886,-0.0013801199322935886
2024-10-17,2674.8395497496,,2704.6826171875,8283512,,0,7.9027398524881525,7.891644676129132,0.011095176359020797,0.011095176359020797,1.1156956102542233,Thursday,0,0.005482807115999577,0.009880869138262582,0.004398062022263005,0.004398062022263005
2024-10-18,2694.1106740665,,2727.031982421875,11265700,,0,7.910969110837642,7.898823437814119,0.01214567302352254,0.01214567302352254,1.221973123534805,Friday,0,0.007178761684987656,0.008229258349489399,0.0010504966645017433,0.0010504966645017433
2024-10-19,2722.055042675,,2739.77685546875,6399247,,0,7.915631756455785,7.909142404415852,0.006489352039933394,0.006489352039933394,0.6510453505133548,Saturday,0,0.010318966601732704,0.004662645618143557,0.005656320983589147,-0.005656320983589147
2024-10-20,2722.0535607591,,2741.138671875,7082865,,0,7.916128686732299,7.9091418600050005,0.006986826727298556,0.006986826727298556,0.7011291545114818,Sunday,0,-5.444108515106905e-07,0.0004969302765136518,0.0004974746873651625,0.0004974746873651625
2024-10-21,2723.7907322476,,2734.385009765625,11463448,,0,7.913661830253565,7.909779840620661,0.0038819896329034265,0.0038819896329034265,0.3889534314291106,Monday,1,0.0006379806156608936,-0.002466856478734236,0.0031048370943951298,-0.0031048370943951298
2024-10-22,2722.6953813012,,2759.054931640625,12010130,,0,7.922643484001189,7.909377617631992,0.013265866369197354,0.013265866369197354,1.335424836327021,Tuesday,0,-0.00040222298866954276,0.008981653747624385,0.009383876736293928,0.009383876736293928
2024-10-23,2742.5865827728,,2737.4228515625,15909991,,0,7.914772191650009,7.91665676239773,-0.0018845707477215257,0.0018845707477215257,-0.18827960592876572,Wednesday,0,0.007279144765738543,-0.007871292351180337,0.01515043711691888,-0.01515043711691888
2024-10-24,2720.172088967,,2753.617431640625,11620423,,0,7.920670755928458,7.908450425291281,0.012220330637177312,0.012220330637177312,1.2295303965980333,Thursday,0,-0.008206337106449801,0.005898564278449037,0.014104901384898838,0.014104901384898838
2024-10-25,2732.6137450471,,2760.320068359375,18140632,,0,7.923101918784441,7.913013845917024,0.01008807286741753,0.01008807286741753,1.0139129016127135,Friday,0,0.00456342062574322,0.0024311628559834375,0.002132257769759782,-0.002132257769759782
2024-10-26,2742.9499329349,,2758.46826171875,9988606,,0,7.922430827015971,7.916789238104196,0.005641588911774242,0.005641588911774242,0.5657532643056903,Saturday,0,0.0037753921871725993,-0.0006710917684706885,0.004446483955643288,-0.004446483955643288
2024-10-27,2742.9627234109,,2748.128173828125,7714156,,0,7.9186752948411625,7.91679390112995,0.0018813937112120982,0.0018813937112120982,0.18831646427924897,Sunday,0,4.6630257539703734e-06,-0.003755532174808174,0.003760195200562144,-0.003760195200562144
2024-10-28,2732.3822821403,,2751.239990234375,9446877,,0,7.919806994573035,7.912929138478707,0.006877856094328116,0.006877856094328116,0.690156286597772,Monday,1,-0.0038647626512435806,0.0011316997318724376,0.004996462383116018,0.004996462383116018
2024-10-29,2740.3626924831,,2765.530029296875,14896879,,0,7.924987587917408,7.915845560141424,0.00914202777598394,0.00914202777598394,0.9183943746865951,Tuesday,0,0.002916421662717106,0.00518059334437293,0.0022641716816558244,0.0022641716816558244
2024-10-30,2766.245607202,,2784.50537109375,10582522,,0,7.931825531953613,7.925246303366529,0.0065792285870838185,0.0065792285870838185,0.660091925467869,Wednesday,0,0.009400743225104868,0.006837944036204746,0.0025627991889001223,-0.0025627991889001223
2024-10-31,2785.5595478814,,2750.898193359375,13513062,,0,7.919682753100344,7.932204047039368,-0.01252129393902468,0.01252129393902468,-1.244322870368613,Thursday,0,0.006957743672839634,-0.012142778853268865,0.0191005225261085,-0.0191005225261085
2024-11-01,2746.6513513387,,2745.2119140625,10209962,,0,7.917613550986632,7.918137758250942,-0.0005242072643101281,0.0005242072643101281,-0.05240698916876815,Friday,0,-0.01406628878842664,-0.0020692021137120875,0.011997086674714552,0.011997086674714552
2024-11-02,2735.9429304192,,2750.882080078125,5058721,,0,7.919676895621328,7.9142314197599815,0.005445475861346694,0.005445475861346694,0.5460329414340569,Saturday,0,-0.003906338490960337,0.0020633446346964845,0.005969683125656822,0.005969683125656822
2024-11-03,2736.2805628857,,2745.12548828125,7759531,,0,7.917582068119578,7.914354818399435,0.0032272497201430994,0.0032272497201430994,0.32324628970876135,Sunday,0,0.0001233986394533204,-0.0020948275017502738,0.002218226141203594,-0.002218226141203594
2024-11-04,2738.787336176,,2743.384521484375,6551082,,0,7.916947663936233,7.915270523377593,0.0016771405586393229,0.0016771405586393229,0.16785477454390238,Monday,1,0.0009157049781585158,-0.0006344041833452607,0.0015501091615037765,-0.0015501091615037765
2024-11-05,2735.6315738936,,2735.540771484375,8052098,,0,7.914084417974923,7.914117611010529,-3.319303560633813e-05,3.319303560633813e-05,-0.003319248472329777,Tuesday,0,-0.0011529123670639407,-0.0028632459613096017,0.001710333594245661,-0.001710333594245661
2024-11-06,2744.3312407808,,2656.834228515625,42693155,,0,7.884890553341345,7.9172926961306205,-0.03240214278927578,0.03240214278927578,-3.188281755677595,Wednesday,0,0.0031750851200911256,-0.029193864633578315,0.03236894975366944,-0.03236894975366944
2024-11-07,2663.2066286148,,2708.588134765625,21764323,,0,7.904182794633379,7.887286175223924,0.016896619409455305,0.016896619409455305,1.7040174676355813,Thursday,0,-0.030006520906696643,0.01929224129203444,0.04929876219873108,0.04929876219873108
2024-11-08,2708.2348212917,,2672.843994140625,11460131,,0,7.890898350851945,7.9040523441913795,-0.013153993339434678,0.013153993339434678,-1.3067857658737,Friday,0,0.01676616896745564,-0.01328444378143434,0.030050612748889982,-0.030050612748889982
2024-11-09,2684.4030545285,,2667.595458984375,8504898,,0,7.888932768471642,7.895213656164714,-0.006280887693071335,0.006280887693071335,-0.62612041495673,Saturday,0,-0.008838688026665764,-0.001965582380302422,0.006873105646363342,0.006873105646363342
2024-11-10,2684.4088193567,,2664.97265625,23203473,,0,7.887949076228358,7.895215803689468,-0.007266727461110456,0.007266727461110456,-0.724038863475262,Sunday,0,2.1475247544699982e-06,-0.0009836922432846507,0.0009858397680391207,-0.0009858397680391207
2024-11-11,2684.415304818,,2607.20068359375,28101896,,0,7.866032389717913,7.895218219660322,-0.029185829942409036,0.029185829942409036,-2.876403702723083,Monday,1,2.415970853597571e-06,-0.021916686510444983,0.02191910248129858,-0.02191910248129858
2024-11-12,2622.7753946949,,2562.959716796875,42131121,,0,7.8489180090329365,7.871988347033465,-0.0230703380005286,0.0230703380005286,-2.280625249840858,Tuesday,0,-0.023229872626856718,-0.017114380684976283,0.006115491941880435,0.006115491941880435
2024-11-13,2598.3305726071,,2567.4638671875,24685087,,0,7.850673868553734,7.862624430324332,-0.011950561770597723,0.011950561770597723,-1.1879437414550744,Wednesday,0,-0.009363916709133058,0.00175585952079782,0.011119776229930878,0.011119776229930878
2024-11-14,2572.103123845,,2557.989013671875,17583202,,0,7.846976687239758,7.852479179361278,-0.005502492121519431,0.005502492121519431,-0.5487381140467669,Thursday,0,-0.010145250963054409,-0.0036971813139761167,0.006448069649078292,0.006448069649078292
2024-11-15,2566.7680540048,,2571.04052734375,13317246,,0,7.852065970402541,7.850402819953811,0.0016631504487296667,0.0016631504487296667,0.16645342504882335,Friday,0,-0.0020763594074661995,0.005089283162782898,0.007165642570249098,0.007165642570249098
2024-11-16,2562.6779779856,,2563.19970703125,11312181,,0,7.849011642575988,7.848808075858438,0.0002035667175501743,0.0002035667175501743,0.02035874386605412,Saturday,0,-0.0015947440953736347,-0.003054327826553127,0.0014595837311794924,-0.0014595837311794924
2024-11-17,2563.0687930227,,2579.77099609375,9139585,,0,7.8554559127721815,7.848960566824268,0.006495345947913123,0.006495345947913123,0.6516486454252609,Sunday,0,0.0001524909658305873,0.006444270196193536,0.006291779230362948,0.006291779230362948
2024-11-18,2571.9331112212,,2621.06201171875,17755706,,0,7.871334862608098,7.852413078495696,0.018921784112402307,0.018921784112402307,1.9101935537593693,Monday,1,0.0034525116714272386,0.015878949835916423,0.012426438164489184,0.012426438164489184
2024-11-19,2611.875099088,,2645.53271484375,17856118,,0,7.880627728491029,7.867823671139676,0.012804057351353038,0.012804057351353038,1.2886380274272127,Tuesday,0,0.015410592643980259,0.00929286588293099,0.006117726761049269,-0.006117726761049269
2024-11-20,2636.3055657419,,2653.02392578125,15525454,,0,7.883455372484278,7.877133809140092,0.006321563344185321,0.006321563344185321,0.6341586596258322,Wednesday,0,0.009310138000416579,0.002827643993248863,0.006482494007167716,-0.006482494007167716
2024-11-21,2652.3271252965,,2671.8798828125,22850043,,0,7.890537579608836,7.883192694112178,0.007344885496658016,0.007344885496658016,0.7371925329087811,Thursday,0,0.006058884972085288,0.007082207124557982,0.0010233221524726943,0.0010233221524726943
2024-11-22,2670.8645535142,,2723.926025390625,17417294,,0,7.909829510289285,7.890157501795785,0.019672008493500037,0.019672008493500037,1.9866777522135737,Friday,0,0.006964807683607077,0.0192919306804491,0.012327122996842022,0.012327122996842022
2024-11-23,2713.2896656495,,2726.260009765625,13593973,,0,7.910685989133353,7.9059170764580005,0.00476891267535251,0.00476891267535251,0.47803020371657323,Saturday,0,0.01575957466221567,0.0008564788440681426,0.014903095818147527,-0.014903095818147527
2024-11-24,2714.0650995655,,2732.019775390625,13487844,,0,7.912796459094434,7.906202826682491,0.006593632411942885,0.006593632411942885,0.6615418262443049,Sunday,0,0.0002857502244903998,0.0021104699610807742,0.0018247197365903745,0.0018247197365903745
2024-11-25,2718.5186030947,,2630.94677734375,27367670,,0,7.875099051775915,7.907842379709407,-0.032743327933491884,0.032743327933491884,-3.2213068415739525,Monday,1,0.0016395530269157632,-0.037697407318519005,0.03933696034543477,-0.03933696034543477
2024-11-26,2611.0444569484,,2636.157470703125,16832547,,0,7.877077632344621,7.867505595344063,0.009572037000557643,0.009572037000557643,0.961799546840175,Tuesday,0,-0.04033678436534327,0.0019785805687062563,0.042315364934049526,0.042315364934049526
2024-11-27,2632.1587149591,,2646.888427734375,15566806,,0,7.881140050879499,7.875559592663246,0.0055804582162535254,0.0055804582162535254,0.55960579776451,Wednesday,0,0.008053997319182216,0.004062418534878098,0.003991578784304117,-0.003991578784304117
2024-11-28,2636.7671336469,,2636.988037109375,8230942,,0,7.877392649789859,7.8773088751528295,8.377463702924359e-05,8.377463702924359e-05,0.008377814622152452,Thursday,0,0.0017492824895839476,-0.0037474010896403342,0.005496683579224282,-0.005496683579224282
2024-11-29,2637.9085394903,,2638.99853515625,12580014,,0,7.878154781427857,7.8777416622783125,0.0004131191495444497,0.0004131191495444497,0.041320449501279444,Friday,0,0.0004327871254830029,0.000762131637998209,0.00032934451251520613,0.00032934451251520613
2024-11-30,2650.3742858566,,2639.064697265625,6881879,,0,7.878179852029123,7.882456148952732,-0.004276296923609202,0.004276296923609202,-0.4267166585235687,Saturday,0,0.00471448667441976,2.5070601266108383e-05,0.004689416073153652,-0.004689416073153652
2024-12-01,2650.2338036262,,2655.36669921875,9481179,,0,7.884338040605411,7.8824031428718975,0.0019348977335136297,0.0019348977335136297,0.1936770856038047,Sunday,0,-5.30060808348054e-05,0.006158188576288026,0.006211194657122832,0.006211194657122832
2024-12-02,2645.7903227044,,2638.77587890625,18438948,,0,7.878070406374032,7.880725098414969,-0.0026546920409362684,0.0026546920409362684,-0.2651171462060536,Monday,1,-0.0016780444569288733,-0.006267634231378771,0.004589589774449898,-0.004589589774449898
2024-12-03,2641.9164884914,,2637.703125,16887198,,0,7.877663789036888,7.879259875381856,-0.0015960863449677731,0.0015960863449677731,-0.1594813276556583,Tuesday,0,-0.0014652230331124727,-0.0004066173371439774,0.0010586056959684953,0.0010586056959684953
2024-12-04,2643.1217382226,,2641.351318359375,21812872,,0,7.87904592819809,7.8797159741650225,-0.0006700459669328751,0.0006700459669328751,-0.06698215362624789,Wednesday,0,0.00045609878316632546,0.0013821391612012235,0.000926040378034898,0.000926040378034898
2024-12-05,2649.1553962766,,2632.881591796875,34717742,,0,7.875834187652154,7.88199614979258,-0.006161962140426525,0.006161962140426525,-0.6143016186441193,Thursday,0,0.002280175627557668,-0.0032117405459359816,0.0054919161734936495,-0.0054919161734936495
2024-12-06,2632.2217636307,,2631.771240234375,18057843,,0,7.875412373863329,7.875583545594406,-0.0001711717310772798,0.0001711717310772798,-0.017115708203233028,Friday,0,-0.006412604198174243,-0.0004218137888249984,0.005990790409349245,0.005990790409349245
2024-12-07,2633.1123888728,,2627.046142578125,7900307,,0,7.873615354273621,7.875921843307257,-0.002306489033635728,0.002306489033635728,-0.23038311316713916,Saturday,0,0.00033829771285098786,-0.0017970195897074603,0.002135317302558448,-0.002135317302558448
2024-12-08,2633.1179355091,,2626.6787109375,6887779,,0,7.8734754795556,7.875923949799361,-0.0024484702437614914,0.0024484702437614914,-0.24454751854306472,Sunday,0,2.10649210430347e-06,-0.0001398747180214599,0.00014198121012576337,-0.00014198121012576337
2024-12-09,2635.9893737996,,2654.740478515625,33062687,,0,7.8841021806933345,7.877013864430509,0.007088316262825245,0.007088316262825245,0.7113497839711191,Monday,1,0.0010899146311480479,0.010626701137734784,0.009536786506586736,0.009536786506586736
2024-12-10,2659.1006389819,,2689.274169921875,38748359,,0,7.897026610878633,7.8857432389592415,0.011283371919391882,0.011283371919391882,1.1347269260003539,Tuesday,0,0.008729374528732237,0.012924430185298874,0.0041950556565666375,0.0041950556565666375
2024-12-11,2694.8345142547,,2702.18701171875,28404255,,0,7.901816728456225,7.89909207672851,0.0027246517277150772,0.0027246517277150772,0.2728366964708936,Wednesday,0,0.013348837769268762,0.004790117577591957,0.008558720191676805,-0.008558720191676805
2024-12-12,2720.333404062,,2678.10986328125,21434493,,0,7.8928665497865085,7.908509726801133,-0.015643177014624143,0.015643177014624143,-1.5521458038085354,Thursday,0,0.009417650072622408,-0.008950178669716813,0.01836782874233922,-0.01836782874233922
2024-12-13,2679.8414820167,,2662.07470703125,13085042,,0,7.886861062810418,7.893512923254329,-0.006651860443911417,0.006651860443911417,-0.6629785793180448,Friday,0,-0.014996803546803328,-0.0060054869760906016,0.008991316570712726,0.008991316570712726
2024-12-14,2648.5526851424,,2649.125732421875,8318598,,0,7.881984952253602,7.881768613232415,0.00021633902118711745,0.00021633902118711745,0.021636242416074095,Saturday,0,-0.011744310021914117,-0.004876110556815583,0.0068681994650985345,0.0068681994650985345
2024-12-15,2647.8128271704,,2656.512451171875,8254649,,0,7.884769432938879,7.881489229955301,0.0032802029835776736,0.0032802029835776736,0.32855887365618514,Sunday,0,-0.0002793832771139648,0.0027844806852765913,0.003063863962390556,0.003063863962390556
2024-12-16,2651.0249127415,,2655.25146484375,14599538,,0,7.884294642879776,7.882701603733175,0.0015930391466003613,0.0015930391466003613,0.1594308707525207,Monday,1,0.0012123737778741983,-0.000474790059103114,0.0016871638369773123,-0.0016871638369773123
2024-12-17,2652.6592112795,,2655.465087890625,13353510,,0,7.884375092681556,7.8833178917893685,0.0010572008921876375,0.0010572008921876375,0.1057759926037184,Tuesday,0,0.0006162880561930706,8.044980178034677e-05,0.0005358382544127238,-0.0005358382544127238
2024-12-18,2647.4448054088,,2600.058349609375,21444781,,0,7.863289165915204,7.8813502294428694,-0.018061063527665233,0.018061063527665233,-1.7898940027989794,Wednesday,0,-0.001967662346499033,-0.021085926766351903,0.01911826441985287,-0.01911826441985287
2024-12-19,2589.8617272824,,2606.9990234375,26204313,,0,7.865955039340988,7.859359766118787,0.0065952732222012145,0.0065952732222012145,0.6617069928703357,Thursday,0,-0.021990463324082832,0.002665873425783616,0.024656336749866448,0.024656336749866448
2024-12-20,2593.66435234,,2626.906005859375,24998371,,0,7.873562009014728,7.860826962649232,0.012735046365496494,0.012735046365496494,1.2816482398497173,Friday,0,0.0014671965304451362,0.007606969673740416,0.00613977314329528,0.00613977314329528
2024-12-21,2622.9700834524,,2623.895751953125,9454243,,0,7.872415420598374,7.872062574331911,0.00035284626646348016,0.00035284626646348016,0.03529085240295668,Saturday,0,0.011235611682678837,-0.0011465884163541773,0.012382200099033014,-0.012382200099033014
2024-12-22,2623.4139167386,,2621.4501953125,7846014,,0,7.871482953286433,7.872231770215111,-0.0007488169286773427,0.0007488169286773427,-0.07485366352487151,Sunday,0,0.00016919588319996848,-0.0009324673119408544,0.001101663195140823,-0.001101663195140823
2024-12-23,2624.8696424114,,2617.943359375,17978457,,0,7.87014431116132,7.8727865137588715,-0.0026422025975518793,0.0026422025975518793,-0.2638715052545253,Monday,1,0.0005547435437609494,-0.0013386421251135872,0.0018933856688745365,-0.0018933856688745365
2024-12-24,2615.7488483512,,2628.02734375,9519589,,0,7.873988784325866,7.869305701986263,0.0046830823396035726,0.0046830823396035726,0.4694065107412502,Tuesday,0,-0.0034808117726088383,0.0038444731645466135,0.007325284937155452,0.007325284937155452
2024-12-25,2616.2812753534,,2633.787841796875,8371193,,0,7.876178333044368,7.8695092279566605,0.006669105087707905,0.006669105087707905,0.6691393088501295,Wednesday,0,0.00020352597039785536,0.002189548718502188,0.0019860227481043324,0.0019860227481043324
2024-12-26,2618.9878188258,,2650.513427734375,11188321,,0,7.882508646528733,7.870543193418545,0.011965453110188484,0.011965453110188484,1.203732552017342,Thursday,0,0.0010339654618842786,0.006330313484364858,0.005296348022480579,0.005296348022480579
2024-12-27,2632.9785833522,,2639.68994140625,11341755,,0,7.878416742805962,7.875871025529389,0.002545717276572823,0.002545717276572823,0.2548960366212056,Friday,0,0.0053278321108445326,-0.004091903722771129,0.009419735833615661,-0.009419735833615661
2024-12-28,2620.604133112,,2651.573486328125,7969012,,0,7.882908511195253,7.871160155331723,0.011748355863529625,0.011748355863529625,1.1817638850835708,Saturday,0,-0.004710870197666139,0.004491768389290662,0.009202638586956802,0.009202638586956802
2024-12-29,2621.6216145362,,2645.277587890625,6269720,,0,7.880531286948534,7.871548342138609,0.008982944809925009,0.008982944809925009,0.9023412541023792,Sunday,0,0.00038818680688557095,-0.002377224246719045,0.002765411053604616,-0.002765411053604616
2024-12-30,2624.623005713,,2618.487548828125,11097155,,0,7.870352158630187,7.872692547840596,-0.002340389210409022,0.002340389210409022,-0.2337652634881315,Monday,1,0.0011442057019870333,-0.010179128318346997,0.01132333402033403,-0.01132333402033403
2024-12-31,2605.3899786801,,2627.802978515625,9685018,,0,7.873903406670671,7.865337646890863,0.008565759779807891,0.008565759779807891,0.86025508729713,Tuesday,0,-0.007354900949732901,0.003551248040484012,0.010906148990216913,0.010906148990216913
2025-01-01,2624.3970775764,,2623.677734375,5068766,,0,7.87233232787797,7.872606463911346,-0.0002741360333757825,0.0002741360333757825,-0.027409846152716497,Wednesday,0,0.007268817020483098,-0.0015710787927005754,0.008839895813183674,-0.008839895813183674
2025-01-02,2625.5477877266,,2653.01806640625,16231294,,0,7.883453163917135,7.8730448342935695,0.010408329623565749,0.010408329623565749,1.0462684704526377,Thursday,0,0.00043837038222349634,0.011120836039165027,0.010682465656941531,0.010682465656941531
2025-01-03,2660.8447383791,,2646.81640625,17550024,,0,7.881112840641438,7.886398922180016,-0.0052860815385775695,0.0052860815385775695,-0.5272134794924378,Friday,0,0.013354087886446209,-0.0023403232756971093,0.015694411162143318,-0.015694411162143318
2025-01-04,2639.6806831071,,2647.27978515625,9406250,,0,7.8812878956048085,7.8784132354563905,0.0028746601484179735,0.0028746601484179735,0.2878795945957155,Saturday,0,-0.007985686723625207,0.00017505496337033577,0.008160741686995543,0.008160741686995543
2025-01-05,2640.1218257815,,2645.312744140625,8115993,,0,7.880544577053341,7.878580341205018,0.001964235848322282,0.001964235848322282,0.19661662232531926,Sunday,0,0.00016710574862788263,-0.0007433185514678087,0.0009104243000956913,-0.0009104243000956913
2025-01-06,2640.9710745002,,2656.01318359375,15780697,,0,7.884581474286471,7.8789019597571075,0.005679514529363772,0.005679514529363772,0.5695673549320055,Monday,1,0.00032161855208912016,0.00403689723313061,0.0037152786810414895,0.0037152786810414895
2025-01-07,2634.5823712717,,2650.41650390625,19468966,,0,7.882472077915533,7.876479955538125,0.00599212237740776,0.00599212237740776,0.6010111054871593,Tuesday,0,-0.002422004218982643,-0.0021093963709386543,0.00031260784804398867,0.00031260784804398867
2025-01-08,2649.4600135546,,2665.394287109375,21640845,,0,7.888107275791253,7.88211112974669,0.005996146044562778,0.005996146044562778,0.6014158912855929,Wednesday,0,0.005631174208565071,0.005635197875720088,4.023667155017563e-06,4.023667155017563e-06
2025-01-09,2661.9922083488,,2670.941162109375,18525111,,0,7.890186184454518,7.886830071959339,0.0033561124951795307,0.0033561124951795307,0.336175054626698,Thursday,0,0.004718942212648791,0.002078908663265544,0.002640033549383247,-0.002640033549383247
2025-01-10,2669.9688841826,,2688.241943359375,16764734,,0,7.896642706282745,7.8898220974621935,0.006820608820551577,0.006820608820551577,0.6843922146444479,Friday,0,0.0029920255028548226,0.006456521828226869,0.003464496325372046,0.003464496325372046
2025-01-11,2689.3055997797,,2696.761474609375,12544930,,0,7.899806878223542,7.897038297925836,0.0027685802977055474,0.0027685802977055474,0.27724163554657766,Saturday,0,0.007216200463642686,0.003164171940796656,0.0040520285228460295,-0.0040520285228460295
2025-01-12,2689.348271408,,2697.377197265625,11804374,,0,7.900035171449348,7.8970541649547705,0.002981006494577443,0.002981006494577443,0.2985454112799384,Sunday,0,1.586702893430214e-05,0.0002282932258061976,0.00021242619687189546,0.00021242619687189546
2025-01-13,2692.3154586023,,2671.69384765625,28704069,,0,7.890467950119018,7.898156867629565,-0.007688917510546567,0.007688917510546567,-0.7659433399664004,Monday,1,0.001102702674794287,-0.009567221330329723,0.01066992400512401,-0.01066992400512401
2025-01-14,2667.6383984139,,2672.216552734375,16258839,,0,7.890663576557573,7.888948865021737,0.0017147115358362441,0.0017147115358362441,0.17161824942979004,Tuesday,0,-0.009208002607827837,0.0001956264385549744,0.009403629046382811,0.009403629046382811
2025-01-15,2674.9361425869,,2691.53955078125,26186710,,0,7.897868632591634,7.891680787115037,0.006187845476596898,0.006187845476596898,0.6207029741761574,Wednesday,0,0.0027319220933001986,0.007205056034060853,0.004473133940760654,0.004473133940760654
2025-01-16,2694.4576622562,,2711.08544921875,18907714,,0,7.905104368448176,7.898952224596998,0.00615214385117735,0.00615214385117735,0.617110715654253,Thursday,0,0.007271437481961129,0.007235735856541581,3.570162541954858e-05,-3.570162541954858e-05
2025-01-17,2715.1579393798,,2705.391357421875,18370554,,0,7.903001860084261,7.906605403559963,-0.003603543475701798,0.003603543475701798,-0.3597058504875061,Friday,0,0.007653178962964802,-0.002102508363914346,0.009755687326879148,-0.009755687326879148
2025-01-18,2702.782325209,,2692.9951171875,15720767,,0,7.898409279660123,7.902037012219387,-0.0036277325592646292,0.0036277325592646292,-0.36211602873876897,Saturday,0,-0.00456839134057585,-0.004592580424138681,2.4189083562831115e-05,-2.4189083562831115e-05
2025-01-19,2702.6033637683,,2678.25048828125,21408398,,0,7.892919057456195,7.901970796244778,-0.009051738788582675,0.009051738788582675,-0.9010895129314929,Sunday,0,-6.621597460920725e-05,-0.005490222203927253,0.005424006229318046,-0.005424006229318046
2025-01-20,2694.1716445978,,2697.9033203125,31947443,,0,7.900230202290405,7.898846068599849,0.001384133690556233,0.001384133690556233,0.13850920457063587,Monday,1,-0.003124727644928882,0.007311144834210026,0.010435872479138908,0.010435872479138908
2025-01-21,2710.2408347108,,2738.247802734375,24519711,,0,7.91507350676927,7.904792778822114,0.010280727947155732,0.010280727947155732,1.0333756197929798,Tuesday,0,0.005946710222264784,0.014843304478864283,0.0088965942565995,0.0088965942565995
2025-01-22,2744.7138869074,,2753.50244140625,25899328,,0,7.920628995357763,7.917432117876414,0.003196877481348892,0.003196877481348892,0.32019929438810635,Wednesday,0,0.012639339054300258,0.005555488588493418,0.00708385046580684,-0.00708385046580684
2025-01-23,2754.1214049765,,2748.49853515625,21241581,,0,7.918810054339413,7.920853761460213,-0.0020437071208005975,0.0020437071208005975,-0.20416201733481198,Thursday,0,0.003421643583799039,-0.0018189410183504506,0.0052405846021494895,-0.0052405846021494895
2025-01-24,2755.1427494561,,2760.5205078125,20775836,,0,7.923174530717515,7.92122453492929,0.0019499957882249674,0.0019499957882249674,0.19518982664189627,Friday,0,0.0003707734690765463,0.004364476378102111,0.003993702909025565,0.003993702909025565
2025-01-25,2770.8698453162,,2767.2060546875,10111299,,0,7.925593445640043,7.926916573466155,-0.0013231278261116586,0.0013231278261116586,-0.13222528784212895,Saturday,0,0.005692038536865063,0.0024189149225284368,0.003273123614336626,-0.003273123614336626
2025-01-26,2771.0180332312,,2758.6142578125,9651931,,0,7.922483752123858,7.92697005268417,-0.00448630056031174,0.00448630056031174,-0.4476252146304706,Sunday,0,5.347921801490685e-05,-0.0031096935161851746,0.0031631727342000815,-0.0031631727342000815
2025-01-27,2767.0539066374,,2741.6376953125,25814720,,0,7.916310719850361,7.925538461576699,-0.009227741726338223,0.009227741726338223,-0.9185296775004425,Monday,1,-0.0014315911074707088,-0.006173032273497192,0.004741441166026483,-0.004741441166026483
2025-01-28,2742.2233288617,,2761.539306640625,18882856,,0,7.92354352304064,7.916524304238749,0.007019218801890936,0.007019218801890936,0.7043911258293905,Tuesday,0,-0.009014157337950301,0.007232803190278858,0.01624696052822916,0.01624696052822916
2025-01-29,2762.5476988392,,2761.98876953125,17410677,,0,7.923706267896978,7.92390861222507,-0.00020234432809207448,0.00020234432809207448,-0.020232385785954876,Wednesday,0,0.007384307986320948,0.00016274485633793745,0.007221563129983011,-0.007221563129983011
2025-01-30,2759.8837647354,,2794.09521484375,19789621,,0,7.935263617562579,7.922943843598063,0.012319773964516223,0.012319773964516223,1.23959749847038,Thursday,0,-0.0009647686270071176,0.01155734966560118,0.012522118292608297,0.012522118292608297
2025-01-31,2797.2951275035,,2803.650390625,23826369,,0,7.938677558007592,7.936408203367958,0.00226935463963418,0.00226935463963418,0.2271931573831343,Friday,0,0.013464359769895573,0.0034139404450135302,0.010050419324882043,-0.010050419324882043
2025-02-01,2799.1484990266,,2817.709716796875,18561877,,0,7.943679676789626,7.9370705424227355,0.006609134366890146,0.006609134366890146,0.6631022890257428,Saturday,0,0.0006623390547773056,0.005002118782033271,0.004339779727255966,0.004339779727255966
2025-02-02,2799.1007049255,,2819.992431640625,89506137,,0,7.944489480113177,7.937053467762655,0.007436012350521715,0.007436012350521715,0.746372814610152,Sunday,0,-1.7074660080496074e-05,0.0008098033235510727,0.0008268779836315687,0.0008268779836315687
2025-02-03,2794.818406674,,2835.10791015625,72107354,,0,7.949835278984632,7.935522412699974,0.014312866284657666,0.014312866284657666,1.4415785793466591,Monday,1,-0.0015310550626805863,0.005345798871455365,0.006876853934135951,0.006876853934135951
2025-02-04,2813.8830235061,,2853.481689453125,29816812,,0,7.956295173083255,7.942320667338409,0.013974505744846155,0.013974505744846155,1.4072605583186262,Tuesday,0,0.006798254638434642,0.006459894098623131,0.0003383605398115108,-0.0003383605398115108
2025-02-05,2841.5306757444,,2922.939208984375,62349129,,0,7.980344967421275,7.9520981562954445,0.028246811125830718,0.028246811125830718,2.864953524341182,Wednesday,0,0.009777488957035452,0.024049794338020014,0.014272305380984562,0.014272305380984562
2025-02-06,2869.2667388,,2879.71435546875,49472952,,0,7.9654463860822124,7.961811784402784,0.0036346016794288616,0.0036346016794288616,0.3641214853771132,Thursday,0,0.009713628107339112,-0.014898581339062744,0.024612209446401856,-0.024612209446401856
2025-02-07,2858.7257744431,,2879.148193359375,34537795,,0,7.965249763187883,7.958131271122895,0.007118492064988047,0.007118492064988047,0.7143888755910324,Friday,0,-0.0036805132798889417,-0.00019662289432975655,0.003483890385559185,0.003483890385559185
2025-02-08,2861.110809105,,2877.275390625,15473304,,0,7.964599080425182,7.958965223200123,0.005633857225058492,0.005633857225058492,0.5649757244130117,Saturday,0,0.0008339520772286946,-0.0006506827627008605,0.001484634839929555,-0.001484634839929555
2025-02-09,2860.6843844108,,2900.8505859375,17254729,,0,7.972759278464607,7.958816170435888,0.013943108028718676,0.013943108028718676,1.4040766519223347,Sunday,0,-0.000149052764235158,0.008160198039425026,0.008309250803660184,0.008309250803660184
2025-02-10,2868.1425937244,,2932.153076171875,30278999,,0,7.9834922704335725,7.961419919355396,0.022072351078176844,0.022072351078176844,2.2317747586027425,Monday,1,0.0026037489195074315,0.0107329919689656,0.008129243049458168,0.008129243049458168
2025-02-11,2916.8822728813,,2915.351318359375,48253595,,0,7.977745612400537,7.978270610082176,-0.00052499768163905,0.00052499768163905,-0.0524859894469761,Tuesday,0,0.01685069072678047,-0.005746658033035423,0.022597348759815894,-0.022597348759815894
2025-02-12,2896.0752099148,,2919.980712890625,36329477,,0,7.979332290066069,7.971111723442832,0.008220566623236891,0.008220566623236891,0.8254448259487158,Wednesday,0,-0.00715888663934372,0.0015866776655322212,0.008745564304875941,0.008745564304875941
2025-02-13,2906.6666434133,,2948.385009765625,27352445,,0,7.9890128451093,7.974762220234904,0.014250624874395434,0.014250624874395434,1.4352649089245137,Thursday,0,0.0036504967920718556,0.009680555043230399,0.006030058251158543,0.006030058251158543
2025-02-14,2929.1085433895,,2913.375732421875,30927968,,0,7.977067733338457,7.982453404314364,-0.005385670975906365,0.005385670975906365,-0.5371194250595904,Friday,0,0.007691184079459568,-0.011945111770842232,0.0196362958503018,-0.0196362958503018
2025-02-15,2882.3992630282,,2907.280029296875,13378293,,0,7.9749732252269965,7.966378303753931,0.008594921473065398,0.008594921473065398,0.8631963860043332,Saturday,0,-0.01607510056043271,-0.0020945081114609465,0.013980592448971763,0.013980592448971763
2025-02-16,2882.4449589929,,2901.78564453125,15690111,,0,7.973081565978318,7.966394157075527,0.00668740890279107,0.00668740890279107,0.6709819550243035,Sunday,0,1.5853321595926673e-05,-0.0018916592486784012,0.0019075125702743279,-0.0019075125702743279
2025-02-17,2885.2476422478,,2913.65966796875,23529881,,0,7.9771651878852685,7.967366013125862,0.00979917475940617,0.00979917475940617,0.9847343883041981,Monday,1,0.0009718560503353402,0.004083621906950441,0.0031117658566151007,0.0031117658566151007
2025-02-18,2899.3844027036,,2947.482177734375,23945241,,0,7.988706585823059,7.9722537185112605,0.016452867311798514,0.016452867311798514,1.6588961086334497,Tuesday,0,0.004887705385398178,0.01154139793779052,0.006653692552392343,0.006653692552392343
2025-02-19,2933.9322467026,,2947.259033203125,25825626,,0,7.98863087612746,7.984098865969557,0.004532010157903166,0.004532010157903166,0.4542295247445743,Wednesday,0,0.011845147458296346,-7.57096955990022e-05,0.011920857153895348,-0.011920857153895348
2025-02-20,2937.0136856027,,2953.584228515625,32522920,,0,7.990774704544691,7.985148590909486,0.00562611363520471,0.00562611363520471,0.5641969935024111,Thursday,0,0.0010497249399294972,0.0021438284172310418,0.0010941034773015446,0.0010941034773015446
2025-02-21,2941.1271634564,,2948.56005859375,27292241,,0,7.98907221443567,7.986548175788719,0.0025240386469516096,0.0025240386469516096,0.25272267142012594,Friday,0,0.0013995848792323073,-0.0017024901090207933,0.0031020749882531007,-0.0031020749882531007
2025-02-22,2936.3479055471,,2955.0966796875,14938838,,0,7.991286646627334,7.9849218791540055,0.006364767473328037,0.006364767473328037,0.6385065647357931,Saturday,0,-0.0016262966347131425,0.0022144321916632848,0.003840728826376427,0.003840728826376427
2025-02-23,2935.9530646799,,2962.921142578125,23816599,,0,7.993930933172198,7.984787403462178,0.009143529710019749,0.009143529710019749,0.9185459475717271,Sunday,0,-0.00013447569182734043,0.0026442865448643715,0.002778762236691712,0.002778762236691712
2025-02-24,2937.3302957422,,2983.03564453125,37209498,,0,8.000696733666036,7.985256385121338,0.01544034854469789,0.01544034854469789,1.556016660955763,Monday,1,0.0004689816591598728,0.0067658004938380145,0.006296818834678142,0.006296818834678142
2025-02-25,2951.9754915187,,2936.7890625,60043546,,0,7.985072107883943,7.990229883354835,-0.005157775470891579,0.005157775470891579,-0.5144496985944499,Tuesday,0,0.004973498233496798,-0.015624625782092671,0.02059812401558947,-0.02059812401558947
2025-02-26,2920.5778071134,,2929.378173828125,34921675,,0,7.982545452125285,7.979536754835256,0.003008697290028728,0.003008697290028728,0.3013227962388364,Wednesday,0,-0.01069312851957882,-0.0025266557586585137,0.008166472760920307,0.008166472760920307
2025-02-27,2918.4903583293,,2885.31787109375,34563533,,0,7.967390353494512,7.978821760999293,-0.011431407504781,0.011431407504781,-1.1366317226601892,Thursday,0,-0.0007149938359631847,-0.015155098630772912,0.014440104794809727,-0.014440104794809727
2025-02-28,2875.5248551742,,2859.841796875,47107062,,0,7.958521586505952,7.963990494891169,-0.005468908385216409,0.005468908385216409,-0.5453981130081416,Friday,0,-0.01483126610812402,-0.008868766988559429,0.0059624991195645904,0.0059624991195645904
2025-03-01,2857.6833675398,,2851.52734375,20099445,,0,7.955610039801888,7.957766564227723,-0.002156524425834583,0.002156524425834583,-0.21542007976551883,Saturday,0,-0.0062239306634461755,-0.0029115467040643495,0.003312383959381826,0.003312383959381826
2025-03-02,2857.6899006381,,2872.70263671875,42439941,,0,7.963008550914108,7.957768850377023,0.0052397005370856675,0.0052397005370856675,0.5253451774910147,Sunday,0,2.286149300090301e-06,0.007398511112220341,0.00739622496292025,0.00739622496292025
2025-03-03,2868.6839826169,,2887.681884765625,34065442,,0,7.968209343241259,7.961608660948645,0.006600682292614124,0.006600682292614124,0.6622514806038249,Monday,1,0.003839810571622415,0.005200792327150872,0.0013609817555284565,0.0013609817555284565
2025-03-04,2891.3892981008,,2928.694091796875,44912739,,0,7.982311900197845,7.969492391581195,0.012819508616650488,0.012819508616650488,1.2902030771359199,Tuesday,0,0.007883730632549657,0.014102556956586021,0.006218826324036364,0.006218826324036364
2025-03-05,2912.8795591299,,2932.400146484375,27874804,,0,7.98357652930318,7.976897410114243,0.006679119188937044,0.006679119188937044,0.6701474248494516,Wednesday,0,0.007405018533048313,0.001264629105334869,0.006140389427713444,-0.006140389427713444
2025-03-06,2918.8379172223,,2925.43212890625,29840639,,0,7.981197485132218,7.978940842495828,0.002256642636389472,0.002256642636389472,0.22591907707658743,Thursday,0,0.0020434323815852196,-0.002379044170962352,0.004422476552547572,-0.004422476552547572
2025-03-07,2909.3710550747,,2929.04296875,29644800,,0,7.982431016829381,7.9756922045288565,0.0067388123005240885,0.0067388123005240885,0.676156918554167,Friday,0,-0.0032486379669718346,0.0012335316971627819,0.0044821696641346165,0.0044821696641346165
2025-03-08,2909.9001787843,,2936.70556640625,14958732,,0,7.985043676396717,7.975874056753918,0.009169619642799276,0.009169619642799276,0.9211789399988586,Saturday,0,0.00018185222506161836,0.002612659567336806,0.0024308073422751875,0.0024308073422751875
2025-03-09,2909.8171994639,,2932.91162109375,25493982,,0,7.983750935926711,7.975845540138759,0.007905395787951797,0.007905395787951797,0.793672593388504,Sunday,0,-2.851661515901327e-05,-0.0012927404700064926,0.0012642238548474793,-0.0012642238548474793
2025-03-10,2916.6449133567,,2892.90087890625,42966208,,0,7.970015041999345,7.978189232378035,-0.008174190378689161,0.008174190378689161,-0.8140872528470856,Monday,1,0.002343692239275441,-0.013735893927365517,0.016079586166640958,-0.016079586166640958
2025-03-11,2884.9063718062,,2923.038330078125,28927609,,0,7.980378878291818,7.967247724968851,0.013131153322967215,0.013131153322967215,1.3217745520126298,Tuesday,0,-0.01094150740918387,0.010363836292472506,0.021305343701656376,0.021305343701656376
2025-03-12,2914.495124924,,2945.81005859375,46453162,,0,7.988139120603809,7.977451884787002,0.010687235816806862,0.010687235816806862,1.0744548310255546,Wednesday,0,0.010204159818151481,0.007760242311991128,0.0024439175061603535,-0.0024439175061603535
2025-03-13,2938.1484493628,,3002.5654296875,37789231,,0,8.007222345452755,7.985534882810252,0.021687462642502986,0.021687462642502986,2.1924345020303595,Thursday,0,0.008082998023249743,0.019083224848945868,0.011000226825696124,0.011000226825696124
2025-03-14,2986.1398319699,,2995.009033203125,36997976,,0,8.004702526639534,8.00173680619555,0.002965720443983244,0.002965720443983244,0.29701225435829776,Friday,0,0.016201923385298578,-0.002519818813221164,0.018721742198519742,-0.018721742198519742
2025-03-15,2985.7029613695,,2997.74609375,18411828,,0,8.005615983198064,8.001590496047646,0.004025487150418172,0.004025487150418172,0.4033600306634679,Saturday,0,-0.00014631014790467134,0.0009134565585302568,0.001059766706434928,0.001059766706434928
2025-03-16,2984.9169163301,,3001.404296875,14525890,,0,8.00683555708444,8.001327191714077,0.005508365370362256,0.005508365370362256,0.5523564309177176,Sunday,0,-0.0002633043335684704,0.0012195738863756134,0.0014828782199440838,0.0014828782199440838
2025-03-17,2989.9370678046,,3012.169189453125,26554930,,0,8.010415759139395,8.003007618606238,0.007408140533156526,0.007408140533156526,0.7435648692381821,Monday,1,0.0016804268921610799,0.0035802020549553504,0.0018997751627942705,0.0018997751627942705
2025-03-18,3000.9771181497,,3064.656005859375,59115128,,0,8.027690609073145,8.006693220669446,0.0209973884036998,0.0209973884036998,2.121938462127873,Tuesday,0,0.0036856020632072273,0.017274849933750502,0.013589247870543275,0.013589247870543275
2025-03-19,3031.3878997302,,3065.502197265625,44492353,,0,8.027966683974832,8.016775846345531,0.011190837629300177,0.011190837629300177,1.125368928815125,Wednesday,0,0.010082625676085755,0.0002760749016861297,0.009806550774399625,-0.009806550774399625
2025-03-20,3053.1983168328,,3055.897216796875,31418490,,0,8.024828516473704,8.023944948644457,0.0008835678292467009,0.0008835678292467009,0.08839582902936022,Thursday,0,0.007169102298925978,-0.003138167501127498,0.010307269800053476,-0.010307269800053476
2025-03-21,3046.8873303722,,3039.0849609375,74767888,,0,8.019311749399156,8.021875801069411,-0.0025640516702551963,0.0025640516702551963,-0.2560767297472301,Friday,0,-0.0020691475750460597,-0.005516767074547957,0.003447619499501897,-0.003447619499501897
2025-03-22,3023.1217420195,,3050.042236328125,45436299,,0,8.02291071748201,8.014045265890333,0.008865451591676177,0.008865451591676177,0.89048660973348,Saturday,0,-0.007830535179078169,0.0035989680828532045,0.011429503261931373,0.011429503261931373
2025-03-23,3023.7159110048,,3053.006103515625,52133310,,0,8.023881991919131,8.014241788112791,0.009640203806339898,0.009640203806339898,0.96868202479682,Sunday,0,0.00019652222245802875,0.0009712744371217497,0.0007747522146637209,0.0007747522146637209
2025-03-24,3025.5025662313,,3016.2470703125,65045372,,0,8.011768645637485,8.014832494262743,-0.003063848625258103,0.003063848625258103,-0.30591598308670864,Monday,1,0.0005907061499517141,-0.012113346281646287,0.012704052431598,-0.012704052431598
2025-03-25,3010.3081983637,,3027.99365234375,57023322,,0,8.015655518235377,8.009797743984228,0.005857774251149195,0.005857774251149195,0.5874964559995344,Tuesday,0,-0.005034750278515077,0.0038868725978922214,0.008921622876407298,0.008921622876407298
2025-03-26,3021.1845460368,,3023.44189453125,49939929,,0,8.014151161579617,8.013404267252373,0.0007468943272446182,0.0007468943272446182,0.07471733222689982,Wednesday,0,0.0036065232681448123,-0.0015043566557597643,0.005110879923904577,-0.005110879923904577
2025-03-27,3024.2215956035,,3058.93798828125,63794019,,0,8.02582307205306,8.014409013584062,0.011414058468997013,0.011414058468997013,1.1479447381838421,Thursday,0,0.0010047463316897876,0.011671910473442182,0.010667164141752394,0.010667164141752394
2025-03-28,3057.077470623,,3091.34423828125,82557785,,0,8.03636130386428,8.025214663611928,0.011146640252352569,0.011146640252352569,1.1208995515336693,Friday,0,0.01080565002786571,0.010538231811221266,0.0002674182166444439,-0.0002674182166444439
2025-03-29,3085.3341725442,,3118.077392578125,65523717,,0,8.044971870534223,8.03441525220543,0.010556618328791956,0.010556618328791956,1.0612536018075631,Saturday,0,0.009200588593502701,0.008610566669942088,0.000590021923560613,-0.000590021923560613
2025-03-30,3085.5740772282,,3109.063232421875,68779130,,0,8.04207674836009,8.034493005649303,0.007583742710787433,0.007583742710787433,0.7612572119731885,Sunday,0,7.775344387184191e-05,-0.0028951221741326805,0.0029728756180045224,-0.0029728756180045224
2025-03-31,3085.1380876957,,3147.9853515625,115328458,,0,8.054517956274402,8.034351696341213,0.020166259933189323,0.020166259933189323,2.037097273455944,Monday,1,-0.00014130930808953224,0.012441207914312358,0.01258251722240189,0.01258251722240189
2025-04-01,3123.0003038679,,3132.093505859375,88548906,,0,8.049456911664842,8.046549454583074,0.0029074570817684275,0.0029074570817684275,0.29116878343600394,Tuesday,0,0.012197758241860868,-0.005061044609560028,0.017258802851420896,-0.017258802851420896
2025-04-02,3113.8795576298,,3189.407470703125,78184786,,0,8.067590432664902,8.04362467394196,0.02396575872294271,0.02396575872294271,2.425524548252437,Wednesday,0,-0.002924780641114566,0.018133521000059716,0.021058301641174282,0.021058301641174282
2025-04-03,3159.3001265616,,3125.58544921875,135848195,,0,8.047376888373853,8.058105803114673,-0.010728914740820272,0.010728914740820272,-1.0671565217687309,Thursday,0,0.01448112917271338,-0.0202135442910496,0.03469467346376298,-0.03469467346376298
2025-04-04,3114.1850193375,,3053.608154296875,92767102,,0,8.02407917181548,8.043722765958885,-0.019643594143404997,0.019643594143404997,-1.94519158831198,Friday,0,-0.014383037155788259,-0.023297716558372983,0.008914679402584724,-0.008914679402584724
2025-04-05,3037.8322515106,,3067.47607421875,33405009,,0,8.02861037678896,8.018899464880263,0.009710911908696218,0.009710911908696218,0.9758215811096578,Saturday,0,-0.024823301078621185,0.00453120497348003,0.029354506052101215,0.029354506052101215
2025-04-06,3038.0048328581,,2999.47412109375,66856845,,0,8.006192259315888,8.018956273956988,-0.012764014641099664,0.012764014641099664,-1.268290008877344,Sunday,0,5.6809076724562146e-05,-0.02241811747307132,0.02247492654979588,-0.02247492654979588
2025-04-07,3001.6247794931,,3005.760498046875,153272254,,0,8.008285892503622,8.006909014205968,0.0013768782976537608,0.0013768782976537608,0.13778266297739486,Monday,1,-0.012047259751019723,0.002093633187733701,0.014140892938753424,0.014140892938753424
2025-04-08,2983.8018349785,,2998.99365234375,60268815,,0,8.006032062155823,8.000953549928953,0.005078512226869947,0.005078512226869947,0.5091429728060092,Tuesday,0,-0.00595546427701521,-0.002253830347799024,0.003701633929216186,0.003701633929216186
2025-04-09,2979.2850311782,,3097.837646484375,125771025,,0,8.038459613691495,7.999438628290038,0.03902098540145715,0.03902098540145715,3.979230388013321,Wednesday,0,-0.0015149216389147568,0.03242755153567245,0.03394247317458721,0.03394247317458721
2025-04-10,3083.3582828408,,3215.109619140625,92903694,,0,8.075616732246175,8.033774633537774,0.0418420987084005,0.0418420987084005,4.272981736603064,Thursday,0,0.03433600524773617,0.037157118554679514,0.002821113306943346,0.002821113306943346
2025-04-11,3186.3583079035,,3262.376220703125,139772890,,0,8.09021111089684,8.066633947393024,0.023577163503816223,0.023577163503816223,2.385730211541766,Friday,0,0.03285931385524954,0.014594378650665263,0.018264935204584276,-0.018264935204584276
2025-04-12,3237.4256768,,3243.158447265625,66046079,,0,8.084302963351728,8.082533748771304,0.0017692145804240056,0.0017692145804240056,0.17707805639237034,Saturday,0,0.015899801378280287,-0.00590814754511193,0.021807948923392217,-0.021807948923392217
2025-04-13,3237.8795644793,,3245.317138671875,54305726,,0,8.08496835584872,8.082673939129329,0.0022944167193905685,0.0022944167193905685,0.22970509076890755,Sunday,0,0.00014019035802448343,0.0006653924969910463,0.0005252021389665629,0.0005252021389665629
2025-04-14,3222.0397831696,,3233.981689453125,64777284,,0,8.081469378232688,8.077769911013144,0.0036994672195440614,0.0036994672195440614,0.37063186947299076,Monday,1,-0.004904028116184733,-0.0034989776160312402,0.001405050500153493,0.001405050500153493
2025-04-15,3211.4564211787,,3261.723876953125,53129119,,0,8.090011131208483,8.07447982698993,0.015531304218553643,0.015531304218553643,1.565254176981023,Tuesday,0,-0.0032900840232148454,0.008541752975794736,0.011831836999009582,0.011831836999009582
2025-04-16,3258.2894957634,,3378.328857421875,100093175,,0,8.125136445329657,8.088957642109294,0.03617880322036271,0.03617880322036271,3.684122046692189,Wednesday,0,0.01447781511936519,0.035125314121174256,0.020647499001809066,0.020647499001809066
2025-04-17,3346.1994702966,,3345.161376953125,80829109,,0,8.115270215629742,8.115580494323568,-0.00031027869382604933,0.00031027869382604933,-0.031023056237076914,Thursday,0,0.026622852214273962,-0.009866229699914797,0.03648908191418876,-0.03648908191418876
2025-04-18,3326.2008499774,,3352.438720703125,47210888,,0,8.117443336302163,8.109586045776084,0.007857290526079197,0.007857290526079197,0.7888240039955234,Friday,0,-0.005994448547484765,0.002173120672420481,0.008167569219905246,0.008167569219905246
2025-04-19,3326.3557477598,,3347.347412109375,29848317,,0,8.115923493885443,8.109632613672245,0.0062908802131982355,0.0062908802131982355,0.6310709359247617,Saturday,0,4.656789616142021e-05,-0.0015198424167195412,0.0015664103128809614,-0.0015664103128809614
2025-04-20,3326.2738714202,,3369.112060546875,30835034,,0,8.122404505111279,8.109607998942645,0.012796506168633925,0.012796506168633925,1.2878731813019522,Sunday,0,-2.4614729600358487e-05,0.006481011225835331,0.00650562595543569,0.00650562595543569
2025-04-21,3354.1548083319,,3462.54296875,118341538,,0,8.149758560165886,8.117955097648306,0.03180346251757982,0.03180346251757982,3.2314596854282978,Monday,1,0.008347098705661082,0.027354055054606974,0.01900695634894589,0.01900695634894589
2025-04-22,3418.953034526,,3349.412841796875,229791524,,0,8.116540338351927,8.137089652933664,-0.020549314581737477,0.020549314581737477,-2.0339616258801865,Tuesday,0,0.019134555285358346,-0.03321822181395895,0.052352777099317294,-0.052352777099317294
2025-04-23,3338.6584936307,,3333.5869140625,157910054,,0,8.111804154633326,8.113324356674774,-0.0015202020414477602,0.0015202020414477602,-0.15190471196365815,Wednesday,0,-0.023765296258890345,-0.004736183718600628,0.019029112540289717,0.019029112540289717
2025-04-24,3314.4245413251,,3367.82861328125,98252813,,0,8.122023487274463,8.106039295190612,0.0159841920838506,0.0159841920838506,1.611262265599779,Thursday,0,-0.007285061484161304,0.010219332641137058,0.01750439412529836,0.01750439412529836
2025-04-25,3353.4416875055,,3314.6845703125,104122961,,0,8.106117745849112,8.117742466840973,-0.011624720991861182,0.011624720991861182,-1.155741497978152,Friday,0,0.011703171650360389,-0.015905741425351394,0.027608913075711783,-0.027608913075711783
2025-04-26,3319.1715347849,,3316.445556640625,36293350,,0,8.106648872922719,8.107470493055427,-0.0008216201327080341,0.0008216201327080341,-0.08212826953071475,Saturday,0,-0.010271973785545896,0.0005311270736072515,0.010803100859153147,0.010803100859153147
2025-04-27,3319.2111960977,,3308.329345703125,30155065,,0,8.104198611557525,8.107482442144356,-0.003283830586831016,0.003283830586831016,-0.32784447122160876,Sunday,0,1.1949088928986384e-05,-0.0024502613651939953,0.0024622104541229817,-0.0024622104541229817
2025-04-28,3307.7402444817,,3340.94189453125,73972537,,0,8.114008050565667,8.10402052962687,0.009987520938796735,0.009987520938796735,1.0037562684960053,Monday,1,-0.0034619125174852883,0.009809439008142462,0.01327135152562775,0.01327135152562775
2025-04-29,3335.5804026646,,3316.69580078125,53962104,,0,8.1067243256011,8.11240197699009,-0.005677651388991123,0.005677651388991123,-0.5661563986964401,Tuesday,0,0.008381447363220218,-0.007283724964567639,0.015665172327787857,-0.015665172327787857
2025-04-30,3321.5650284376,,3284.044189453125,57028969,,0,8.096830926466296,8.108191344946947,-0.011360418480650836,0.011360418480650836,-1.129613259509908,Wednesday,0,-0.004210632043143647,-0.00989339913480336,0.005682767091659713,-0.005682767091659713
2025-05-01,3273.577450551,,3249.65185546875,79074337,,0,8.086303148191647,8.09363868746104,-0.00733553926939301,0.00733553926939301,-0.730869986846432,Thursday,0,-0.014552657485907616,-0.01052777827464979,0.004024879211257826,0.004024879211257826
2025-05-02,3239.6460103597,,3255.711181640625,59456562,,0,8.088166019760722,8.083219346755676,0.00494667300504581,0.00494667300504581,0.4958927990759455,Friday,0,-0.010419340705363211,0.0018628715690756081,0.01228221227443882,0.01228221227443882
2025-05-03,3240.9584551259,,3259.33984375,20937269,,0,8.089279951937293,8.083624384523722,0.005655567413571205,0.005655567413571205,0.5671590326938023,Saturday,0,0.0004050377680453465,0.0011139321765707422,0.0007088944085253956,0.0007088944085253956
2025-05-04,3240.9153900701,,3262.97705078125,25806478,,0,8.090395263403172,8.083611096682326,0.006784166720846585,0.006784166720846585,0.6807231308396774,Sunday,0,-1.3287841396092404e-05,0.0011153114658792873,0.0011285993072753797,0.0011285993072753797
2025-05-05,3247.1275098266,,3347.807373046875,65423635,,0,8.116060895021933,8.085526041373868,0.030534853648065408,0.030534853648065408,3.1005823736700537,Monday,1,0.0019149446915420754,0.025665631618760898,0.023750686927218823,0.023750686927218823
2025-05-06,3332.6990096218,,3408.97412109375,104989882,,0,8.134166680760819,8.11153776808582,0.02262891267499967,0.02262891267499967,2.2886888750450267,Tuesday,0,0.02601172671195151,0.01810578573888577,0.00790594097306574,-0.00790594097306574
2025-05-07,3397.2122476296,,3385.758544921875,72248351,,0,8.12733325032226,8.130710447112355,-0.0033771967900939615,0.0033771967900939615,-0.3371500475343194,Wednesday,0,0.019172679026535633,-0.006833430438557997,0.02600610946509363,-0.02600610946509363
2025-05-08,3374.5705858929,,3322.320556640625,115448291,,0,8.108418780593334,8.12402336140221,-0.015604580808876278,0.015604580808876278,-1.5483460168443866,Thursday,0,-0.006687085710144203,-0.01891446972892652,0.012227384018782317,-0.012227384018782317
2025-05-09,3319.3500181568,,3335.34716796875,57507389,,0,8.112332051273322,8.107524265079972,0.004807786193349983,0.004807786193349983,0.4819362141517358,Friday,0,-0.01649909632223867,0.0039132706799875905,0.02041236700222626,0.02041236700222626
2025-05-10,3325.5990983636,,3327.540771484375,31341475,,0,8.109988803082066,8.109405116818472,0.0005836862635941742,0.0005836862635941742,0.0583856641568798,Saturday,0,0.0018808517385000556,-0.0023432481912557535,0.004224099929755809,-0.004224099929755809
2025-05-11,3325.5570723791,,3293.284423828125,41352645,,0,8.099640650899191,8.109392479621745,-0.009751828722553313,0.009751828722553313,-0.9704433828251027,Sunday,0,-1.263719672728314e-05,-0.01034815218287477,0.010335514986147487,-0.010335514986147487
2025-05-12,3287.3379958744,,3246.299560546875,93295703,,0,8.085271029875244,8.097833396450303,-0.012562366575059158,0.012562366575059158,-1.248378943054472,Monday,1,-0.011559083171441387,-0.014369621023947232,0.0028105378525058455,-0.0028105378525058455
2025-05-13,3237.7768258714,,3262.491455078125,48791856,,0,8.090246432494377,8.082642208413022,0.007604224081354971,0.007604224081354971,0.7633209617550908,Tuesday,0,-0.015191188037281478,0.004975402619132652,0.02016659065641413,0.02016659065641413
2025-05-14,3248.6528648733,,3197.853515625,66774777,,0,8.07023508734951,8.085995686277712,-0.01576059892820325,0.01576059892820325,-1.5637050605676623,Wednesday,0,0.003353477864690646,-0.020011345144867576,0.023364823009558222,-0.023364823009558222
2025-05-15,3182.4441107121,,3247.022705078125,81029407,,0,8.08549376471102,8.065404768835755,0.02008899587526436,0.02008899587526436,2.02921377782106,Thursday,0,-0.0205909174419574,0.015258677361510209,0.03584959480346761,0.03584959480346761
2025-05-16,3240.5719609511,,3220.81884765625,64782299,,0,8.077390906723922,8.083505124364331,-0.006114217640408981,0.006114217640408981,-0.6095563848874603,Friday,0,0.018100355528575918,-0.008102857987097423,0.02620321351567334,-0.02620321351567334
2025-05-17,3200.398385591,,3225.3525390625,34488157,,0,8.07879753769347,8.071030576536085,0.007766961157384955,0.007766961157384955,0.7797202243273778,Saturday,0,-0.012474547828245974,0.0014066309695479617,0.013881178797793936,0.013881178797793936
2025-05-18,3202.9990320537,,3248.93408203125,42071802,,0,8.086082246768683,8.071842847409206,0.014239399359476934,0.014239399359476934,1.4341262522360936,Sunday,0,0.0008122708731210793,0.007284709075213058,0.006472438202091979,0.006472438202091979
2025-05-19,3237.933033069,,3237.562255859375,55843779,,0,8.08257593543198,8.082690452451446,-0.00011451701946718629,0.00011451701946718629,-0.011451046264336818,Monday,1,0.01084760504224036,-0.00350631133670376,0.01435391637894412,-0.01435391637894412
2025-05-20,3223.201896532,,3304.14013671875,75196534,,0,8.102931548002532,8.078130522277311,0.024801025725221137,0.024801025725221137,2.511112948705929,Tuesday,0,-0.004559930174135474,0.02035561257055285,0.024915542744688324,0.024915542744688324
2025-05-21,3291.6706578173,,3323.07177734375,58382550,,0,8.108644868284946,8.099150513601936,0.009494354683010187,0.009494354683010187,0.9539569048889059,Wednesday,0,0.021019991324624954,0.005713320282414003,0.015306671042210951,-0.015306671042210951
2025-05-22,3322.9932858921,,3309.6494140625,60248844,,0,8.104597545559825,8.108621247856647,-0.004023702296821696,0.004023702296821696,-0.4015618053232943,Thursday,0,0.009470734254710678,-0.004047322725121205,0.013518056979831883,-0.013518056979831883
2025-05-23,3294.7040268532,,3359.82861328125,69568467,,0,8.11964524370429,8.100071617971363,0.01957362573292798,0.01957362573292798,1.976644514871674,Friday,0,-0.00854962988528385,0.015047698144465826,0.023597328029749676,0.023597328029749676
2025-05-24,3357.8760493782,,3362.452392578125,21357641,,0,8.120425865468786,8.119063924918757,0.001361940550028251,0.001361940550028251,0.13628684122429954,Saturday,0,0.01899230694739451,0.0007806217644947822,0.01821168518289973,-0.01821168518289973
2025-05-25,3357.7542802133,,3347.9150390625,30447909,,0,8.11609305466327,8.11902766051499,-0.0029346058517187856,0.0029346058517187856,-0.2930304104973034,Sunday,0,-3.6264403767916065e-05,-0.004332810805514953,0.004296546401747037,-0.004296546401747037
2025-05-26,3345.5076356194,,3358.250732421875,40454247,,0,8.119175502039392,8.11537372057549,0.0038017814639008662,0.0038017814639008662,0.38090174019632034,Monday,1,-0.003653939939498585,0.003082447376121067,0.006736387315619652,0.006736387315619652
2025-05-27,3345.4427208352,,3323.6201171875,45468637,,0,8.108809864603023,8.115354316819449,-0.006544452216425967,0.006544452216425967,-0.6523083929008902,Tuesday,0,-1.940375604192468e-05,-0.010365637436368758,0.010346233680326833,-0.010346233680326833
2025-05-28,3310.6191751725,,3276.949951171875,46722486,,0,8.094668375824137,8.104890512862847,-0.010222137038709889,0.010222137038709889,-1.017006856394792,Wednesday,0,-0.010463803956602291,-0.014141488778886213,0.003677684822283922,-0.003677684822283922
2025-05-29,3261.4903119061,,3325.658447265625,39532930,,0,8.10942296273757,8.089939520790562,0.019483441947008018,0.019483441947008018,1.9674482896753855,Thursday,0,-0.014950992072284564,0.014754586913433343,0.029705578985717906,0.029705578985717906
2025-05-30,3317.9215875591,,3304.328857421875,45216304,,0,8.102988662805778,8.107093838029638,-0.0041051752238594474,0.0041051752238594474,-0.4096760510613708,Friday,0,0.017154317239075567,-0.006434299931791898,0.023588617170867465,-0.023588617170867465
2025-05-31,3289.5321166889,,3299.06640625,19898978,,0,8.101394800231812,8.09850061987371,0.002894180358103071,0.002894180358103071,0.28983725414108424,Saturday,0,-0.008593218155928284,-0.0015938625739657653,0.006999355581962519,0.006999355581962519
2025-06-01,3289.5321166889,,3321.167724609375,22494835,,0,8.108071724349982,8.09850061987371,0.009571104476272296,0.009571104476272296,0.9617053975541733,Sunday,0,0.0,0.006676924118169225,0.006676924118169225,0.006676924118169225
2025-06-02,3312.2245264264,,3397.583984375,59748072,,0,8.130819865182618,8.1053753050028,0.025444560179817444,0.025444560179817444,2.577103613223201,Monday,1,0.006874685129091063,0.02274814083263621,0.015873455703545147,0.015873455703545147
2025-06-03,3384.7075528057,,3371.398193359375,43730802,,0,8.12308283147354,8.127022786578866,-0.00393995510532541,0.00393995510532541,-0.3932203665658574,Tuesday,0,0.021647481576065886,-0.007737033709076968,0.029384515285142854,-0.029384515285142854
2025-06-04,3356.745514381,,3391.85595703125,34406667,,0,8.129132530512246,8.11872718665372,0.010405343858526095,0.010405343858526095,1.0459667704873583,Wednesday,0,-0.00829559992514639,0.006049699038705114,0.014345298963851505,0.014345298963851505
2025-06-05,3376.1895581885,,3383.27001953125,63332757,,0,8.126597982187686,8.124503002892084,0.0020949792956024282,0.0020949792956024282,0.2097175297985622,Thursday,0,0.005775816238363873,-0.0025345483245597933,0.008310364562923667,-0.008310364562923667
2025-06-06,3363.6272818427,,3337.0341796875,49491334,,0,8.112837721338265,8.120775218831636,-0.007937497493371026,0.007937497493371026,-0.7906078743846896,Friday,0,-0.0037277840604481582,-0.013760260849421613,0.010032476788973455,-0.010032476788973455
2025-06-07,3310.5139606029,,3334.346435546875,14549326,,0,8.112031967794568,8.104858731423793,0.007173236370775271,0.007173236370775271,0.7199025658129089,Saturday,0,-0.015916487407842794,-0.0008057535436964969,0.015110733864146297,0.015110733864146297
2025-06-08,3310.534783789,,3341.7216796875,24726483,,0,8.114241426120527,8.104865021420109,0.009376404700418561,0.009376404700418561,0.9420500896476255,Sunday,0,6.289996315800295e-06,0.0022094583259590905,0.0022031683296432902,0.0022031683296432902
2025-06-09,3316.4690880207,,3347.86474609375,39451741,,0,8.116078032374496,8.106655968259034,0.009422064115462092,0.009422064115462092,0.9466591498305597,Monday,1,0.0017909468389252226,0.0018366062539687533,4.565941504353077e-05,4.565941504353077e-05
2025-06-10,3321.4469817347,,3339.11767578125,48147213,,0,8.11346188214422,8.108155804832695,0.005306077311525215,0.005306077311525215,0.5320179471093412,Tuesday,0,0.0014998365736609287,-0.0026161502302759487,0.0041159868039368774,-0.0041159868039368774
2025-06-11,3327.4935820968,,3376.78662109375,57271986,,0,8.12467983245314,8.109974621521141,0.01470521093199828,0.01470521093199828,1.4813864484116732,Wednesday,0,0.001818816688446745,0.01121795030891981,0.009399133620473066,0.009399133620473066
2025-06-12,3362.6681292031,,3405.567626953125,102343218,,0,8.133166908641044,8.120490023910067,0.012676884730977278,0.012676884730977278,1.275757704944605,Thursday,0,0.010515402388925565,0.008487076187904563,0.0020283262010210024,-0.0020283262010210024
2025-06-13,3401.6174010418,,3463.50830078125,201510145,,0,8.15003731410516,8.132006303680699,0.01803101042446187,0.01803101042446187,1.8194550545424368,Friday,0,0.011516279770631854,0.016870405464116445,0.0053541256934845904,0.0053541256934845904
2025-06-14,3433.0614806382,,3488.890869140625,60754215,,0,8.157339162148041,8.141207702018043,0.016131460129997777,0.016131460129997777,1.6262274595806658,Saturday,0,0.009201398337344457,0.007301848042880366,0.0018995502944640918,-0.0018995502944640918
2025-06-15,3432.9943022594,,3478.812744140625,67812373,,0,8.154446349081507,8.141188133759082,0.013258215322425215,0.013258215322425215,1.3346495172179622,Sunday,0,-1.956825896165526e-05,-0.0028928130665342167,0.0028732448075725614,-0.0028732448075725614
2025-06-16,3441.3362295619,,3430.68115234375,121511818,,0,8.140514107133399,8.143615113770748,-0.0031010066373493572,0.0031010066373493572,-0.3096203482420657,Monday,1,0.002426980011666302,-0.01393224194810827,0.016359221959774572,-0.016359221959774572
2025-06-17,3400.0768417366,,3415.851318359375,121912488,,0,8.136182028890776,8.13155331085963,0.004628718031145951,0.004628718031145951,0.46394470940010635,Tuesday,0,-0.012061802911118136,-0.004332078242622828,0.007729724668495308,0.007729724668495308
2025-06-18,3384.9298185576,,3396.397216796875,98392818,,0,8.130470506668058,8.12708845206131,0.0033820546067477864,0.0033820546067477864,0.3387780206374156,Wednesday,0,-0.004464858798320037,-0.005711522222718202,0.0012466634243981645,-0.0012466634243981645
2025-06-19,3376.704856073,,3390.5458984375,58295670,,0,8.1287462193977,8.124655618305235,0.0040906010924643965,0.0040906010924643965,0.4098979020806905,Thursday,0,-0.002432833756074615,-0.0017242872703580048,0.0007085464857166102,0.0007085464857166102
2025-06-20,3367.3287620723,,3396.124267578125,96591585,,0,8.130390139099248,8.121875056827477,0.00851508227177078,0.00851508227177078,0.8551438704222017,Friday,0,-0.00278056147775807,0.0016439197015483131,0.004424481179306383,0.004424481179306383
2025-06-21,3368.0750272393,,3396.18310546875,69548445,,0,8.13040746396027,8.12209665161033,0.008310812349940022,0.008310812349940022,0.8345443020753924,Saturday,0,0.0002215947828521081,1.7324861021350557e-05,0.00020426992183075754,-0.00020426992183075754
2025-06-22,3368.4403413847,,3405.67236328125,192913556,,0,8.13319766260898,8.122205109507556,0.010992553101424107,0.010992553101424107,1.1053193206101066,Sunday,0,0.0001084578972267991,0.0027901986487108843,0.002681740751484085,0.002681740751484085
2025-06-23,3369.936459848,,3371.472412109375,262740859,,0,8.123104845465607,8.122649168524147,0.0004556769414598705,0.0004556769414598705,0.045578077796877454,Monday,1,0.0004440590165906144,-0.010092817143373622,0.010536876159964237,-0.010536876159964237
2025-06-24,3343.8899940445,,3345.960693359375,252072740,,0,8.115509134125519,8.114890077145697,0.000619056979822119,0.000619056979822119,0.06192486351414261,Tuesday,0,-0.007759091378449767,-0.007595711340087519,0.00016338003836224857,0.00016338003836224857
2025-06-25,3326.8149938221,,3352.491455078125,87504704,,0,8.117459066331742,8.109770666964687,0.007688399367054899,0.007688399367054899,0.7718031000733817,Wednesday,0,-0.005119410181009698,0.0019499322062230817,0.00706934238723278,0.00706934238723278
2025-06-26,3335.0697930056,,3334.781005859375,80981829,,0,8.112162290784173,8.11224888556871,-8.65947845358761e-05,8.65947845358761e-05,-0.008659103531522163,Thursday,0,0.0024782186040219756,-0.005296775547568799,0.007774994151590775,-0.007774994151590775
2025-06-27,3317.2160861096,,3297.02099609375,117938054,,0,8.100774611293417,8.1068811818688,-0.00610657057538333,0.00610657057538333,-0.6087963367962121,Friday,0,-0.005367703699908688,-0.011387679490756142,0.006019975790847454,-0.006019975790847454
2025-06-28,3274.2344921613,,3290.393310546875,25272860,,0,8.098762383892897,8.093839377895723,0.004923005997174101,0.004923005997174101,0.4935143901348627,Saturday,0,-0.013041803973077748,-0.0020122274005203167,0.011029576572557431,0.011029576572557431
2025-06-29,3274.0672591637,,3279.677734375,31106811,,0,8.095500444836235,8.093788301142089,0.0017121436941458512,0.0017121436941458512,0.1713610249025006,Sunday,0,-5.107675363369424e-05,-0.0032619390566619444,0.00321086230302825,-0.00321086230302825
2025-06-30,3267.5552674298,,3320.522216796875,77258761,,0,8.107877343757023,8.091797359641422,0.016079984115600965,0.016079984115600965,1.6209962810740077,Monday,1,-0.0019909415006669207,0.012376898920788193,0.014367840421455114,0.014367840421455114
2025-07-01,3310.8701827667,,3347.624267578125,74294480,,0,8.116006199379106,8.104966328915928,0.011039870463177337,0.011039870463177337,1.110103470765251,Tuesday,0,0.013168969274506281,0.008128855622082654,0.005040113652423628,-0.005040113652423628
2025-07-02,3343.4696187274,,3354.521240234375,58302799,,0,8.11806433884588,8.114764354785304,0.0032999840605754116,0.0032999840605754116,0.33054350023319934,Wednesday,0,0.009798025869375948,0.0020581394667740227,0.007739886402601925,-0.007739886402601925
2025-07-03,3346.2946479363,,3336.215576171875,45756367,,0,8.112592382545419,8.115608937423563,-0.0030165548781440066,0.0030165548781440066,-0.30120096479372604,Thursday,0,0.0008445826382583732,-0.005471956300461045,0.006316538938719418,-0.006316538938719418
2025-07-04,3327.1027788628,,3344.007568359375,29570666,,0,8.114925237467395,8.109857167895631,0.00506806957176309,0.00506806957176309,0.5080933959711703,Friday,0,-0.005751769527931216,0.00233285492197588,0.008084624449907096,0.008084624449907096
2025-07-05,3336.7434851752,,3344.6025390625,17839941,,0,8.115103143099548,8.112750605906172,0.0023525371933761363,0.0023525371933761363,0.2355306580268135,Saturday,0,0.0028934380105400948,0.00017790563215314137,0.0027155323783869534,-0.0027155323783869534
2025-07-06,3335.7918118987,,3334.82666015625,21429807,,0,8.112175981033785,8.112465355026085,-0.00028937399230066774,0.00028937399230066774,-0.028933212768473302,Sunday,0,-0.0002852508800863518,-0.002927162065763156,0.002641911185676804,-0.002641911185676804
2025-07-07,3324.608452551,,3336.662841796875,50602170,,0,8.112726437325877,8.109107187524584,0.003619249801293023,0.003619249801293023,0.36258071944157927,Monday,1,-0.003358167501501086,0.0005504562920926048,0.003908623793593691,0.003908623793593691
2025-07-08,3336.2447629298,,3310.020751953125,58692410,,0,8.104709737823699,8.11260113096997,-0.007891393146271852,0.007891393146271852,-0.7860337846928734,Tuesday,0,0.0034939434453864493,-0.008016699502178426,0.011510642947564875,-0.011510642947564875
2025-07-09,3304.6184024946,,3320.2412109375,73207695,,0,8.107792713168205,8.1030762849524,0.00471642821580609,0.00471642821580609,0.47275680699189065,Wednesday,0,-0.00952484601757142,0.0030829753445065222,0.012607821362077942,0.012607821362077942
2025-07-10,3318.9412975534,,3323.185791015625,75806911,,0,8.108679177419287,8.107401124776397,0.0012780526428901595,0.0012780526428901595,0.1278869700212472,Thursday,0,0.004324839823997451,0.0008864642510815202,0.0034383755729159304,-0.0034383755729159304
2025-07-11,3326.5316848816,,3348.716552734375,95643142,,0,8.116332432823683,8.10968550412729,0.006646928696392607,0.006646928696392607,0.6669068553773457,Friday,0,0.0022843793508933175,0.007653255404395765,0.005368876053502447,0.005368876053502447
2025-07-12,3355.6033542611,,3352.3681640625,34066255,,0,8.117422289718169,8.118386870572635,-0.0009645808544664902,0.0009645808544664902,-0.09641157958945515,Saturday,0,0.008701366445345471,0.001089856894486374,0.007611509550859097,-0.007611509550859097
2025-07-13,3355.5132760883,,3355.9931640625,46824630,,0,8.118503030654898,8.118360026106128,0.0001430045487698095,0.0001430045487698095,0.0143014774407223,Sunday,0,-2.6844466507469633e-05,0.00108074093672883,0.0011075854032362997,0.0011075854032362997
2025-07-14,3367.4285473755,,3349.468017578125,138553085,,0,8.116556811485994,8.12190468975963,-0.005347878273635587,0.005347878273635587,-0.5333603829952953,Monday,1,0.0035446636535017007,-0.0019462191689036956,0.005490882822405396,-0.005490882822405396
2025-07-15,3346.6115725159,,3339.096435546875,105646272,,0,8.113455521091991,8.115703642046457,-0.0022481209544658043,0.0022481209544658043,-0.22455958231733217,Tuesday,0,-0.006201047713172869,-0.0031012903940030867,0.0030997573191697825,0.0030997573191697825
2025-07-16,3329.6540655909,,3352.666015625,90621226,,0,8.117511133877562,8.110623693371215,0.00688744050634682,0.00688744050634682,0.6911213471666275,Wednesday,0,-0.005079948675241752,0.004055612785570872,0.009135561460812625,0.009135561460812625
2025-07-17,3344.697500541,,3341.968505859375,102037783,,0,8.114315285370473,8.115131535151914,-0.000816249781440348,0.000816249781440348,-0.08159167402085071,Thursday,0,0.00450784178069874,-0.003195848507088428,0.007703690287787168,-0.007703690287787168
2025-07-18,3340.2030175394,,3352.09814453125,82253137,,0,8.117341740568104,8.113786867817923,0.0035548727501808486,0.0035548727501808486,0.35611988042009723,Friday,0,-0.0013446673339903015,0.003026455197630895,0.004371122531621197,0.004371122531621197
2025-07-19,3350.0736513692,,3358.902099609375,32612251,,0,8.119369443492216,8.116737610060778,0.0026318334314385794,0.0026318334314385794,0.263529974529568,Saturday,0,0.0029507422428540764,0.002027702924111807,0.0009230393187422692,-0.0009230393187422692
2025-07-20,3350.1522141659,,3352.7177734375,33534735,,0,8.117526571565882,8.116761060851328,0.0007655107145545514,0.0007655107145545514,0.07658037926609708,Sunday,0,2.3450790550327838e-05,-0.0018428719263337001,0.001866322716884028,-0.001866322716884028
2025-07-21,3350.3014936314,,3396.414306640625,86758386,,0,8.130475538411892,8.116805618868451,0.013669919543440656,0.013669919543440656,1.376378009468139,Monday,1,4.4558017123108584e-05,0.012948966846009213,0.012904408828886105,0.012904408828886105
2025-07-22,3392.2476286493,,3425.96630859375,70867613,,0,8.139138844800028,8.129247997976307,0.009890846823720878,0.009890846823720878,0.9939922917088362,Tuesday,0,0.012442379107856283,0.008663306388136505,0.003779072719719778,-0.003779072719719778
2025-07-23,3432.7786420752,,3395.912109375,70531871,,0,8.130327666464703,8.141125311936683,-0.010797645471980033,0.010797645471980033,-1.0739560147668956,Wednesday,0,0.011877313960376057,-0.008811178335324854,0.02068849229570091,-0.02068849229570091
2025-07-24,3390.237336955,,3377.23291015625,75326286,,0,8.124811987553102,8.128655208825027,-0.003843221271925046,0.003843221271925046,-0.38358455489226,Thursday,0,-0.012470103111656528,-0.00551567891160154,0.006954424200054987,0.006954424200054987
2025-07-25,3370.0534355673,,3347.402587890625,81979650,,0,8.115939977183924,8.122683879472122,-0.0067439022881981,0.0067439022881981,-0.6721213212116892,Friday,0,-0.005971329352904675,-0.00887201036917773,0.0029006810162730545,-0.0029006810162730545
2025-07-26,3336.8459198049,,3355.75927734375,32515609,,0,8.11843333597504,8.112781304417421,0.005652031557618287,0.005652031557618287,0.566803442334427,Saturday,0,-0.009902575054701046,0.002493358791115341,0.012395933845816387,0.012395933845816387
2025-07-27,3337.1142838169,,3346.609130859375,45679667,,0,8.115702912455536,8.112861725637792,0.0028411868177435906,0.0028411868177435906,0.28452268142328085,Sunday,0,8.042122037110744e-05,-0.0027304235195035886,0.002810844739874696,-0.002810844739874696
2025-07-28,3333.5800182547,,3321.647705078125,122390203,,0,8.108216235506333,8.111802086046213,-0.003585850539879587,0.003585850539879587,-0.35794290556199654,Monday,1,-0.0010596395915793977,-0.007486676949202575,0.006427037357623178,-0.006427037357623178
2025-07-29,3311.3076188221,,3334.430908203125,63250707,,0,8.112057301570731,8.105098441362662,0.00695886020806924,0.00695886020806924,0.6983129338267465,Tuesday,0,-0.006703644683550891,0.0038410660643979355,0.010544710747948827,0.010544710747948827
2025-07-30,3329.0178165705,,3298.161865234375,103163540,,0,8.101120581731536,8.11043258948936,-0.009312007757824148,0.009312007757824148,-0.9268785280312031,Wednesday,0,0.0053341481266979685,-0.010936719839195419,0.016270867965893387,-0.016270867965893387
2025-07-31,3284.6461187965,,3294.70703125,97136226,,0,8.100072529857654,8.097014198722047,0.003058331135607162,0.003058331135607162,0.3063012601548148,Thursday,0,-0.013418390767313326,-0.0010480518738820166,0.01237033889343131,0.01237033889343131
2025-08-01,3287.7465357837,,3363.060302734375,135542547,,0,8.120606642811852,8.09795766554764,0.02264897726421289,0.02264897726421289,2.290741276158701,Friday,0,0.0009434668255927647,0.02053411295419849,0.019590646128605727,0.019590646128605727
2025-08-02,3362.9813771543,,3361.164306640625,48314707,,0,8.120042712766638,8.120583174155595,-0.0005404613889563592,0.0005404613889563592,-0.05403153660079171,Saturday,0,0.022625508607955425,-0.000563930045213823,0.023189438653169248,-0.023189438653169248
2025-08-03,3362.8829861325,,3364.5673828125,42134888,,0,8.121054670013645,8.120553916645632,0.0005007533680139176,0.0005007533680139176,0.05008787659119057,Sunday,0,-2.9257509963187545e-05,0.0010119572470070892,0.0010412147569702768,0.0010412147569702768
2025-08-04,3356.9032701609,,3377.769287109375,74296627,,0,8.12497079637021,8.118774182195187,0.00619661417502293,0.00619661417502293,0.6215852906442254,Monday,1,-0.0017797344504444368,0.003916126356564575,0.005695860807009012,0.005695860807009012
2025-08-05,3376.7185386913,,3383.94384765625,69310831,,0,8.126797127106245,8.124659670359282,0.0021374567469631955,0.0021374567469631955,0.21397427360795368,Tuesday,0,0.005885488164095065,0.001826330736035331,0.004059157428059734,-0.004059157428059734
2025-08-06,3382.480779053,,3371.450927734375,61404608,,0,8.123098473044056,8.126364677561096,-0.003266204517039739,0.003266204517039739,-0.3260876273689552,Wednesday,0,0.0017050072018136575,-0.003698654062189277,0.005403661264002935,-0.005403661264002935
2025-08-07,3369.0384023211,,3393.938232421875,82388481,,0,8.129746246577852,8.122382642071507,0.007363604506345212,0.007363604506345212,0.7390782510410178,Thursday,0,-0.003982035489588753,0.006647773533796197,0.01062980902338495,0.01062980902338495
2025-08-08,3400.5323873506,,3385.68212890625,96272816,,0,8.127310680231401,8.13168728286106,-0.004376602629658777,0.004376602629658777,-0.4367039261143453,Friday,0,0.009304640789553176,-0.0024355663464508126,0.011740207136003988,-0.011740207136003988
2025-08-09,3398.1900560124,,3384.4716796875,54309627,,0,8.126953096263335,8.13099823239595,-0.004045136132614147,0.004045136132614147,-0.40369655901464696,Saturday,0,-0.0006890504651106966,-0.0003575839680660664,0.00033146649704463016,0.00033146649704463016
2025-08-10,3398.3159305575,,3384.865478515625,38135241,,0,8.127069444088644,8.131035273353572,-0.003965829264927834,0.003965829264927834,-0.3957975749379024,Sunday,0,3.704095762202542e-05,0.00011634782530833832,7.93068676863129e-05,7.93068676863129e-05
2025-08-11,3387.7599555255,,3345.761962890625,114370621,,0,8.115449738218361,8.127924201882145,-0.012474463663783908,0.012474463663783908,-1.2396980065360181,Monday,1,-0.0031110714714266408,-0.011619705870282715,0.008508634398856074,-0.008508634398856074
2025-08-12,3350.6696983526,,3342.08251953125,106976131,,0,8.11434940051156,8.11691551479578,-0.0025661142842192675,0.0025661142842192675,-0.25628246274384725,Tuesday,0,-0.011008687086365043,-0.0011003377068004028,0.00990834937956464,0.00990834937956464
2025-08-13,3347.5783952646,,3355.372802734375,86069571,,0,8.118318161782312,8.11599249633953,0.002325665442782565,0.002325665442782565,0.2328371900356559,Wednesday,0,-0.0009230184562500909,0.003968761270751742,0.004891779727001833,0.004891779727001833
2025-08-14,3367.8266135089,,3332.57275390625,79417628,,0,8.11149988344434,8.122022893487435,-0.010523010043094416,0.010523010043094416,-1.0467836871779932,Thursday,0,0.006030397147904765,-0.006818278337972217,0.012848675485876981,-0.012848675485876981
2025-08-15,3333.7389382375,,3333.16943359375,51167294,,0,8.111678912177318,8.111849757376733,-0.0001708451994151261,0.0001708451994151261,-0.01708306062054878,Friday,0,-0.010173136110701364,0.0001790287329779261,0.01035216484367929,0.01035216484367929
2025-08-16,3335.6404846686,,3332.100341796875,20338339,,0,8.111358117418195,8.112419989286495,-0.0010618718683002015,0.0010618718683002015,-0.10613082818716164,Saturday,0,0.0005702319097622421,-0.0003207947591228333,0.0008910266688850754,-0.0008910266688850754
2025-08-17,3335.6315834944,,3326.129150390625,22361448,,0,8.109564489543372,8.112417320777668,-0.00285283123429636,0.00285283123429636,-0.28487657782098624,Sunday,0,-2.668508827241567e-06,-0.0017936278748234002,0.0017909593659961587,-0.0017909593659961587
2025-08-18,3333.5944648998,,3332.562255859375,64885208,,0,8.111496733306538,8.111806419709637,-0.0003096864030993629,0.0003096864030993629,-0.030963845521510137,Monday,1,-0.0006109010680308558,0.0019322437631661415,0.0025431448311969973,0.0025431448311969973
2025-08-19,3337.6578253223,,3312.7373046875,58302615,,0,8.10553010687946,8.113024590076522,-0.007494483197062252,0.007494483197062252,-0.7466469584069391,Tuesday,0,0.0012181703668847632,-0.0059666264270781255,0.007184796793962889,-0.007184796793962889
2025-08-20,3314.9167607827,,3339.899169921875,71379170,,0,8.113695896868915,8.106187792435232,0.007508104433682661,0.007508104433682661,0.7536360923064762,Wednesday,0,-0.006836797641289749,0.008165789989455163,0.015002587630744912,0.015002587630744912
2025-08-21,3344.4704198314,,3330.63134765625,40763232,,0,8.110917158894605,8.115063640097583,-0.004146481202978336,0.004146481202978336,-0.41378964194419293,Thursday,0,0.008875847662350722,-0.0027787379743102747,0.011654585636660997,-0.011654585636660997
2025-08-22,3337.2145138129,,3363.837158203125,65715221,,0,8.120837612728284,8.112891760117378,0.007945852610905746,0.007945852610905746,0.7977504676439777,Friday,0,-0.0021718799802048494,0.009920453833679233,0.012092333813884082,0.012092333813884082
2025-08-23,3372.0034691172,,3359.250244140625,24568082,,0,8.11947308643264,8.123262347922285,-0.0037892614896453125,0.0037892614896453125,-0.3782091297763052,Saturday,0,0.010370587804906961,-0.0013645262956440973,0.011735114100551058,-0.011735114100551058
2025-08-24,3371.859071127,,3359.708740234375,38892745,,0,8.11960956474588,8.123219524395155,-0.0036099596492746855,0.0036099596492746855,-0.3603451578586821,Sunday,0,-4.282352712969839e-05,0.00013647831324092863,0.00017930184037062702,0.00017930184037062702
2025-08-25,3364.9436136399,,3342.993408203125,88689694,,0,8.114621914597372,8.121166485219236,-0.00654457062186431,0.00654457062186431,-0.6523201562070493,Monday,1,-0.00205303917591948,-0.004987650148509104,0.002934610972589624,-0.002934610972589624
2025-08-26,3365.090817071,,3378.823486328125,121546487,,0,8.125282846914812,8.121210230443019,0.0040726164717934665,0.0040726164717934665,0.4080920843936709,Tuesday,0,4.374522378292056e-05,0.010660932317440697,0.010617187093657776,0.010617187093657776
2025-08-27,3391.7103208049,,3388.906494140625,68155472,,0,8.128262580238106,8.129089592558843,-0.0008270123207374525,0.0008270123207374525,-0.0826670440301586,Wednesday,0,0.007879362115824406,0.0029797333232934875,0.004899628792530919,-0.004899628792530919
2025-08-28,3395.0588991793,,3416.549560546875,95688951,,0,8.136386420349154,8.13007638864328,0.006310031705874408,0.006310031705874408,0.6329981895975308,Thursday,0,0.0009867960844367474,0.008123840111048608,0.007137044026611861,0.007137044026611861
2025-08-29,3417.3722116379,,3464.145263671875,122354714,,0,8.150221204043216,8.136627175547245,0.013594028495971244,0.013594028495971244,1.368684741881172,Friday,0,0.006550786903964934,0.01383478369406177,0.007283996790096836,0.007283996790096836
2025-08-30,3448.0023998097,,3463.4833984375,52482525,,0,8.150030124160425,8.145550327783834,0.0044797963765912385,0.0044797963765912385,0.4489845665030427,Saturday,0,0.008923152236588905,-0.00019107988279110089,0.009114232119380006,-0.009114232119380006
2025-08-31,3448.1866848271,,3462.173828125,61579065,,0,8.149651944794838,8.145603773249201,0.004048171545637302,0.004048171545637302,0.40563764599657015,Sunday,0,5.344546536711903e-05,-0.0003781793655868171,0.0004316248309539361,-0.0004316248309539361
2025-09-01,3443.6898172158,,3502.559326171875,156423426,,0,8.161249216303792,8.144298796803923,0.016950419499869085,0.016950419499869085,1.709489300162079,Monday,1,-0.0013049764452777168,0.011597271508954066,0.012902247954231783,0.012902247954231783
2025-09-02,3481.2674737869,,3549.216552734375,179387201,,0,8.17448216874338,8.155151723063184,0.01933044568019504,0.01933044568019504,1.9518488441096506,Tuesday,0,0.010852926259261153,0.013232952439587109,0.002380026180325956,0.002380026180325956
2025-09-03,3530.2756439223,,3575.163818359375,125651130,,0,8.18176627739556,8.16913123297575,0.01263504441980956,0.01263504441980956,1.2715203843743565,Wednesday,0,0.013979509912566357,0.007284108652180876,0.006695401260385481,-0.006695401260385481
2025-09-04,3556.4849836313,,3560.2392578125,156809656,,0,8.177583028838471,8.17652797193249,0.0010550569059812887,0.0010550569059812887,0.10556136743101441,Thursday,0,0.007396738956739313,-0.004183248557088959,0.011579987513828272,-0.011579987513828272
2025-09-05,3551.9347921603,,3593.828857421875,118545516,,0,8.186973447239701,8.17524774588057,0.01172570135913098,0.01172570135913098,1.179471688332855,Friday,0,-0.0012802260519197972,0.009390418401229894,0.010670644453149691,0.010670644453149691
2025-09-06,3586.772270807,,3627.05126953125,81368376,,0,8.196175274703055,8.185007988147763,0.011167286555291867,0.011167286555291867,1.1229873458118222,Saturday,0,0.009760242267192965,0.009201827463353851,0.0005584148038391135,-0.0005584148038391135
2025-09-07,3586.6783592381,,3603.125,103069643,,0,8.189556803457425,8.184981805052974,0.004574998404450525,0.004574998404450525,0.45854796875050363,Sunday,0,-2.6183094789189454e-05,-0.006618471245630531,0.006592288150841341,-0.006592288150841341
2025-09-08,3588.742974587,,3639.5869140625,131952078,,0,8.199625469043195,8.185557273812181,0.014068195231013547,0.014068195231013547,1.4167617975302702,Monday,1,0.0005754687592069985,0.01006866558577002,0.009493196826563022,0.009493196826563022
2025-09-09,3636.915124948,,3643.721435546875,142254337,,0,8.200760810767045,8.198891108159284,0.0018697026077614254,0.0018697026077614254,0.18714515915386482,Tuesday,0,0.01333383434710278,0.001135341723850658,0.012198492623252122,-0.012198492623252122
2025-09-10,3631.1005212082,,3643.07958984375,112734609,,0,8.200584644105557,8.197291055197537,0.0032935889080203395,0.0032935889080203395,0.329901873153435,Wednesday,0,-0.0016000529617468118,-0.0001761666614878976,0.0014238863002589142,0.0014238863002589142
2025-09-11,3645.3045743104,,3633.432373046875,111668035,,0,8.19793303781437,8.201195200433451,-0.0032621626190820763,0.0032621626190820763,-0.3256847547717129,Thursday,0,0.0039041452359143136,-0.002651606291188102,0.006555751527102416,-0.006555751527102416
2025-09-12,3633.046334783,,3643.882080078125,85505614,,0,8.200804897833784,8.197826786002521,0.002978111831263064,0.002978111831263064,0.2982550811803008,Friday,0,-0.0033684144309304997,0.0028718600194146404,0.00624027445034514,0.00624027445034514
2025-09-13,3643.187658046,,3639.729736328125,55018295,,0,8.199664709612744,8.200614307635204,-0.0009495980224603073,0.0009495980224603073,-0.09491472969387009,Saturday,0,0.002787521632683365,-0.001140188221040006,0.003927709853723371,-0.003927709853723371
2025-09-14,3643.2288042413,,3645.18603515625,49609438,,0,8.201162681591986,8.200625601580729,0.000537080011257629,0.000537080011257629,0.05372242645510771,Sunday,0,1.1293945524570859e-05,0.0014979719792425072,0.0014866780337179364,0.0014866780337179364
2025-09-15,3640.7908380227,,3685.96630859375,113481805,,0,8.212287997817336,8.199956200225607,0.012331797591729199,0.012331797591729199,1.2408147729679704,Monday,1,-0.0006694013551218347,0.011125316225349735,0.01179471758047157,0.01179471758047157
2025-09-16,3678.4626380389,,3706.650146484375,134531177,,0,8.21788382224282,8.210250182473898,0.007633639768922507,0.007633639768922507,0.7662850277175208,Tuesday,0,0.01029398224829059,0.005595824425483897,0.004698157822806692,-0.004698157822806692
2025-09-17,3694.8688617144,,3674.03955078125,147678915,,0,8.20904703076374,8.214700342012138,-0.005653311248398296,0.005653311248398296,-0.5637361355088834,Wednesday,0,0.004450159538240683,-0.00883679147908012,0.013286951017320803,-0.013286951017320803
2025-09-18,3663.7162759496,,3646.354248046875,112997749,,0,8.201483111255747,8.206233287192454,-0.004750175936706569,0.004750175936706569,-0.4738911693762349,Thursday,0,-0.00846705481968435,-0.0075639195079926225,0.0009031353116917273,0.0009031353116917273
2025-09-19,3638.7546289507,,3690.746337890625,103557015,,0,8.213583976173815,8.199396767185632,0.014187208988182931,0.014187208988182931,1.4288325056674072,Friday,0,-0.006836520006821445,0.012100864918068055,0.0189373849248895,0.0189373849248895
2025-09-20,3685.2324994758,,3688.934326171875,42388186,,0,8.213092894828252,8.21208889611367,0.0010039987145820106,0.0010039987145820106,0.1004502890008023,Saturday,0,0.012692128928037505,-0.0004910813455634155,0.01318321027360092,-0.01318321027360092
2025-09-21,3685.2583034397,,3693.28857421875,34791407,,0,8.214272552665891,8.212095898079914,0.0021766545859769337,0.0021766545859769337,0.2179025218274382,Sunday,0,7.001966244146729e-06,0.0011796578376390698,0.0011726558713949231,0.0011726558713949231
2025-09-22,3690.027368933,,3761.20703125,187529810,,0,8.23249520381785,8.21338915406208,0.019106049755770016,0.019106049755770016,1.9289738313670552,Monday,1,0.0012932559821656753,0.018222651151958758,0.016929395169793082,0.016929395169793082
2025-09-23,3746.9111401289,,3774.19580078125,177975572,,0,8.235942606082764,8.228687083574908,0.007255522507856327,0.007255522507856327,0.7281907585193292,Tuesday,0,0.015297929512827935,0.0034474022649142455,0.01185052724791369,-0.01185052724791369
2025-09-24,3759.108790488,,3757.54638671875,156112102,,0,8.231521466652394,8.231937184482975,-0.0004157178305810305,0.0004157178305810305,-0.041563143189778225,Wednesday,0,0.0032501009080672105,-0.004421139430370147,0.007671240338437357,-0.007671240338437357
2025-09-25,3747.8829146386,,3755.103759765625,200635887,,0,8.230871196244063,8.228946403446285,0.0019247927977783519,0.0019247927977783519,0.19266464005109266,Thursday,0,-0.002990781036690038,-0.0006502704083306554,0.0023405106283593824,0.0023405106283593824
2025-09-26,3745.3758653223,,3775.42431640625,147736166,,0,8.236268057063548,8.228277255487177,0.007990801576370998,0.007990801576370998,0.8022813240765185,Friday,0,-0.0006691479591083294,0.005396860819484317,0.006066008778592646,0.006066008778592646
2025-09-27,3759.8324317882,,3776.893310546875,47044928,,0,8.236657075172083,8.23212966937707,0.004527405795013095,0.004527405795013095,0.45376699808295784,Saturday,0,0.0038524138898932136,0.0003890181085353106,0.003463395781357903,-0.003463395781357903
2025-09-28,3759.7264122284,,3778.170654296875,48817282,,0,8.236995217580438,8.232101471031394,0.0048937465490439536,0.0048937465490439536,0.4905740483798401,Sunday,0,-2.8198345676244685e-05,0.0003381424083546136,0.0003663407540308583,0.0003663407540308583
2025-09-29,3774.154589372,,3848.826416015625,209691735,,0,8.255523553803705,8.235931686767385,0.01959186703632021,0.01959186703632021,1.9785047187494802,Monday,1,0.0038302157359915157,0.018528336223267772,0.014698120487276256,0.014698120487276256
2025-09-30,3836.5109235057,,3875.141357421875,204819302,,0,8.26233742045677,8.252318618871767,0.010018801585003345,0.010018801585003345,1.0069157806769846,Tuesday,0,0.016386932104381913,0.006813866653065048,0.009573065451316864,-0.009573065451316864
2025-10-01,3865.0464907117,,3874.288330078125,235440586,,0,8.262117268166449,8.259728989593862,0.0023882785725870548,0.0023882785725870548,0.23911327816197736,Wednesday,0,0.007410370722094939,-0.00022015229032135153,0.00763052301241629,-0.00763052301241629
2025-10-02,3858.6826920331,,3866.750244140625,161400987,,0,8.260169703056704,8.258081132718493,0.002088570338210971,0.002088570338210971,0.2090752920467342,Thursday,0,-0.0016478568753690581,-0.0019475651097451419,0.00029970823437608374,-0.00029970823437608374
2025-10-03,3860.5447691935,,3886.2197265625,127644520,,0,8.265192171458414,8.25856358441612,0.006628587042294853,0.006628587042294853,0.6650604747257891,Friday,0,0.000482451697626729,0.005022468401710611,0.004540016704083882,0.004540016704083882
2025-10-04,3886.4835873798,,3902.44921875,85592262,,0,8.269359639812931,8.265260065679188,0.004099574133743289,0.004099574133743289,0.41079888828151717,Saturday,0,0.006696481263068321,0.004167468354516757,0.0025290129085515645,-0.0025290129085515645
2025-10-05,3886.7962809578,,3915.343017578125,91434366,,0,8.272658220826449,8.26534051912573,0.007317701700719326,0.007317701700719326,0.734454150843496,Sunday,0,8.045344654128428e-05,0.003298581013517321,0.0032181275669760367,0.0032181275669760367
2025-10-06,3904.3054728602,,3984.27783203125,188734139,,0,8.290111353228616,8.269835190593893,0.02027616263472254,0.02027616263472254,2.0483120423583063,Monday,1,0.004494671468163958,0.01745313240216717,0.012958460934003213,0.012958460934003213
2025-10-07,3971.681907996,,4003.220703125,224061222,,0,8.294854491903154,8.286944938372098,0.00790955353105538,0.00790955353105538,0.7940916684567404,Tuesday,0,0.017109747778205175,0.004743138674538017,0.012366609103667159,-0.012366609103667159
2025-10-08,3996.8137400864,,4033.29296875,376869291,,0,8.302338435118712,8.293252757697166,0.009085677421545313,0.009085677421545313,0.912707747617272,Wednesday,0,0.006307819325067854,0.007483943215557787,0.001176123890489933,0.001176123890489933
2025-10-09,4018.1604780968,,4002.012939453125,317075231,,0,8.29455274838511,8.298579484372429,-0.00402673598731873,0.00402673598731873,-0.40186395570052763,Thursday,0,0.00532672667526235,-0.007785686733601693,0.013112413408864043,-0.013112413408864043
2025-10-10,3989.0317582774,,3991.026611328125,433411347,,0,8.291803772861163,8.29130381333709,0.0004999595240740007,0.0004999595240740007,0.050008452466830874,Friday,0,-0.007275671035339215,-0.002748975523946484,0.004526695511392731,0.004526695511392731
2025-10-11,4017.3646569934,,3996.272216796875,283985501,,0,8.293117259769765,8.298381408679148,-0.005264148909382982,0.005264148909382982,-0.5250317558254839,Saturday,0,0.007077595342058984,0.0013134869086020018,0.0057641084334569825,-0.0057641084334569825
2025-10-12,4017.1645406493,,4041.53369140625,209453426,,0,8.304379525500961,8.298331594598144,0.006047930902816745,0.006047930902816745,0.6066256562398943,Sunday,0,-4.981408100412921e-05,0.011262265731195598,0.011312079812199727,0.011312079812199727
2025-10-13,4032.6369372606,,4144.38818359375,290477444,,0,8.329510453199358,8.302175767825915,0.02733468537344308,0.02733468537344308,2.77117052865819,Monday,1,0.003844173227770753,0.025130927698397088,0.021286754470626335,0.021286754470626335
2025-10-14,4124.2147495117,,4180.63134765625,452931055,,0,8.338217554222544,8.324630916892563,0.013586637329980888,0.013586637329980888,1.3679355118748355,Tuesday,0,0.022455149066647806,0.008707101023185615,0.013748048043462191,-0.013748048043462191
2025-10-15,4169.308966224,,4241.47607421875,411421035,,0,8.352666618354537,8.335505585526699,0.017161032827837985,0.017161032827837985,1.7309129301614057,Wednesday,0,0.010874668634135887,0.014449064131992984,0.003574395497857097,0.003574395497857097
2025-10-16,4213.6577287963,,4442.3642578125,680521876,,0,8.398942004201825,8.34608636866302,0.05285563553880479,0.05285563553880479,5.427743393897674,Thursday,0,0.010580783136321159,0.046275385847287964,0.035694602710966805,0.035694602710966805
2025-10-17,4360.4106111464,,4241.09033203125,1010849676,,0,8.352575668948592,8.380321508777158,-0.027745839828565266,0.027745839828565266,-2.7364459395208005,Friday,0,0.03423514011413786,-0.046366335253232194,0.08060147536737006,-0.08060147536737006
2025-10-18,4252.018858554,,4244.9248046875,154277709,,0,8.35347938473402,8.355149174671665,-0.001669789937643884,0.001669789937643884,-0.1668396614052757,Saturday,0,-0.02517233410549302,0.0009037157854283606,0.026076049890921382,0.026076049890921382
2025-10-19,4250.7355897938,,4245.95068359375,216923792,,0,8.353721027403886,8.354847326893339,-0.0011262994894529754,0.0011262994894529754,-0.112566545224275,Sunday,0,-0.000301847778326092,0.00024164266986481664,0.0005434904481909086,0.0005434904481909086
2025-10-20,4228.1778456165,,4366.8720703125,473001799,,0,8.381802258417697,8.349526409874748,0.03227584854294818,0.03227584854294818,3.280236304151419,Monday,1,-0.0053209170185901655,0.028081231013810992,0.03340214803240116,0.03340214803240116
2025-10-21,4359.1485013683,,4106.2548828125,633927270,,0,8.320266671349414,8.380032019418664,-0.05976534806925038,0.05976534806925038,-5.801445362010916,Tuesday,0,0.03050560954391557,-0.06153558706828299,0.09204119661219856,-0.09204119661219856
2025-10-22,4010.8951957096,,4096.44775390625,688147366,,0,8.317875475663422,8.296769736211427,0.02110573945199512,0.02110573945199512,2.133004080689126,Wednesday,0,-0.08326228320723672,-0.002391195685991221,0.0808710875212455,0.0808710875212455
2025-10-23,4088.8039144573,,4118.24072265625,409493105,,0,8.323181342085224,8.316007764814524,0.007173577270700449,0.007173577270700449,0.7199369012259706,Thursday,0,0.019238028603096424,0.005305866421801753,0.013932162181294672,-0.013932162181294672
2025-10-24,4130.6286527666,,4112.50732421875,346614090,,0,8.321788176037087,8.32618489053762,-0.00439671450053325,0.00439671450053325,-0.4387063101330235,Friday,0,0.01017712572309648,-0.0013931660481372177,0.011570291771233698,-0.011570291771233698
2025-10-25,4113.311870072,,4110.4404296875,84364216,,0,8.321285462256911,8.321983790804884,-0.0006983285479726931,0.0006983285479726931,-0.06980847733409114,Saturday,0,-0.004201099732735969,-0.0005027137801754122,0.0036983859525605567,0.0036983859525605567
2025-10-26,4113.3270975295,,4060.7724609375,172701217,,0,8.309128495813045,8.321987492792429,-0.012858996979383974,0.012858996979383974,-1.2776673322081467,Sunday,0,3.701987544957319e-06,-0.012156966443866324,0.012160668431411281,-0.012160668431411281
2025-10-27,4069.7672052461,,3990.343994140625,426559845,,0,8.291632720238022,8.311341079072557,-0.019708358834535034,0.019708358834535034,-1.9515418720533937,Monday,1,-0.010646413719872072,-0.01749577557502313,0.006849361855151059,-0.006849361855151059
2025-10-28,3989.0794959718,,3967.261962890625,487066414,,0,8.285831453849742,8.291315780503973,-0.005484326654231708,0.005484326654231708,-0.5469315189934555,Tuesday,0,-0.020025298568583594,-0.005801266388280268,0.014224032180303325,0.014224032180303325
2025-10-29,3964.5207112509,,3953.506591796875,385104017,,0,8.282358208841545,8.285140246876106,-0.0027820380345602302,0.0027820380345602302,-0.2778171752960759,Wednesday,0,-0.006175533627867935,-0.003473245008196457,0.002702288619671478,0.002702288619671478
2025-10-30,3957.8912039034,,4038.202392578125,377256289,,0,8.303554919602385,8.283466638140302,0.0200882814620833,0.0200882814620833,2.0291408868318475,Thursday,0,-0.0016736087358033558,0.021196710760840176,0.022870319496643532,0.022870319496643532
2025-10-31,4030.3095398636,,3998.996826171875,244996598,,0,8.293798815191058,8.301598460890233,-0.007799645699174462,0.007799645699174462,-0.7769307389919442,Friday,0,0.01813182274993075,-0.009756104411327016,0.027887927161257764,-0.027887927161257764
2025-11-01,4002.7282595817,,4007.91015625,62139000,,0,8.296025226408167,8.294731472496906,0.0012937539112609642,0.0012937539112609642,0.12945911718827172,Saturday,0,-0.006866988393326778,0.002226411217108648,0.009093399610435426,0.009093399610435426
2025-11-02,4002.8163816061,,3978.682373046875,75562033,,0,8.288705981416822,8.294753487744677,-0.00604750632785489,0.00604750632785489,-0.6029256967700702,Sunday,0,2.201524777056818e-05,-0.007319244991345286,0.007341260239115854,-0.007341260239115854
2025-11-03,3978.7677040242,,3991.654541015625,188244638,,0,8.291961095865004,8.28872742823119,0.003233667633812942,0.003233667633812942,0.3238901577086507,Monday,1,-0.006026059513486004,0.0032551144481818284,0.009281173961667832,0.009281173961667832
2025-11-04,3996.5901093187,,3929.777099609375,266737008,,0,8.276337985598152,8.293196803870243,-0.016858818272091014,0.016858818272091014,-1.6717503642302345,Tuesday,0,0.004469375639052586,-0.01562311026685137,0.020092485905903956,-0.020092485905903956
2025-11-05,3936.5475769172,,3971.510498046875,215460834,,0,8.286901779415249,8.278059368647561,0.00884241076768788,0.00884241076768788,0.8881620365695003,Wednesday,0,-0.015137435222682072,0.010563793817096823,0.025701229039778895,0.025701229039778895
2025-11-06,3974.9214257407,,3984.83203125,141437903,,0,8.290250440085028,8.287760259783802,0.0024901803012262747,0.0024901803012262747,0.2493283375394775,Thursday,0,0.009700891136240841,0.0033486606697792354,0.006352230466461606,-0.006352230466461606
2025-11-07,3985.0385711883,,3989.748046875,160575390,,0,8.291483361743492,8.29030227027115,0.0011810914723415777,0.0011810914723415777,0.11817892355545428,Friday,0,0.0025420104873479232,0.0012329216584632263,0.001309088828884697,-0.001309088828884697
2025-11-08,4001.0658839515,,3988.74072265625,44971364,,0,8.29123085171228,8.294316075592814,-0.003085223880534116,0.003085223880534116,-0.30804694680702066,Saturday,0,0.004013805321664066,-0.00025251003121162796,0.004266315352875694,-0.004266315352875694
2025-11-09,4001.112309222,,4002.193115234375,60268860,,0,8.294597768660712,8.2943276787512,0.000270089909511384,0.000270089909511384,0.02701263870758821,Sunday,0,1.1603158386108703e-05,0.0033669169484316086,0.0033553137900455,0.0033553137900455
2025-11-10,4014.3923996312,,4111.927734375,160441680,,0,8.321647232655424,8.297641282333961,0.024005950321463132,0.024005950321463132,2.4296412765418856,Monday,1,0.0033136035827610044,0.027049463994712752,0.023735860411951748,0.023735860411951748
2025-11-11,4119.3405924353,,4127.6044921875,176750611,,0,8.325452491570141,8.323448379154362,0.0020041124157792467,0.0020041124157792467,0.200612199131473,Tuesday,0,0.025807096820400943,0.003805258914717058,0.022001837905683885,-0.022001837905683885
2025-11-12,4143.6881891212,,4179.14697265625,194379076,,0,8.337862431165753,8.329341537170418,0.008520893995335399,0.008520893995335399,0.8557300143418967,Wednesday,0,0.005893158016055722,0.012409939595611874,0.006516781579556152,0.006516781579556152
2025-11-13,4187.7432293614,,4172.74658203125,282000433,,0,8.336329750741601,8.339917259070093,-0.003587508328491751,0.003587508328491751,-0.3581080908925983,Thursday,0,0.010575721899675372,-0.0015326804241517777,0.01210840232382715,-0.01210840232382715
2025-11-14,4184.8410827523,,4069.39794921875,288564881,,0,8.311250343469926,8.339224009144589,-0.027973665674663195,0.027973665674663195,-2.7586025669970065,Friday,0,-0.0006932499255043467,-0.02507940727167579,0.024386157346171444,-0.024386157346171444
2025-11-15,4082.0091975831,,4091.458740234375,103496070,,0,8.31665684565272,8.314344596572322,0.0023122490803970663,0.0023122490803970663,0.23149243898984442,Saturday,0,-0.024879412572266446,0.005406502182793815,0.03028591475506026,0.03028591475506026
2025-11-16,4082.9391936032,,4090.231201171875,123192413,,0,8.316356775843058,8.314572398630478,0.0017843772125800683,0.0017843772125800683,0.17859701609320341,Sunday,0,0.00022780205815564614,-0.0003000698096613519,0.000527871867816998,-0.000527871867816998
2025-11-17,4085.7868142671,,4023.780517578125,235331435,,0,8.299977166946636,8.315269599338766,-0.01529243239212974,0.01529243239212974,-1.5176096920293567,Monday,1,0.0006972007082879372,-0.01637960889642187,0.01707680960470981,-0.01707680960470981
2025-11-18,4038.0953919274,,4065.880126953125,214219051,,0,8.31038551194187,8.3035284221518,0.006857089790070603,0.006857089790070603,0.6880653458873098,Tuesday,0,-0.011741177186966212,0.010408344995234131,0.022149522182200343,0.022149522182200343
2025-11-19,4073.9619646763,,4093.896240234375,257807576,,0,8.317252421550862,8.312371260630332,0.0048811609205294815,0.0048811609205294815,0.48930931930433497,Wednesday,0,0.0088428384785324,0.0068669096089912784,0.0019759288695411215,-0.0019759288695411215
2025-11-20,4104.9858336939,,4068.984375,266352002,,0,8.311148707984486,8.319957570892486,-0.008808862907999426,0.008808862907999426,-0.8770178546877825,Thursday,0,0.007586310262153617,-0.006103713566375291,0.013690023828528908,-0.013690023828528908
2025-11-21,4079.6294717329,,4062.59423828125,417654359,,0,8.309577023484328,8.313761447522467,-0.004184424038138346,0.004184424038138346,-0.41756815342384734,Friday,0,-0.00619612337001918,-0.0015716845001580992,0.0046244388698610805,0.0046244388698610805
2025-11-22,4064.9216770891,,4055.166015625,83575248,,0,8.307746906679396,8.31014975416753,-0.0024028474881330197,0.0024028474881330197,-0.23999629609311154,Saturday,0,-0.003611693354937273,-0.0018301168049319472,0.001781576550005326,0.001781576550005326
2025-11-23,4065.1414526946,,4064.7265625,93525984,,0,8.310101753421769,8.310203819087333,-0.00010206566556369978,0.00010206566556369978,-0.010206045704142366,Sunday,0,5.406491980330941e-05,0.0023548467423726294,0.00230078182256932,0.00230078182256932
2025-11-24,4056.4281608601,,4139.75537109375,243007926,,0,8.32839197596574,8.30805810204194,0.020333873923799928,0.020333873923799928,2.05420155193829,Monday,1,-0.002145717045392459,0.01829022254397117,0.020435939589363628,0.020435939589363628
2025-11-25,4127.8817774659,,4124.7265625,191004144,,0,8.324755008692854,8.325519667571518,-0.0007646588786638375,0.0007646588786638375,-0.07643666015641241,Tuesday,0,0.017461565529577783,-0.0036369672728859825,0.021098532802463765,-0.021098532802463765
2025-11-26,4141.0148053702,,4166.796875,176042580,,0,8.334902884134012,8.328696158851951,0.006206725282060788,0.006206725282060788,0.6226026914070769,Wednesday,0,0.003176491280433069,0.010147875441157694,0.006971384160724625,0.006971384160724625
2025-11-27,4157.9073418665,,4160.1474609375,101048511,,0,8.333305799967812,8.332767183866268,0.0005386161015437096,0.0005386161015437096,0.05387611812422341,Thursday,0,0.004071025014317442,-0.001597084166199636,0.005668109180517078,-0.005668109180517078
2025-11-28,4178.3329203748,,4231.93359375,186132648,,0,8.350414281957084,8.337667623090965,0.01274665886611892,0.01274665886611892,1.2828243798819197,Friday,0,0.00490043922469674,0.01710848198927195,0.012208042764575211,0.012208042764575211
2025-11-29,4216.8631514052,,4250.109375,106537844,,0,8.354699996881433,8.346846801573136,0.007853195308296534,0.007853195308296534,0.7884112526563939,Saturday,0,0.009179178482170869,0.004285714924348483,0.004893463557822386,-0.004893463557822386
2025-11-30,4222.7696808515,,4240.22265625,87879156,,0,8.35237106011374,8.348246514221312,0.004124545892427278,0.004124545892427278,0.4133063538284309,Sunday,0,0.0013997126481761768,-0.0023289367676930794,0.0037286494158692562,-0.0037286494158692562
2025-12-01,4230.2580203577,,4246.2890625,368657376,,0,8.353800718725974,8.350018267900534,0.0037824508254402645,0.0037824508254402645,0.378961332031102,Monday,1,0.001771753679221888,0.0014296586122348742,0.00034209506698701375,-0.00034209506698701375
2025-12-02,4202.909758484,,4215.837890625,273063145,,0,8.346603638491665,8.343532364035621,0.0030712744560439376,0.0030712744560439376,0.30759956515609527,Tuesday,0,-0.006485903864913212,-0.007197080234309539,0.0007111763693963269,-0.0007111763693963269
2025-12-03,4216.5804375967,,4215.3046875,163826333,,0,8.346477154300283,8.346779755696652,-0.00030260139636872907,0.00030260139636872907,-0.030255561718327523,Wednesday,0,0.0032473916610307185,-0.0001264841913819481,0.0033738758524126666,-0.0033738758524126666
2025-12-04,4212.299915754,,4213.90283203125,104682837,,0,8.346144535728863,8.345764075788706,0.00038045994015689644,0.00038045994015689644,0.03805323242191947,Thursday,0,-0.0010156799079457102,-0.00033261857142008466,0.0006830613365256255,0.0006830613365256255
2025-12-05,4196.7257145975,,4211.54150390625,142385431,,0,8.345584012605649,8.342059908469274,0.003524104136374717,0.003524104136374717,0.3530321092278241,Friday,0,-0.003704167319432017,-0.0005605231232141961,0.0031436441962178208,0.0031436441962178208
2025-12-06,4197.722819325,,4215.07421875,45934745,,0,8.346422478525298,8.342297471360549,0.004125007164748951,0.004125007164748951,0.41335267171808776,Saturday,0,0.00023756289127518926,0.0008384659196494226,0.0006009030283742334,0.0006009030283742334
2025-12-07,4197.7457265899,,4214.52880859375,52333494,,0,8.346293075004102,8.342302928415096,0.003990146589005761,0.003990146589005761,0.3998117822511321,Sunday,0,5.457054546909035e-06,-0.00012940352119628074,0.00013486057574318977,-0.00013486057574318977
2025-12-08,4204.9191667364,,4203.466796875,105245829,,0,8.343664891620639,8.344010349091818,-0.0003454574711785341,0.0003454574711785341,-0.034539780761766635,Monday,1,0.0017074206767215827,-0.002628183383462712,0.004335604060184295,-0.004335604060184295
2025-12-09,4196.4474554421,,4215.78662109375,93201123,,0,8.346591477245353,8.341993602401267,0.004597874844085581,0.004597874844085581,0.46084612894580457,Tuesday,0,-0.0020167466905505194,0.0029265856247135957,0.004943332315264115,0.004943332315264115
2025-12-10,4214.2668102889,,4240.0341796875,117521855,,0,8.352326609440563,8.346230907568378,0.006095701872185444,0.006095701872185444,0.6114318470698208,Wednesday,0,0.004237305167110961,0.005735132195210824,0.001497827028099863,0.001497827028099863
2025-12-11,4242.5625756767,,4286.09228515625,146232641,,0,8.363130707569391,8.352922746717153,0.010207960852238074,0.010207960852238074,1.0260239820412438,Thursday,0,0.006691839148775358,0.010804098128827988,0.00411225898005263,0.00411225898005263
2025-12-12,4274.3646263842,,4309.79052734375,220987841,,0,8.368644580372326,8.360390744917806,0.008253835454519631,0.008253835454519631,0.8287992264599465,Friday,0,0.007467998200652914,0.005513872802934472,0.0019541253977184425,-0.0019541253977184425
2025-12-13,4299.9249233108,,4318.52587890625,44076686,,0,8.370669391270695,8.366352841834068,0.004316549436627071,0.004316549436627071,0.4325879155380132,Saturday,0,0.0059620969162619275,0.002024810898369367,0.003937286017892561,-0.003937286017892561
2025-12-14,4299.6272653124,,4319.2890625,58787730,,0,8.370846098829473,8.366283615439022,0.0045624833904511775,0.0045624833904511775,0.457290736483683,Sunday,0,-6.922639504658434e-05,0.00017670755877752242,0.00024593395382410677,0.00024593395382410677
2025-12-15,4310.859529349,,4316.8115234375,204543486,,0,8.37027233544962,8.36889258997803,0.0013797454715902546,0.0013797454715902546,0.13806977582957913,Monday,1,0.002608974539008102,-0.0005737633798528208,0.003182737918860923,-0.003182737918860923
2025-12-16,4304.7245643511,,4322.4453125,156123444,,0,8.371576565655548,8.36746843440875,0.004108131246798763,0.004108131246798763,0.4116581185159203,Tuesday,0,-0.0014241555692802166,0.0013042302059282918,0.0027283857752085083,0.0027283857752085083
2025-12-17,4317.7874275529,,4359.79248046875,168715927,,0,8.38017973898758,8.370498380486593,0.009681358500987614,0.009681358500987614,0.9728374455816153,Wednesday,0,0.0030299460778433485,0.008603173332032199,0.0055732272541888506,0.0055732272541888506
2025-12-18,4330.1646631716,,4345.7919921875,157251700,,0,8.376963297772086,8.37336084871957,0.003602449052516832,0.003602449052516832,0.3608945671006786,Thursday,0,0.002862468232976312,-0.00321644121549447,0.006078909448470782,-0.006078909448470782
2025-12-19,4326.150193552,,4349.39208984375,87685799,,0,8.377791364855657,8.372433324715683,0.005358040139974207,0.005358040139974207,0.5372420108389059,Friday,0,-0.0009275240038864041,0.0008280670835709714,0.0017555910874573755,0.0017555910874573755
2025-12-20,4338.8691518552,,4350.67431640625,25248364,,0,8.37808612733491,8.375369029053067,0.002717098281843633,0.002717098281843633,0.2720792938870448,Saturday,0,0.002935704337383882,0.0002947624792533077,0.0026409418581305744,-0.0026409418581305744
2025-12-21,4338.9293952053,,4364.52685546875,44533911,,0,8.381265067316916,8.375382913530743,0.00588215378617285,0.00588215378617285,0.5899487622853674,Sunday,0,1.3884477676029405e-05,0.0031789399820052466,0.0031650555043292172,0.0031650555043292172
2025-12-22,4365.8037073532,,4481.84814453125,270618178,,0,8.407790772602432,8.381557576720624,0.026233195881808058,0.026233195881808058,2.6580314864500223,Monday,1,0.0061746631898813575,0.026525705285516565,0.020351042095635208,0.020351042095635208
2025-12-23,4484.216454922,,4530.59375,255786460,,0,8.41860828052825,8.408319055757111,0.010289224771138805,0.010289224771138805,1.0342340862492334,Tuesday,0,0.0267614790364874,0.010817507925818148,0.015943971110669253,-0.015943971110669253
2025-12-24,4512.7596021371,,4493.84716796875,196299303,,0,8.410464444149355,8.414664130545843,-0.004199686396487934,0.004199686396487934,-0.4190880045857909,Wednesday,0,0.006345074788731253,-0.008143836378895486,0.014488911167626739,-0.014488911167626739
2025-12-25,4479.5883079161,,4513.3798828125,69144427,,0,8.414801571514356,8.407286425631934,0.007515145882422303,0.007515145882422303,0.754345546368288,Thursday,0,-0.007377704913908545,0.004337127365001692,0.011714832278910237,0.011714832278910237
2025-12-26,4514.8255584275,,4553.92822265625,250579217,,0,8.42374548511525,8.415121829097497,0.008623656017752168,0.008623656017752168,0.8660946856686326,Friday,0,0.007835403465563218,0.008943913600893083,0.0011085101353298654,0.0011085101353298654
2025-12-27,4533.6998980824,,4567.81787109375,92226801,,0,8.4267908799398,8.419293639658168,0.00749724028163179,0.00749724028163179,0.7525414954302703,Saturday,0,0.004171810560670508,0.0030453948245501294,0.0011264157361203786,-0.0011264157361203786
2025-12-28,4533.6012389425,,4548.640625,113774457,,0,8.422583703569956,8.419271878135437,0.0033118254345190223,0.0033118254345190223,0.33173155875104077,Sunday,0,-2.1761522731367222e-05,-0.0042071763698441345,0.004185414847112767,-0.004185414847112767
2025-12-29,4513.2239718989,,4357.6005859375,386736970,,0,8.379676860532808,8.414767026758405,-0.03509016622559713,0.03509016622559713,-3.448164481319174,Monday,1,-0.004504851377031827,-0.04290684303714798,0.03840199166011615,-0.03840199166011615
2025-12-30,4333.7001088192,,4355.40380859375,264383662,,0,8.379172607971732,8.374176984690498,0.004995623281233819,0.004995623281233819,0.5008122211867475,Tuesday,0,-0.040590042067906396,-0.0005042525610754467,0.04008578950683095,0.04008578950683095
2025-12-31,4354.1471727869,,4330.3779296875,258885289,,0,8.373410098870737,8.378884042965739,-0.0054739440950015705,0.0054739440950015705,-0.5458989362591199,Wednesday,0,0.004707058275240428,-0.005762509100994961,0.01046956737623539,-0.01046956737623539
2026-01-01,4318.5500727244,,4356.462890625,65552068,,0,8.379415743472546,8.370674993587564,0.00874074988498208,0.00874074988498208,0.8779061782808628,Thursday,0,-0.008209049378175237,0.006005644601808413,0.01421469397998365,0.01421469397998365
2026-01-02,4350.4817723515,,4341.74072265625,252076491,,0,8.376030634849736,8.378041870214863,-0.002011235365127817,0.002011235365127817,-0.2009214186530224,Friday,0,0.007366876627299845,-0.0033851086228100513,0.010751985250109897,-0.010751985250109897
2026-01-03,4331.9072694602,,4353.5283203125,118951495,,0,8.378741903430123,8.37376320194999,0.004978701480133907,0.004978701480133907,0.49911158082093854,Saturday,0,-0.004278668264873886,0.002711268580387838,0.006989936845261724,0.006989936845261724
2026-01-04,4331.9091460031,,4383.18310546875,140971417,,0,8.38553047583385,8.373763635140817,0.011766840693033132,0.011766840693033132,1.1836342300243818,Sunday,0,4.3319082720927327e-07,0.006788572403726434,0.006788139212899225,0.006788139212899225
2026-01-05,4402.6970922387,,4445.12109375,269534560,,0,8.399562390265343,8.389972607622399,0.0095897826429443,0.0095897826429443,0.9635911947266882,Monday,1,0.01620897248158215,0.01403191443149332,0.0021770580500888315,-0.0021770580500888315
2026-01-06,4440.5328284151,,4509.8115234375,286124817,,0,8.41401064081138,8.398529654625875,0.015480986185504975,0.015480986185504975,1.5601437417393587,Tuesday,0,0.00855704700347637,0.014448250546037045,0.005891203542560675,0.005891203542560675
2026-01-07,4472.22791189,,4472.72314453125,213971600,,0,8.405752706710947,8.405641977733532,0.0001107289774147091,0.0001107289774147091,0.011073510809539193,Wednesday,0,0.0071123231076573035,-0.008257934100432962,0.015370257208090266,-0.015370257208090266
2026-01-08,4457.8178981389,,4478.43115234375,207328265,,0,8.407028074869487,8.402414664780162,0.004613410089325143,0.004613410089325143,0.4624068249502915,Thursday,0,-0.0032273129533706424,0.0012753681585397914,0.004502681111910434,0.004502681111910434
2026-01-09,4458.8554653083,,4503.35595703125,155409514,,0,8.412578166040634,8.402647389952833,0.009930776087800908,0.009930776087800908,0.9980249880082833,Friday,0,0.00023272517267081128,0.005550091171146576,0.005317365998475765,0.005317365998475765
2026-01-10,4509.5950654207,,4516.80322265625,58082196,,0,8.415559770981137,8.413962642527965,0.0015971284531719476,0.0015971284531719476,0.15984045420888832,Saturday,0,0.011315252575132106,0.0029816049405031464,0.00833364763462896,-0.00833364763462896
2026-01-11,4509.6052336675,,4538.0986328125,86539539,,0,8.420263399967515,8.41396489732805,0.006298502639465298,0.006298502639465298,0.6318379917664573,Sunday,0,2.2548000853106487e-06,0.004703628986378661,0.00470137418629335,0.00470137418629335
2026-01-12,4581.5362257488,,4605.93798828125,247284084,,0,8.435101617042335,8.429789641336532,0.005311975705803107,0.005311975705803107,0.5326109263375356,Monday,1,0.015824744008481773,0.014838217074819582,0.0009865269336621907,-0.0009865269336621907
2026-01-13,4594.6655014595,,4601.09033203125,190386912,,0,8.434048583092768,8.432651235939689,0.0013973471530785986,0.0013973471530785986,0.13983238975088136,Tuesday,0,0.002861594603157158,-0.0010530339495673502,0.003914628552724508,-0.003914628552724508
2026-01-14,4615.7993272011,,4627.44287109375,227351428,,0,8.439759698848755,8.437240333932957,0.0025193649157984055,0.0025193649157984055,0.25225411824197363,Wednesday,0,0.004589097993267899,0.005711115755987706,0.001122017762719807,0.001122017762719807
2026-01-15,4613.9699012287,,4621.1728515625,205095287,,0,8.438403815832345,8.436843915354967,0.0015599004773783065,0.0015599004773783065,0.15611177549905006,Thursday,0,-0.00039641857799033176,-0.0013558830164104307,0.000959464438420099,-0.000959464438420099
2026-01-16,4602.7821977272,,4601.5517578125,160077490,,0,8.434148864246186,8.434416225236776,-0.0002673609905894381,0.0002673609905894381,-0.02673252528236617,Friday,0,-0.002427690118190995,-0.0042549515861587395,0.0018272614679677446,-0.0018272614679677446
2026-01-17,4596.4944375523,,4609.82177734375,54366563,,0,8.435944475231175,8.43304921315455,0.00289526207662405,0.00289526207662405,0.289945739574243,Saturday,0,-0.0013670120822251164,0.0017956109849883717,0.003162623067213488,0.003162623067213488
2026-01-18,4596.380350474,,4686.02978515625,108319336,,0,8.452340975248191,8.433024392392616,0.01931658285557525,0.01931658285557525,1.9504355133057045,Sunday,0,-2.4820761934662983e-05,0.016396500017016535,0.0164213207789512,0.0164213207789512
2026-01-19,4666.4775187779,,4681.861328125,184801519,,0,8.451451029527012,8.448159787417405,0.0032912421096078504,0.0032912421096078504,0.32966641937512753,Monday,1,0.015135395024788778,-0.0008899457211786199,0.016025340745967398,-0.016025340745967398
2026-01-20,4670.5379198638,,4802.517578125,424692014,,0,8.476895554839032,8.449029530295853,0.027866024543179435,0.027866024543179435,2.825791386895506,Tuesday,0,0.0008697428784483208,0.025444525312019906,0.024574782433571585,0.024574782433571585
2026-01-21,4803.1662471901,,4807.76416015625,603905573,,0,8.477987423463777,8.477030614263823,0.0009568091999536676,0.0009568091999536676,0.0957267087900582,Wednesday,0,0.028001083967970075,0.0010918686247443077,0.026909215343225767,-0.026909215343225767
2026-01-22,4785.5132941559,,4974.0048828125,386296287,,0,8.511980606030038,8.473348569639814,0.038632036390223945,0.038632036390223945,3.938795633203793,Thursday,0,-0.0036820446240088955,0.03399318256626138,0.03767522719027028,0.03767522719027028
2026-01-23,4947.051705595,,5001.9541015625,470620421,,0,8.51758393537837,8.506547063082326,0.011036872296044109,0.011036872296044109,1.1098003262307987,Friday,0,0.033198493442512245,0.005603329348332409,0.027595164094179836,-0.027595164094179836
2026-01-24,4985.7830396624,,5075.52392578125,281639155,,0,8.532185035188599,8.514345749230287,0.017839285958311635,0.017839285958311635,1.7999356451123514,Saturday,0,0.007798686147960865,0.01460109981022839,0.006802413662267526,0.006802413662267526
2026-01-25,4985.5816977302,,5063.904296875,401186851,,0,8.529893064924062,8.51430536520312,0.015587699720942538,0.015587699720942538,1.5709821620305204,Sunday,0,-4.038402716766143e-05,-0.002291970264536758,0.0022515862373690965,-0.0022515862373690965
2026-01-26,5057.8056608984,,5057.650390625,558707455,,0,8.528657304758958,8.528688004368076,-3.069960911794567e-05,3.069960911794567e-05,-0.003069913788901584,Monday,1,0.014382639164956856,-0.0012357601651036276,0.015618399330060484,-0.015618399330060484
2026-01-27,5063.6423893708,,5187.36669921875,9995704847,,0,8.553981467672648,8.529841343117711,0.024140124554936193,0.024140124554936193,2.4433856171925297,Tuesday,0,0.001153338749634969,0.025324162913689108,0.02417082416405414,0.02417082416405414
2026-01-28,5185.9258122197,,5536.52734375,867259322,,0,8.619122749941104,8.553703660600934,0.06541908934016938,0.06541908934016938,6.76063530843752,Wednesday,0,0.023862317483223094,0.06514128226845628,0.041278964785233185,0.041278964785233185
2026-01-29,5477.7892080979,,5467.4462890625,1754353415,,0,8.606566928828688,8.608456869363401,-0.0018899405347134746,0.0018899405347134746,-0.1888155721675065,Thursday,0,0.0547532087624667,-0.012555821112416155,0.06730902987488285,-0.06730902987488285
2026-01-30,5335.0775480197,,4912.69970703125,1914290677,,0,8.499578908182002,8.582058699341495,-0.08247979115949278,0.08247979115949278,-7.916995342368175,Friday,0,-0.026398170021906253,-0.10698802064668556,0.0805898506247793,-0.0805898506247793
2026-01-31,4890.3533867164,,4834.16162109375,545303867,,0,8.483462994939881,8.495019847079936,-0.011556852140055085,0.011556852140055085,-1.149032823993509,Saturday,0,-0.08703885226155883,-0.016115913242121138,0.07092293901943769,0.07092293901943769
2026-02-01,4892.3320034344,,4760.32666015625,394955677,,0,8.46807157095405,8.495424361109789,-0.02735279015573866,0.02735279015573866,-2.6982090174068807,Sunday,0,0.0004045140298529759,-0.015391423985830599,0.015795938015683575,-0.015795938015683575
2026-02-02,4636.466270867,,4785.6171875,1410786086,,0,8.473370279372912,8.441707775516743,0.0316625038561682,0.0316625038561682,3.21690934257803,Monday,1,-0.05371658559304571,0.005298708418861153,0.05901529401190686,0.05901529401190686
2026-02-03,4822.6704090589,,4956.98681640625,1024816385,,0,8.508553338425802,8.48108308040418,0.02747025802162284,0.02747025802162284,2.785104432910242,Tuesday,0,0.0393753048874359,0.03518305905289054,0.004192245834545361,-0.004192245834545361
2026-02-04,5040.9044189072,,5023.80615234375,842026339,,0,8.521943123077158,8.525340793162385,-0.003397670085227844,0.003397670085227844,-0.3391904535884217,Wednesday,0,0.044257712758206225,0.01338978465135554,0.030867928106850684,-0.030867928106850684
2026-02-05,4979.8787997098,,4695.63037109375,939607344,,0,8.45438764697343,8.513160832314869,-0.058773185341438605,0.058773185341438605,-5.707938687837427,Thursday,0,-0.012179960847516824,-0.06755547610372759,0.05537551525621076,-0.05537551525621076
2026-02-06,4758.2477086658,,4940.42236328125,642536828,,0,8.505206105167098,8.467634751018005,0.03757135414909207,0.03757135414909207,3.828608045849956,Friday,0,-0.0455260812968632,0.05081845819366748,0.09634453949053068,0.09634453949053068
2026-02-07,4954.1714371209,,4989.26904296875,167949665,,0,8.51504469364068,8.507985215248056,0.007059478392624996,0.007059478392624996,0.7084455250149124,Saturday,0,0.040350464230050065,0.009838588473582988,0.030511875756467077,-0.030511875756467077
2026-02-08,4953.0083334365,,5042.5322265625,203406472,,0,8.525663660797036,8.50775041508965,0.01791324570738695,0.01791324570738695,1.8074650212406678,Sunday,0,-0.0002348001584060455,0.010618967156355907,0.010853767314761953,0.010853767314761953
2026-02-09,4967.8949787002,,5035.80712890625,397738338,,0,8.524329095961065,8.51075148383677,0.013577612124294092,0.013577612124294092,1.3670206495351136,Monday,1,0.0030010687471211384,-0.0013345648359717188,0.004335633583092857,-0.004335633583092857
2026-02-10,5032.3783221245,,5041.4326171875,324927365,,0,8.52544557011616,8.523647978806244,0.0017975913099164131,0.0017975913099164131,0.17992079457128896,Tuesday,0,0.012896494969472982,0.001116474155095304,0.011780020814377679,-0.011780020814377679
2026-02-11,5044.9479638842,,5075.75927734375,327079620,,0,8.532231404018594,8.526142618340899,0.006088785677695441,0.006088785677695441,0.6107360012456388,Wednesday,0,0.0024946395346550077,0.006785833902434035,0.004291194367779028,0.004291194367779028
2026-02-12,5049.887841991,,4920.12548828125,351244996,,0,8.50108931490931,8.527121312516037,-0.026031997606727586,0.026031997606727586,-2.5696086283490374,Thursday,0,0.000978694175138628,-0.0311420891092844,0.03212078328442303,-0.03212078328442303
2026-02-13,4952.2945466323,,5043.77783203125,248284572,,0,8.525910650125711,8.507606292933248,0.018304357192462817,0.018304357192462817,1.8472908777439605,Friday,0,-0.019515019582788895,0.024821335216401508,0.0443363547991904,0.0443363547991904
2026-02-14,5042.3303634007,,5021.64599609375,76105328,,0,8.521513046610439,8.525623627894253,-0.004110581283814696,0.004110581283814696,-0.41021444086816217,Saturday,0,0.018017334961005105,-0.004397603515272408,0.022414938476277513,-0.022414938476277513
2026-02-15,5042.4396936819,,5022.30224609375,259089830,,0,8.521643722313879,8.525645310149889,-0.00400158783600979,0.00400158783600979,-0.3993592152104901,Sunday,0,2.1682255635369074e-05,0.00013067570344027502,0.00010899344780490594,0.00010899344780490594
2026-02-16,5021.6231091078,,4996.603515625,195387798,,0,8.516513663714576,8.521508488933907,-0.004994825219331034,0.004994825219331034,-0.4982371822652589,Monday,1,-0.004136821215981357,-0.0051300585993026004,0.0009932373833212438,-0.0009932373833212438
2026-02-17,4946.8755039629,,4864.6728515625,354265905,,0,8.489754747048144,8.506511444944374,-0.016756697896230577,0.016756697896230577,-1.6617085336905808,Tuesday,0,-0.014997043989533054,-0.026758916666432597,0.011761872676899543,-0.011761872676899543
2026-02-18,4888.2473335833,,4977.79296875,196635743,,0,8.512741892820014,8.494589099731536,0.01815279308847728,0.01815279308847728,1.831855654101262,Wednesday,0,-0.011922345212838081,0.022987145771869777,0.03490949098470786,0.03490949098470786
2026-02-19,4963.8384369866,,4998.19921875,191266170,,0,8.516832970294399,8.509934598854182,0.006898371440216877,0.006898371440216877,0.6922220011709239,Thursday,0,0.015345499122645379,0.004091077474384974,0.011254421648260404,-0.011254421648260404
2026-02-20,5013.6471475356,,5113.32421875,481853490,,0,8.539605003738512,8.519918902794684,0.01968610094382761,0.01968610094382761,1.9881150045310807,Friday,0,0.009984303940502315,0.02277203344411305,0.012787729503610734,0.012787729503610734
2026-02-21,5107.1766557084,,5140.05224609375,112415173,,0,8.54481852300723,8.538402016945888,0.00641650606134192,0.00641650606134192,0.6437135936663573,Saturday,0,0.01848311415120385,0.005213519268718159,0.013269594882485691,-0.013269594882485691
2026-02-22,5107.0305936668,,5187.380859375,172658276,,0,8.553984197407742,8.538373417165593,0.015610780242148792,0.015610780242148792,1.5733265002923973,Sunday,0,-2.8599780295124333e-05,0.009165674400511747,0.009194274180806872,0.009194274180806872
2026-02-23,5148.0767042837,,5255.55078125,351389818,,0,8.56704008871316,8.546378468427024,0.02066162028613583,0.02066162028613583,2.0876549270695883,Monday,1,0.008005051261431362,0.013055891305418399,0.005050840043987037,0.005050840043987037
2026-02-24,5189.5563292607,,5168.69970703125,558750864,,0,8.550376428525146,8.554403486814245,-0.004027058289098662,0.004027058289098662,-0.40189605635172887,Tuesday,0,0.008025018387220584,-0.016663660188013907,0.02468867857523449,-0.02468867857523449
2026-02-25,5170.1763547155,,5179.78759765625,369044815,,0,8.552519330099363,8.550662078084242,0.0018572520151209915,0.0018572520151209915,0.1858977775871095,Wednesday,0,-0.0037414087300025045,0.0021429015742171487,0.005884310304219653,0.005884310304219653
2026-02-26,5189.7556299767,,5196.6904296875,248573065,,0,8.555777246116202,8.554441890268501,0.0013353558477007255,0.0013353558477007255,0.13362478323147778,Thursday,0,0.003779812184259157,0.003257916016838891,0.000521896167420266,-0.000521896167420266
2026-02-27,5177.3072410855,,5291.09228515625,447791436,,0,8.573779984663997,8.552040362462824,0.021739622201172537,0.021739622201172537,2.1977649533291563,Friday,0,-0.0024015278056772615,0.01800273854779455,0.02040426635347181,0.02040426635347181
2026-02-28,5278.7886658073,,5372.89599609375,1281605289,,0,8.589122333775006,8.571451931024983,0.017670402750022518,0.017670402750022518,1.782744797040622,Saturday,0,0.019411568562158976,0.015342349111008957,0.004069219451150019,-0.004069219451150019
2026-03-01,5277.7829089556,,5435.98974609375,654575226,,0,8.600796888973036,8.571261384909207,0.029535504063829876,0.029535504063829876,2.997600315649533,Sunday,0,-0.00019054611577651315,0.011674555198030845,0.011865101313807358,0.011865101313807358
2026-03-02,5336.1394311889,,5357.2265625,773396492,,0,8.58620168778112,8.582257717536848,0.003943970244272066,0.003943970244272066,0.39517579296839933,Monday,1,0.010996332627641436,-0.014595201191916374,0.02559153381955781,-0.02559153381955781
2026-03-03,5363.1352030295,,5144.81201171875,1146238445,,0,8.545744109547899,8.58730400900069,-0.041559899452790816,0.041559899452790816,-4.07081274377392,Tuesday,0,0.005046291463841612,-0.04045757823322127,0.04550386969706288,-0.04550386969706288
2026-03-04,5160.7256393107,,5176.455078125,665360834,,0,8.551875753128332,8.548832476361842,0.0030432767664905214,0.0030432767664905214,0.30479122343734855,Wednesday,0,-0.03847153263884806,0.006131643580433277,0.04460317621928134,0.04460317621928134
2026-03-05,5180.9981711076,,5102.1650390625,441253677,,0,8.537420246093607,8.552753013814842,-0.01533276772123493,0.01533276772123493,-1.5215819315420978,Thursday,0,0.00392053745300025,-0.014455507034725201,0.01837604448772545,-0.01837604448772545
2026-03-06,5082.6799548251,,5180.2177734375,338083846,,0,8.552602375573972,8.533593951629284,0.0190084239446886,0.0190084239446886,1.9190234183406545,Friday,0,-0.019159062185558184,0.015182129480365347,0.03434119166592353,0.03434119166592353
2026-03-07,5171.9197855929,,5174.09228515625,183150970,,0,8.551419198913978,8.550999230412021,0.00041996850195680224,0.00041996850195680224,0.042005670107300504,Saturday,0,0.017405278782737454,-0.001183176659994345,0.0185884554427318,-0.0185884554427318
2026-03-08,5171.8743131104,,5082.99365234375,274940460,,0,8.533655668644972,8.550990438187029,-0.017334769542056705,0.017334769542056705,-1.7185386841544636,Sunday,0,-8.792224992504316e-06,-0.01776353026900601,0.017754738044013507,-0.017754738044013507
2026-03-09,5064.4450634322,,5146.44091796875,444742751,,0,8.54606067085967,8.52999984768569,0.016060823173980054,0.016060823173980054,1.6190491457514362,Monday,1,-0.02099059050133789,0.012405002214698868,0.03339559271603676,0.03339559271603676
2026-03-10,5144.0884906679,,5195.64208984375,449580260,,0,8.555575493555775,8.545603468465428,0.009972025090347003,0.009972025090347003,1.0021911417226825,Tuesday,0,0.015603620779737426,0.009514822696104375,0.006088798083633051,-0.006088798083633051
2026-03-11,5217.4938394441,,5144.99365234375,284945367,,0,8.545779414514959,8.559772458202044,-0.013993043687085205,0.013993043687085205,-1.3895596110195736,Wednesday,0,0.014168989736615956,-0.009796079040816252,0.023965068777432208,-0.023965068777432208
2026-03-12,5156.228569425,,5111.07470703125,311506359,,0,8.539164975572284,8.547960693841627,-0.008795718269343666,0.008795718269343666,-0.8757149103416443,Thursday,0,-0.011811764360416532,-0.006614438942674994,0.0051973254177415384,0.0051973254177415384
2026-03-13,5119.1586560366,,5029.34423828125,427287454,,0,8.52304488447185,8.54074537953787,-0.01770049506602156,0.01770049506602156,-1.7544761510651694,Friday,0,-0.00721531430375677,-0.016120091100434664,0.008904776796677893,-0.008904776796677893
2026-03-14,5018.78783225,,5021.23486328125,106888953,,0,8.521431171136959,8.520943715848478,0.0004874552884803762,0.0004874552884803762,0.048757411411689294,Saturday,0,-0.019801663689392512,-0.0016137133348905763,0.018187950354501936,0.018187950354501936
2026-03-15,5019.5864262352,,4984.1162109375,184074278,,0,8.51401137699672,8.521102824079815,-0.007091447083094948,0.007091447083094948,-0.7066362103521577,Sunday,0,0.00015910823133680196,-0.007419794140238523,0.0075789023715753245,-0.0075789023715753245
2026-03-16,4999.7450130043,,5000.9228515625,329380757,,0,8.517377744697733,8.517142192716685,0.0002355519810475215,0.0002355519810475215,0.02355797255933283,Monday,1,-0.003960631363129963,0.003366367701012507,0.00732699906414247,0.00732699906414247
2026-03-17,5010.7078827454,,4994.1279296875,208848352,,0,8.51601808718913,8.519332478059017,-0.0033143908698871627,0.0033143908698871627,-0.33089043396430173,Tuesday,0,0.002190285342331677,-0.0013596575086030072,0.003549942850934684,-0.003549942850934684
2026-03-18,5011.9987249475,,4827.228515625,540109298,,0,8.482027775667968,8.519590061615986,-0.03756228594801847,0.03756228594801847,-3.686557388827653,Wednesday,0,0.0002575835569693652,-0.03399031152116194,0.03424789507813131,-0.03424789507813131
2026-03-19,4838.9102580542,,4654.67138671875,764931465,,0,8.445626593603585,8.484444821065283,-0.038818227461698385,0.038818227461698385,-3.807445509632898,Thursday,0,-0.035145240550702894,-0.03640118206438281,0.0012559415136799146,-0.0012559415136799146
2026-03-20,4656.534048577,,4509.33447265625,555289373,,0,8.413904854569111,8.446026683988453,-0.03212182941934216,0.03212182941934216,-3.1611403328132703,Friday,0,-0.03841813707682995,-0.03172173903447373,0.006696398042356222,0.006696398042356222
2026-03-21,4492.6172820205,,4504.21630859375,130516380,,0,8.412769194553032,8.410190724498479,0.00257847005455325,0.00257847005455325,0.25817971674705636,Saturday,0,-0.0358359594899742,-0.0011356600160787877,0.03470029947389541,0.03470029947389541
2026-03-22,4493.778139477,,4471.259765625,266681952,,0,8.405425474663657,8.410449083363964,-0.005023608700307491,0.005023608700307491,-0.5011011481448153,Sunday,0,0.00025835886548541964,-0.007343719889375322,0.007602078754860742,-0.007602078754860742
2026-03-23,4410.4701031874,,4444.1826171875,1522193090,,0,8.399351242891713,8.391736562121805,0.007614680769908233,0.007614680769908233,0.7643746179287372,Monday,1,-0.018712521242159497,-0.006074231771943772,0.012638289470215724,0.012638289470215724
2026-03-24,4347.8979217918,,4548.10546875,671416824,,0,8.422466044740062,8.377447770916707,0.04501827382335577,0.04501827382335577,4.604697501170694,Tuesday,0,-0.014288791205098406,0.02311480184834913,0.03740359305344754,0.03740359305344754
2026-03-25,4572.9713613096,,4499.9892578125,535146071,,0,8.411830288602784,8.427918461077676,-0.016088172474891138,0.016088172474891138,-1.595944906075239,Wednesday,0,0.050470690160969056,-0.010635756137277852,0.06110644629824691,-0.06110644629824691
2026-03-26,4538.6280362854,,4406.93994140625,514313800,,0,8.390935836749636,8.420380050714597,-0.029444213964961108,0.029444213964961108,-2.9014956464008748,Thursday,0,-0.007538410363078896,-0.020894451853148865,0.01335604149006997,-0.01335604149006997
2026-03-27,4397.05204043,,4499.17333984375,389276421,,0,8.41164895662614,8.388689604550844,0.022959352075295314,0.022959352075295314,2.3224946731302207,Friday,0,-0.031690446163752384,0.020713119876504038,0.05240356604025642,0.05240356604025642
2026-03-28,4493.8690145035,,4497.9765625,128940747,,0,8.411382921856507,8.410469305570055,0.0009136162864518127,0.0009136162864518127,0.09140337609404117,Saturday,0,0.021779701019211117,-0.00026603476963238393,0.0220457357888435,-0.0220457357888435
2026-03-29,4493.856897621,,4452.71044921875,179538641,,0,8.401268279452514,8.410466609252294,-0.00919832979977997,0.00919832979977997,-0.9156154577158968,Sunday,0,-2.6963177610639377e-06,-0.010114642403992846,0.010111946086231782,-0.010111946086231782
2026-03-30,4425.95575195,,4507.97314453125,381509751,,0,8.413602917850717,8.395241523260976,0.018361394589740954,0.018361394589740954,1.8531001478068136,Monday,1,-0.01522508599131811,0.012334638398202813,0.027559724389520923,0.027559724389520923
2026-03-31,4518.495557867,,4683.30615234375,490102271,,0,8.451759582306922,8.41593437624249,0.03582520606443218,0.03582520606443218,3.6474661171195395,Tuesday,0,0.020692852981513354,0.03815666445620458,0.017463811474691227,0.017463811474691227
2026-04-01,4697.8859982796,,4767.40576171875,477317217,,0,8.46955757046615,8.45486789891328,0.01468967155287082,0.01468967155287082,1.479809502925537,Wednesday,0,0.03893352267079031,0.01779798815922895,0.02113553451156136,-0.02113553451156136
2026-04-02,4791.9916235986,,4668.07666015625,536341860,,0,8.4485024157558,8.474701391796804,-0.02619897604100352,0.02619897604100352,-2.5858760443595026,Thursday,0,0.01983349288352443,-0.02105515471034991,0.04088864759387434,-0.04088864759387434
2026-04-03,4676.7172438048,,4648.1611328125,106353474,,0,8.44422696505919,8.450351699153552,-0.006124734094361983,0.006124734094361983,-0.6106016144150703,Friday,0,-0.02434969264325204,-0.0042754506966105055,0.020074241946641536,0.020074241946641536
2026-04-04,4676.7456771671,,4649.1181640625,54427374,,0,8.444432838459962,8.45035777890445,-0.005924940444488769,0.005924940444488769,-0.5907422599326713,Saturday,0,6.079750898280167e-06,0.00020587340077149463,0.00019979364987321446,0.00019979364987321446
2026-04-05,4676.642881261,,4601.5048828125,214167897,,0,8.434138677413305,8.450335798441337,-0.016197121028032058,0.016197121028032058,-1.6066653015044872,Sunday,0,-2.198046311363555e-05,-0.010294161046656924,0.010272180583543289,-0.010272180583543289
2026-04-06,4624.7372571146,,4643.5390625,286197993,,0,8.443232083477438,8.439174839060298,0.004057244417140282,0.004057244417140282,0.4065486175777002,Monday,1,-0.011160959381038893,0.009093406064133447,0.02025436544517234,0.02025436544517234
2026-04-07,4659.8691601937,,4794.943359375,424469059,,0,8.475317174812943,8.446742649513867,0.028574525299076114,0.028574525299076114,2.8986693518168534,Tuesday,0,0.007567810453569024,0.032085091335504856,0.024517280881935832,0.024517280881935832
2026-04-08,4840.0976925318,,4700.63037109375,426297203,,0,8.455451900213973,8.484690183914372,-0.029238283700399492,0.029238283700399492,-2.881498066727993,Wednesday,0,0.037947534400505134,-0.019865274598970473,0.05781280899947561,-0.05781280899947561
2026-04-09,4700.0741671704,,4747.31787109375,328129691,,0,8.465335078831812,8.455333567822665,0.010001511009146924,0.010001511009146924,1.0051693280362066,Thursday,0,-0.029356616091707366,0.00988317861783905,0.039239794709546416,0.039239794709546416
2026-04-10,4752.9262578738,,4735.64111328125,188779005,,0,8.462872395246828,8.466515761634364,-0.003643366387535707,0.003643366387535707,-0.3636737381295344,Friday,0,0.011182193811698937,-0.0024626835849836937,0.013644877396682631,-0.013644877396682631
2026-04-11,4749.1273478498,,4733.71923828125,70435087,,0,8.462466480812266,8.465716163908644,-0.0032496830963779644,0.0032496830963779644,-0.3244408591301682,Saturday,0,-0.0007995977257202469,-0.0004059144345625043,0.0003936832911577426,0.0003936832911577426
2026-04-12,4749.04615408,,4652.7919921875,166799533,,0,8.445222746823795,8.465699067196358,-0.02047632037256264,0.02047632037256264,-2.026810411387682,Sunday,0,-1.7096712285891158e-05,-0.017243733988470566,0.017226637276184675,-0.017226637276184675
2026-04-13,4670.6099069241,,4742.3955078125,346051288,,0,8.464297668421997,8.44904494318978,0.015252725232217657,0.015252725232217657,1.5369641721090666,Monday,1,-0.016654124006578286,0.01907492159820201,0.035729045604780296,0.035729045604780296
2026-04-14,4757.8854815028,,4828.4228515625,365734641,,0,8.482275161555915,8.467558621952568,0.014716539603346845,0.014716539603346845,1.4825361041985525,Tuesday,0,0.018513678762788643,0.017977493133917832,0.0005361856288708111,-0.0005361856288708111
2026-04-15,4832.4750052312,,4812.73828125,221127315,,0,8.479021490357326,8.483114038845871,-0.0040925484885452335,0.0040925484885452335,-0.40841854246188475,Wednesday,0,0.015555416893302976,-0.003253671198589103,0.01880908809189208,-0.01880908809189208
2026-04-16,4830.3065022688,,4777.44384765625,241778683,,0,8.471660922545878,8.48266520265991,-0.011004280114031317,0.011004280114031317,-1.0943954506348628,Thursday,0,-0.0004488361859618095,-0.007360567811447893,0.006911731625486084,-0.006911731625486084
2026-04-17,4789.8042311215,,4821.47607421875,313135595,,0,8.480835399627383,8.474244819240205,0.006590580387177525,0.006590580387177525,0.6612346051945817,Friday,0,-0.00842038341970408,0.009174477081504762,0.017594860501208842,0.017594860501208842
2026-04-18,4830.4581641264,,4777.1845703125,98856951,,0,8.471606649928992,8.482696600145067,-0.01108995021607484,0.01108995021607484,-1.1028683409275521,Saturday,0,0.00845178090486165,-0.009228749698390715,0.017680530603252365,-0.017680530603252365
2026-04-19,4831.1746034813,,4738.798828125,148448634,,0,8.463538970786955,8.482844906207498,-0.01930593542054382,0.01930593542054382,-1.9120769365225447,Sunday,0,0.0001483060624316579,-0.00806767914203732,0.008215985204468979,-0.008215985204468979
2026-04-20,4751.3680376422,,4807.7041015625,252997163,,0,8.477974931384948,8.46618786348704,0.011787067897907733,0.011787067897907733,1.1856809128230812,Monday,1,-0.016657042720458648,0.014435960597992903,0.03109300331845155,0.03109300331845155
2026-04-21,4829.3827372748,,4729.26611328125,236800371,,0,8.461525313693587,8.482473940814128,-0.02094862712054102,0.02094862712054102,-2.073072884052372,Tuesday,0,0.016286077327087867,-0.016449617691360885,0.03273569501844875,-0.03273569501844875
2026-04-22,4745.1633736024,,4714.892578125,193988880,,0,8.458481411801658,8.464881141136743,-0.006399729335084814,0.006399729335084814,-0.6379294682623081,Wednesday,0,-0.017592799677384363,-0.003043901891928158,0.014548897785456205,0.014548897785456205
2026-04-23,4706.3430208698,,4687.91357421875,192254244,,0,8.452742895553369,8.456666456743532,-0.003923561190163127,0.003923561190163127,-0.39158740808578013,Thursday,0,-0.008214684393211158,-0.005738516248289471,0.0024761681449216866,0.0024761681449216866
2026-04-24,4696.3901197345,,4697.42529296875,155190141,,0,8.454769827588779,8.454549432958277,0.00022039463050127495,0.00022039463050127495,0.022041891918216327,Friday,0,-0.0021170237852548013,0.002026932035409601,0.004143955820664402,0.004143955820664402
2026-04-25,4709.4526721199,,4692.419921875,38116265,,0,8.453703703184525,8.457326974763369,-0.0036232715788440117,0.0036232715788440117,-0.3616715450976784,Saturday,0,0.002777541805091488,-0.0010661244042537987,0.0038436662093452867,-0.0038436662093452867
2026-04-26,4709.3506511855,,4675.0712890625,67033123,,0,8.449999690603848,8.457305311515734,-0.007305620911886024,0.007305620911886024,-0.7278999730965251,Sunday,0,-2.166324763486216e-05,-0.0037040125806768742,0.003682349333042012,-0.003682349333042012
2026-04-27,4679.0280348644,,4684.798828125,139669728,,0,8.452078254182824,8.450845682484172,0.0012325716986527624,0.0012325716986527624,0.1233331627338106,Monday,1,-0.006459629031562386,0.0020785635789764,0.008538192610538786,0.008538192610538786
2026-04-28,4699.5175475286,,4586.419921875,227199498,,0,8.430855025269329,8.455215132967334,-0.024360107698004896,0.024360107698004896,-2.406579494805287,Tuesday,0,0.004369450483162396,-0.021223228913495262,0.025592679396657658,-0.025592679396657658
2026-04-29,4609.5460933866,,4551.4296875,203821703,,0,8.42319667962213,8.435884669838636,-0.012687990216505796,0.012687990216505796,-1.2607837021085528,Wednesday,0,-0.019330463128698128,-0.0076583456471990274,0.0116721174814991,0.0116721174814991
2026-04-30,4560.7080408019,,4618.77001953125,152114990,,0,8.437883719091719,8.425233162560646,0.01265055653107261,0.01265055653107261,1.2730913316507975,Thursday,0,-0.01065150727798958,0.014687039469588825,0.025338546747578405,0.025338546747578405
2026-05-01,4622.7746540662,,4604.0791015625,159207773,,0,8.434697950745983,8.438750378276314,-0.00405242753033086,0.00405242753033086,-0.40442275262661764,Friday,0,0.013517215715667774,-0.0031857683457356956,0.01670298406140347,-0.01670298406140347
2026-05-02,4614.3531299849,,4597.361328125,39449157,,0,8.43323779357116,8.436926970262153,-0.003689176690992113,0.003689176690992113,-0.3682380039248466,Saturday,0,-0.001823408014161032,-0.0014601571748222852,0.0003632508393387468,0.0003632508393387468
2026-05-03,4614.4744990296,,4607.44873046875,74355834,,0,8.43542956207431,8.436953272420906,-0.0015237103465963742,0.0015237103465963742,-0.15225500893607322,Sunday,0,2.6302158753210847e-05,0.0021917685031489498,0.002165466344395739,0.002165466344395739
2026-05-04,4611.5293768256,,4515.73046875,224852603,,0,8.415322239863524,8.436314832996066,-0.02099259313254187,0.02099259313254187,-2.077378245859598,Monday,1,-0.0006384394248399872,-0.020107322210785483,0.019468882785945496,-0.019468882785945496
2026-05-05,4527.5747412038,,4583.22998046875,154740423,,0,8.43015926445645,8.41794169789382,0.0122175665626294,0.0122175665626294,1.229250591016248,Tuesday,0,-0.018373135102246252,0.014837024592925019,0.03321015969517127,0.03321015969517127
2026-05-06,4590.0658123636,,4685.2685546875,269379115,,0,8.452178515268193,8.431649641157378,0.0205288741108145,0.0205288741108145,2.0741040807621043,Wednesday,0,0.013707943263558064,0.022019250811743163,0.008311307548185098,0.008311307548185098
2026-05-07,4698.5879333684,,4695.97412109375,342816001,,0,8.454460850652405,8.455017302848248,-0.0005564521958429935,0.0005564521958429935,-0.05562974050324701,Thursday,0,0.023367661690869568,0.0022823353842120753,0.021085326306657493,-0.021085326306657493
2026-05-08,4704.144586588,,4706.30517578125,175404500,,0,8.456658415417062,8.45619922605082,0.0004591893662411195,0.0004591893662411195,0.0459294809817385,Friday,0,0.001181923202572932,0.002197564764657045,0.001015641562084113,0.001015641562084113
2026-05-09,4715.2840746467,,4711.15576171875,47524096,,0,8.457688541562236,8.458564442382388,-0.0008759008201515428,0.0008759008201515428,-0.08755173310018044,Saturday,0,0.002365216331567055,0.0010301261451743926,0.0013350901863926623,-0.0013350901863926623
2026-05-10,4715.0328449188,,4689.40771484375,97219995,,0,8.453061566651774,8.45851116109182,-0.005449594440046113,0.005449594440046113,-0.5434772337305179,Sunday,0,-5.328129056714204e-05,-0.004626974910461712,0.00457369361989457,-0.00457369361989457
2026-05-11,4681.7356130265,,4754.81640625,220672795,,0,8.466913363561103,8.451424177645348,0.015489185915754433,0.015489185915754433,1.5609765109366625,Monday,1,-0.007086983446471962,0.013851796909328584,0.020938780355800546,0.020938780355800546
2026-05-12,4767.1554431142,,4711.0009765625,216746025,,0,8.45765568599412,8.469505062836438,-0.011849376842318904,0.011849376842318904,-1.1779449447743786,Tuesday,0,0.018080885191089635,-0.009257677566983702,0.027338562758073337,-0.027338562758073337
2026-05-13,4722.3405430881,,4685.81005859375,161121816,,0,8.452294084442073,8.46005983344575,-0.007765749003677769,0.007765749003677769,-0.7735673478232838,Wednesday,0,-0.00944522939068726,-0.005361601552046125,0.004083627838641135,0.004083627838641135
2026-05-14,4696.4805514044,,4647.783203125,171426657,,0,8.44414565439853,8.454568688343146,-0.010423033944615412,0.010423033944615412,-1.0368902361330554,Thursday,0,-0.005491145102604733,-0.008148430043542376,0.002657284940937643,-0.002657284940937643
2026-05-15,4648.0669619119,,4540.41552734375,299884412,,0,8.4207738126938,8.444206705035525,-0.023432892341723743,0.023432892341723743,-2.3160474117582277,Friday,0,-0.010361983307621614,-0.023371841704729945,0.013009858397108331,-0.013009858397108331
2026-05-16,4540.154946408,,4535.490234375,104010625,,0,8.419688456899776,8.420716419617765,-0.001027962717989439,0.001027962717989439,-0.10274345453100521,Saturday,0,-0.023490285417759438,-0.0010853557940251335,0.022404929623734304,0.022404929623734304
2026-05-17,4540.4188082309,,4534.8125,80662347,,0,8.419539016600789,8.42077453528977,-0.0012355186889809744,0.0012355186889809744,-0.12347557500063627,Sunday,0,5.8115672004532826e-05,-0.0001494402989870025,0.00020755597099153533,-0.00020755597099153533
2026-05-18,4526.9721527835,,4574.75048828125,256862061,,0,8.428307438141765,8.41780859605488,0.010498842086885674,0.010498842086885674,1.055414831044909,Monday,1,-0.0029659392348904134,0.008768421540976234,0.011734360775866648,0.011734360775866648
2026-05-19,4580.5645729059,,4491.31494140625,178813753,,0,8.409900797862573,8.429577538704637,-0.019676740842063722,0.019676740842063722,-1.9484417276324943,Tuesday,0,0.011768942649757363,-0.018406640279192032,0.030175582928949396,-0.030175582928949396
2026-05-20,4488.0442987924,,4535.93505859375,190631643,,0,8.419786528416598,8.409172317651235,0.010614210765362841,0.010614210765362841,1.0670741332530118,Wednesday,0,-0.02040522105340159,0.009885730554024974,0.030290951607426564,0.030290951607426564
2026-05-21,4544.3577027545,,4524.57861328125,173333389,,0,8.417279727660965,8.421641677099071,-0.004361949438106194,0.004361949438106194,-0.4352449953765952,Thursday,0,0.012469359447836226,-0.00250680075563281,0.014976160203469036,-0.014976160203469036
2026-05-22,4532.5080542668,,4494.931640625,141212862,,0,8.410705738920225,8.419030719630582,-0.008324980710357366,0.008324980710357366,-0.8290424019528567,Friday,0,-0.002610957468489161,-0.006573988740740333,0.003963031272251172,-0.003963031272251172
2026-05-23,4509.5767626921,,4522.34521484375,89292011,,0,8.41678599111022,8.413958583900643,0.00282740720957797,0.00282740720957797,0.2831408095164096,Saturday,0,-0.005072135729939475,0.006080252189995861,0.011152387919935336,0.011152387919935336
2026-05-24,4509.5991327139,,4562.1640625,141414683,,0,8.425552365042929,8.413963544447386,0.011588820595543226,0.011588820595543226,1.1656231128123842,Sunday,0,4.960546743149052e-06,0.008766373932708404,0.008761413385965255,0.008761413385965255
2026-05-25,4572.6556108999,,4548.4677734375,114957823,,0,8.422545702140281,8.427849411594073,-0.005303709453791328,0.005303709453791328,-0.5289669618841044,Monday,1,0.013885867146687048,-0.0030066629026475056,0.016892530049334553,-0.016892530049334553
2026-05-26,4551.5929892724,,4515.7841796875,185587682,,0,8.415334133978652,8.42323255820405,-0.00789842422539877,0.00789842422539877,-0.7867313634874029,Tuesday,0,-0.0046168533900221576,-0.0072115681616296,0.0025947147716074426,-0.0025947147716074426
2026-05-27,4521.7564310681,,4443.1279296875,271835198,,0,8.399113896058969,8.41665578828864,-0.017541892229671063,0.017541892229671063,-1.7388928965823776,Wednesday,0,-0.006576769915410452,-0.016220237919682745,0.009643468004272293,-0.009643468004272293
2026-05-28,4447.6150998312,,4480.20751953125,296121740,,0,8.407424645660171,8.400123298874865,0.007301346785306251,0.007301346785306251,0.7328066608391404,Thursday,0,-0.016532489413775053,0.00831074960120226,0.024843239014977314,0.024843239014977314
2026-05-29,4497.316900737,,4529.62451171875,218776262,,0,8.418394325796267,8.411236253653435,0.007158072142832594,0.007158072142832594,0.7183752378324916,Friday,0,0.011112954778569772,0.010969680136096116,0.0001432746424736564,-0.0001432746424736564
2026-05-30,4539.7839426026,,4517.13134765625,57595127,,0,8.415632413747717,8.420634700167856,-0.0050022864201384465,0.0050022864201384465,-0.4989795821288325,Saturday,0,0.00939844651442101,-0.0027619120485500304,0.012160358562971041,-0.012160358562971041
2026-05-31,4539.2481552496,,4530.79296875,69547680,,0,8.4186522514471,8.42051667275087,-0.0018644213037699586,0.0018644213037699586,-0.1862684350011088,Sunday,0,-0.00011802741698652142,0.0030198376993819664,0.003137865116368488,0.003137865116368488
2026-06-01,4540.5342574229,,4475.79248046875,210231491,,0,8.406438705637807,8.420799961958354,-0.01436125632054619,0.01436125632054619,-1.4258625369538722,Monday,1,0.0002832892074842164,-0.012213545809292015,0.012496835016776231,-0.012496835016776231
2026-06-02,4480.3329066563,,4463.0302734375,203647672,,0,8.403583247809827,8.407452632169711,-0.0038693843598842648,0.0038693843598842648,-0.3861907938379778,Tuesday,0,-0.01334732978864217,-0.0028554578279802456,0.010491871960661925,0.010491871960661925
2026-06-03,4475.6286356091,,4448.11572265625,199783628,,0,8.400235852376216,8.406402098074038,-0.006166245697821537,0.006166245697821537,-0.6147273420754947,Wednesday,0,-0.001050534095673683,-0.0033473954336109557,0.0022968613379372727,-0.0022968613379372727
2026-06-04,4455.3570990992,,4453.0693359375,238427923,,0,8.40134887581299,8.40186249361714,-0.0005136178041489359,0.0005136178041489359,-0.051348592510413786,Thursday,0,-0.004539604456898161,0.0011130234367744407,0.0056526278936726015,0.0056526278936726015
2026-06-05,4455.8037735311,,4320.01220703125,335458647,,0,8.371013506935842,8.401962744176782,-0.030949237240939453,0.030949237240939453,-3.0475212419921927,Friday,0,0.00010025055964213436,-0.030335368877148383,0.030435619436790518,-0.030435619436790518
2026-06-06,4328.7401072056,,4296.80859375,107378074,,0,8.365627838624158,8.373031810344248,-0.007403971720089331,0.007403971720089331,-0.7376629842583285,Saturday,0,-0.028930933832533867,-0.0053856683116837445,0.023545265520850123,0.023545265520850123
2026-06-07,4328.9987069281,,4334.697265625,156528044,,0,8.374407051856808,8.373091548742028,0.0013155031147800145,0.0013155031147800145,0.1316368768551589,Sunday,0,5.97383977805066e-05,0.008779213232649852,0.008719474834869345,0.008719474834869345
2026-06-08,4344.0241214971,,4308.56982421875,204210115,,0,8.368361300703487,8.376556414429178,-0.008195113725690817,0.008195113725690817,-0.8161625324062749,Monday,1,0.003464865687149654,-0.006045751153321177,0.009510616840470831,-0.009510616840470831
2026-06-09,4319.5312790219,,4215.26708984375,199342655,,0,8.346468234939357,8.370902175125169,-0.02443394018581202,0.02443394018581202,-2.4137847938390125,Tuesday,0,-0.005654239304009323,-0.021893065764130526,0.016238826460121203,-0.016238826460121203
2026-06-10,4218.7577783347,,4049.58642578125,349630484,,0,8.306370037795231,8.34729599837255,-0.040925960577318676,0.040925960577318676,-4.009980222667059,Wednesday,0,-0.02360617675261878,-0.040098197144125436,0.016492020391506657,-0.016492020391506657
2026-06-11,4048.2715904445,,4211.1201171875,295741421,,0,8.34548395237812,8.306045301217813,0.03943865116030665,0.03943865116030665,4.022668022752874,Thursday,0,-0.04125069715473728,0.03911391458288804,0.08036461173762532,0.08036461173762532
2026-06-12,4217.106777987,,4209.83251953125,194323356,,0,8.345178144301093,8.346904574267112,-0.0017264299660197935,0.0017264299660197935,-0.17249405430569373,Friday,0,0.040859273049299816,-0.0003058080770266258,0.04116508112632644,-0.04116508112632644
2026-06-13,4219.1048662734,,4220.650390625,49925794,,0,8.34774451615582,8.34737826753324,0.0003662486225799455,0.0003662486225799455,0.03663156997955739,Saturday,0,0.00047369326612844986,0.002566371854728189,0.002092678588599739,0.002092678588599739
2026-06-14,4216.496875365,,4286.2568359375,116233503,,0,8.363169098628585,8.346759937964974,0.016409160663611644,0.016409160663611644,1.6544530361228167,Sunday,0,-0.0006183295682671286,0.01542458247276457,0.0160429120410317,0.0160429120410317
2026-06-15,4299.8916427306,,4306.87744140625,158716981,,0,8.367968428973887,8.366345101999167,0.0016233269747196744,0.0016233269747196744,0.16246452832037922,Monday,1,0.019585164034193525,0.004799330345301556,0.01478583368889197,-0.01478583368889197
2026-06-16,4315.1323925769,,4319.31689453125,129672253,,0,8.370852542468965,8.369883284988191,0.0009692574807740328,0.0009692574807740328,0.09697273626061118,Tuesday,0,0.0035381829890237526,0.002884113495078111,0.0006540694939456415,-0.0006540694939456415
2026-06-17,4338.5378433302,,4265.73486328125,231472620,,0,8.358369745970263,8.375292667871589,-0.01692292190132605,0.01692292190132605,-1.6780533598634642,Wednesday,0,0.005409382883398095,-0.012482796498701987,0.017892179382100082,-0.017892179382100082
2026-06-18,4296.444348586,,4180.39892578125,128193162,,0,8.338161957754775,8.365543063937167,-0.027381106182392756,0.027381106182392756,-2.7009641785059264,Thursday,0,-0.009749603934421813,-0.02020778821548852,0.010458184281066707,-0.010458184281066707
2026-06-19,4193.2343003211,,4151.90771484375,99407392,,0,8.33132319792331,8.34122762453187,-0.009904426608558836,0.009904426608558836,-0.9855539308687162,Friday,0,-0.024315439405297568,-0.006838759831463648,0.01747667957383392,0.01747667957383392
2026-06-20,4155.6835413738,,4149.44677734375,44069936,,0,8.330730297674464,8.332232204318448,-0.0015019066439840856,0.0015019066439840856,-0.15007793466362349,Saturday,0,-0.008995420213421923,-0.0005929002488471724,0.00840251996457475,0.00840251996457475
2026-06-21,4155.6006484399,,4134.23193359375,48124255,,0,8.327056842585158,8.332212257236383,-0.005155414651225598,0.005155414651225598,-0.51421483087343,Sunday,0,-1.9947082064319943e-05,-0.0036734550893058326,0.0036535080072415127,-0.0036535080072415127
2026-06-22,4155.9892376503,,4179.84033203125,102978119,,0,8.338028326710589,8.332305762622479,0.005722564088110005,0.005722564088110005,0.5738969236223177,Monday,1,9.350538609531611e-05,0.01097148412543092,0.010877978739335603,0.010877978739335603
2026-06-23,4184.0986677411,,4091.5751953125,145206921,,0,8.316685308220283,8.339046587622798,-0.02236127940251542,0.02236127940251542,-2.2113119162782904,Tuesday,0,0.0067408250003193615,-0.021343018490306065,0.028083843490625426,-0.028083843490625426
2026-06-24,4108.4684985232,,4007.2138671875,248610591,,0,8.295851482605272,8.320805609950634,-0.024954127345361954,0.024954127345361954,-2.464534689071998,Wednesday,0,-0.01824097767216415,-0.02083382561501068,0.0025928479428465323,-0.0025928479428465323
2026-06-25,4009.9945103175,,4008.37060546875,168625657,,0,8.296140104924262,8.296545151301547,-0.00040504637728489,0.00040504637728489,-0.04049643570762564,Thursday,0,-0.024260458649086658,0.0002886223189904058,0.024549080968077064,0.024549080968077064
2026-06-26,4016.1529672342,,4076.42822265625,140939249,,0,8.312976448357185,8.298079750096928,0.014896698260256969,0.014896698260256969,1.5008207086185719,Friday,0,0.0015345987953807594,0.016836343432922618,0.015301744637541859,0.015301744637541859
2026-06-27,4089.0045441107,,4069.586181640625,41103800,,0,8.311296597994787,8.316056831665248,-0.004760233670461744,0.004760233670461744,-0.47489217144653895,Saturday,0,0.01797708156832023,-0.0016798503623984828,0.019656931930718713,-0.019656931930718713
2026-06-28,4089.2888031592,,4053.93408203125,59871389,,0,8.307443066897326,8.31612634715865,-0.00868328026132481,0.00868328026132481,-0.8645689465766437,Sunday,0,6.951549340250551e-05,-0.0038535310974605608,0.003923046590863066,-0.003923046590863066
2026-06-29,4059.6311094403,,4007.720947265625,97309904,,0,8.295978016405119,8.308847388724013,-0.012869372318894179,0.012869372318894179,-1.2786916046131045,Monday,1,-0.007278958434637772,-0.01146505049220714,0.004186092057569368,-0.004186092057569368
2026-06-30,4012.1761521867,,3999.095458984375,242154707,,0,8.293823479275689,8.297089054445664,-0.0032655751699746105,0.0032655751699746105,-0.3260248978648651,Tuesday,0,-0.01175833427834938,-0.002154537129429812,0.009603797148919568,0.009603797148919568
2026-07-01,4008.933507428,,4029.442138671875,194228139,,0,8.301383218230242,8.296280526680066,0.005102691550176175,0.005102691550176175,0.5115732452502674,Wednesday,0,-0.0008085277655975887,0.007559738954553197,0.008368266720150785,0.008368266720150785
2026-07-02,4042.6254426675,,4120.0087890625,164094467,,0,8.323610575608894,8.304649621932706,0.018960953676188552,0.018960953676188552,1.9141854097652713,Thursday,0,0.008369095252639625,0.022227357378652002,0.013858262126012377,0.013858262126012377
2026-07-03,4130.3744432255,,4166.45947265625,114203799,,0,8.334821906823377,8.326123346064575,0.008698560758801932,0.008698560758801932,0.8736503173443664,Friday,0,0.02147372413186943,0.011211331214482811,0.01026239291738662,-0.01026239291738662
2026-07-04,4130.3744432255,,4164.49365234375,47939532,,1,8.334349975144134,8.326123346064575,0.008226629079558734,0.008226629079558734,0.8260560776568661,Saturday,0,0.0,-0.00047193167924319823,0.00047193167924319823,-0.00047193167924319823
