date,gold_price,gold_volume,token_price,token_total_volume,token_market_cap,gold_forward_filled,token_log_price,gold_log_price,basis,abs_basis,premium_discount_pct,weekday,is_monday,gold_return,token_return,tracking_error,basis_change
2020-02-07,1570.1032655922,,1581.786865234375,1305750,,0,7.366310414367932,7.35889667044187,0.007413743926062644,0.007413743926062644,0.7441293765966619,Friday,0,,,,
2020-02-08,1570.1298497386,,1578.8697509765625,1609288,,0,7.364464522554728,7.358913601762204,0.005550920792524394,0.005550920792524394,0.5566355699445915,Saturday,0,1.6931320334201416e-05,-0.001845891813204048,0.0018628231335382495,-0.0018628231335382495
2020-02-09,1574.8031496063,,1578.7022705078125,575041,,0,7.364358440750248,7.361885559071583,0.0024728816786652175,0.0024728816786652175,0.24759417724604746,Sunday,0,0.0029719573093789364,-0.0001060818044802403,0.0030780391138591767,-0.0030780391138591767
2020-02-10,1572.0940440919,,1572.435546875,123025,,0,7.360381000055723,7.36016379568568,0.00021720437004280058,0.00021720437004280058,0.02172279606193695,Monday,1,-0.001721763385902797,-0.003977440694525214,0.002255677308622417,-0.002255677308622417
2020-02-11,1567.3399018257,,1563.4083251953125,340994,,0,7.354623540829818,7.357135131294476,-0.0025115904646577647,0.0025115904646577647,-0.2508439060224203,Tuesday,0,-0.0030286643912038613,-0.005757459225904427,0.0027287948347005653,-0.0027287948347005653
2020-02-12,1568.2877377248,,1565.3323974609375,171450,,0,7.355853474965456,7.3577396902771905,-0.001886215311734496,0.001886215311734496,-0.18844375255717125,Wednesday,0,0.0006045589827143871,0.0012299341356376559,0.0006253751529232687,0.0006253751529232687
2020-02-13,1576.9558221261,,1580.9013671875,17277,,0,7.365750448917696,7.363251572700065,0.0024988762176310075,0.0024988762176310075,0.25020010110876295,Thursday,0,0.005511882422874592,0.009896973952240096,0.0043850915293655035,0.0043850915293655035
2020-02-14,1584.3293695557,,1582.0643310546875,5237,,0,7.36648581188432,7.367916486084386,-0.001430674200066484,0.001430674200066484,-0.1429651273615937,Friday,0,0.004664913384321068,0.0007353629666235761,0.003929550417697492,-0.003929550417697492
2020-02-15,1584.3341043759,,1583.6197509765625,76684,,0,7.367468487354604,7.367919474612665,-0.00045098725806091977,0.00045098725806091977,-0.04508855785939131,Saturday,0,2.988528279068703e-06,0.000982675470284633,0.0009796869420055643,0.0009796869420055643
2020-02-16,1582.6916837465,,1589.98974609375,12367,,0,7.371482846195841,7.366882273853012,0.004600572342829068,0.004600572342829068,0.46111712231747953,Sunday,0,-0.0010372007596535227,0.004014358841236465,0.005051559600889988,0.005051559600889988
2020-02-17,1584.5098318835,,1590.1373291015625,10548,,0,7.371575661988687,7.368030384150222,0.003545277838465033,0.003545277838465033,0.35515697692914044,Monday,1,0.0011481102972101809,9.281579284614594e-05,0.001055294504364035,-0.001055294504364035
2020-02-18,1600.8791725451,,1602.939697265625,236567,,0,7.379594533227983,7.378308240158143,0.00128629306983985,0.00128629306983985,0.12871206995898749,Tuesday,0,0.01027785600792086,0.008018871239295677,0.002258984768625183,-0.002258984768625183
2020-02-19,1610.7212382248,,1611.93017578125,696504,,0,7.385187606856262,7.38443733172076,0.0007502751355019655,0.0007502751355019655,0.07505566622952696,Wednesday,0,0.006129091562617539,0.0055930736282796545,0.0005360179343378846,-0.0005360179343378846
2020-02-20,1621.6912898175,,1615.976318359375,250707,,0,7.387694584493078,7.391224889691296,-0.0035303051982182865,0.0035303051982182865,-0.3524080997418588,Thursday,0,0.0067875579705356515,0.0025069776368153995,0.004280580333720252,-0.004280580333720252
2020-02-21,1643.9249002389,,1644.4837646484375,2276523,,0,7.405181793064986,7.40484189345282,0.00033989961216551734,0.00033989961216551734,0.033995738458391586,Friday,0,0.013617003761524415,0.01748720857190822,0.003870204810383804,0.003870204810383804
2020-02-22,1644.1824713707,,1639.0880126953125,826465,,0,7.401895276323024,7.404998561774877,-0.0031032854518535657,0.0031032854518535657,-0.3098475238663934,Saturday,0,0.0001566683220568521,-0.003286516741962231,0.003443185064019083,-0.003443185064019083
2020-02-23,1666.2362223092,,1663.7578125,445667,,0,7.416834065415802,7.418322602777082,-0.0014885373612800734,0.0014885373612800734,-0.14874300390404602,Sunday,0,0.013324041002205078,0.01493878909277857,0.0016147480905734923,0.0016147480905734923
2020-02-24,1655.6964660171,,1654.301513671875,980460,,0,7.41113415260492,7.411977024676969,-0.0008428720720488059,0.0008428720720488059,-0.08425169551642674,Monday,1,-0.006345578100113158,-0.005699912810881891,0.0006456652892312675,0.0006456652892312675
2020-02-25,1638.2155316403,,1637.067626953125,973525,,0,7.400661888034713,7.401362837954822,-0.0007009499201089398,0.0007009499201089398,-0.07007043121033342,Tuesday,0,-0.010614186722147423,-0.010472264570207557,0.00014192215193986613,0.00014192215193986613
2020-02-26,1642.6619959308,,1647.01025390625,771693,,0,7.406716955966548,7.4040733731549215,0.002643582811626466,0.002643582811626466,0.26470801578300923,Wednesday,0,0.002710535200099784,0.00605506793183519,0.0033445327317354057,0.0033445327317354057
2020-02-27,1644.0861087444,,1641.4820556640625,192060,,0,7.40335480521212,7.404939951826219,-0.0015851466140990311,0.0015851466140990311,-0.15838909327725184,Thursday,0,0.0008665786712978019,-0.003362150754427695,0.004228729425725497,-0.004228729425725497
2020-02-28,1585.3234245968,,1579.69287109375,1151262,,0,7.3649857217420225,7.368543718868699,-0.003557997126676149,0.003557997126676149,-0.35516749552110677,Friday,0,-0.0363962329575207,-0.03836908347009782,0.001972850512577118,-0.001972850512577118
2020-02-29,1585.6152980164,,1577.8896484375,23717,,0,7.363843567678828,7.368727811622269,-0.004884243943441113,0.004884243943441113,-0.4872335419924816,Saturday,0,0.00018409275357011978,-0.0011421540631948446,0.0013262468167649644,-0.0013262468167649644
2020-03-01,1585.5398763279,,1585.67041015625,283093,,0,7.368762568591477,7.3686802442946755,8.232429680177233e-05,8.232429680177233e-05,0.008232768554037803,Sunday,0,-4.7567327593256437e-05,0.004919000912649629,0.004966568240242886,0.004966568240242886
2020-03-02,1592.2122253619,,1588.1905517578125,131475,,0,7.3703506294179855,7.372879664907816,-0.0025290354898306333,0.0025290354898306333,-0.2525840173833222,Monday,1,0.004199420613140603,0.0015880608265081975,0.0026113597866324056,-0.0026113597866324056
2020-03-03,1645.3263402887,,1643.876708984375,154581,,0,7.404812578268843,7.405694026678361,-0.000881448409518093,0.000881448409518093,-0.08810600479845868,Tuesday,0,0.0328143617705452,0.03446194885085774,0.0016475870803125403,0.0016475870803125403
2020-03-04,1636.5116384599,,1642.8939208984375,95236,,0,7.404214551679282,7.400322205715458,0.003892345963824262,0.003892345963824262,0.38999309803526616,Wednesday,0,-0.005371820962903229,-0.0005980265895608738,0.004773794373342355,0.004773794373342355
2020-03-05,1673.8718506118,,1667.5936279296875,327861,,0,7.419136924896971,7.422894695318508,-0.003757770421536577,0.003757770421536577,-0.3750718837775925,Thursday,0,0.022572489603049917,0.014922373217689078,0.007650116385360839,-0.007650116385360839
2020-03-06,1674.4167603268,,1671.6956787109375,1201058,,0,7.421593766738407,7.423220180832529,-0.0016264140941224525,0.0016264140941224525,-0.16250921994661302,Friday,0,0.0003254855140211177,0.002456841841435242,0.0021313563274141245,0.0021313563274141245
2020-03-07,1674.7753707534,,1675.0655517578125,463536,,0,7.423607578871197,7.423434328253122,0.00017325061807493825,0.00017325061807493825,0.017326562682967464,Saturday,0,0.0002141474205927807,0.0020138121327901715,0.0017996647121973908,0.0017996647121973908
2020-03-08,1700.260990062,,1711.135009765625,3721048,,0,7.444912177714111,7.438537041826653,0.006375135887457972,0.006375135887457972,0.6395500318588418,Sunday,0,0.015102713573531545,0.02130459884291458,0.006201885269383034,0.006201885269383034
2020-03-09,1666.6259260329,,1673.2069091796875,1633873,,0,7.422497368880393,7.418556458069099,0.003940910811293996,0.003940910811293996,0.39486864112646664,Monday,1,-0.019980583757554626,-0.022414808833718602,0.002434225076163976,-0.002434225076163976
2020-03-10,1652.581137271,,1651.578125,845953,,0,7.4094865491918425,7.410093670230626,-0.0006071210387839088,0.0006071210387839088,-0.060693677809751545,Tuesday,0,-0.00846278783847243,-0.013010819688550335,0.004548031850077905,-0.004548031850077905
2020-03-11,1642.7993030081,,1632.7611083984375,859541,,0,7.398027792249708,7.404156957811617,-0.006129165561908678,0.006129165561908678,-0.6110420543326086,Wednesday,0,-0.005936712419009282,-0.011458756942134052,0.0055220445231247695,-0.0055220445231247695
2020-03-12,1576.5749245493,,1632.6500244140625,25149343,,0,7.397959755497276,7.363010003735467,0.03494975176180848,0.03494975176180848,3.5567672041208462,Thursday,0,-0.04114695407614999,-6.80367524328318e-05,0.04107891732371716,0.04107891732371716
2020-03-13,1529.2625863213,,1525.7442626953125,9019585,,0,7.330237611099863,7.3325409284770995,-0.00230331737723688,0.00230331737723688,-0.23006667772151154,Friday,0,-0.030469075258367617,-0.06772214439741298,0.03725306913904536,-0.03725306913904536
2020-03-14,1529.1688967046,,1590.165283203125,8732370,,0,7.371593241511753,7.332479662029086,0.039113579482666694,0.039113579482666694,3.988858695071149,Saturday,0,-6.126644801351944e-05,0.041355630411890054,0.041416896859903574,0.041416896859903574
2020-03-15,1557.9600071666,,1570.36962890625,4319257,,0,7.359066303056853,7.351132556760152,0.007933746296700406,0.007933746296700406,0.7965301857920524,Sunday,0,0.01865289473106646,-0.012526938454899827,0.031179833185966288,-0.031179833185966288
2020-03-16,1507.20888698,,1506.3104248046875,4387751,,0,7.317418512487242,7.318014800155565,-0.0005962876683227591,0.0005962876683227591,-0.05961099241610367,Monday,1,-0.03311775660458771,-0.041647790569610876,0.008530033965023165,-0.008530033965023165
2020-03-17,1539.3847827833,,1506.808349609375,211034,,0,7.317749017088287,7.339138123890452,-0.021389106802164548,0.021389106802164548,-2.1161982071191296,Tuesday,0,0.021123323734887123,0.00033050460104533386,0.02079281913384179,-0.02079281913384179
2020-03-18,1496.7445005911,,1466.926513671875,525131,,0,7.290924683958415,7.311047695565272,-0.020123011606857588,0.020123011606857588,-1.9921895091279185,Wednesday,0,-0.028090428325179495,-0.026824333129872535,0.00126609519530696,0.00126609519530696
2020-03-19,1470.6042237479,,1482.0904541015625,1222735,,0,7.301208839149713,7.293428631883592,0.007780207266121053,0.007780207266121053,0.7810551723011703,Thursday,0,-0.017619063681680203,0.010284155191298439,0.02790321887297864,0.02790321887297864
2020-03-20,1497.5765251724,,1471.0550537109375,1211951,,0,7.293735145945246,7.311603430635463,-0.017868284690217173,0.017868284690217173,-1.7709593476973917,Friday,0,0.018174798751871002,-0.007473693204467224,0.025648491956338226,-0.025648491956338226
2020-03-21,1497.6898134627,,1553.4210205078125,327036,,0,7.348214887828981,7.311679075521457,0.03653581230752323,0.03653581230752323,3.721144828798727,Saturday,0,7.564488599420827e-05,0.05447974188373461,0.0544040969977404,0.0544040969977404
2020-03-22,1492.3479857033,,1529.0479736328125,120906,,0,7.332400581259489,7.308105987954385,0.024294593305103973,0.024294593305103973,2.4592111411747433,Sunday,0,-0.0035730875670720863,-0.015814306569491343,0.012241219002419257,-0.012241219002419257
2020-03-23,1562.5246966479,,1587.7000732421875,543741,,0,7.370041753214464,7.354058187340302,0.015983565874162053,0.015983565874162053,1.6111986356629364,Monday,1,0.04595219938591644,0.03764117195497452,0.00831102743094192,-0.00831102743094192
2020-03-24,1635.1237227802,,1648.3165283203125,593061,,0,7.4075097601822195,7.3994737518936144,0.008036008288605068,0.008036008288605068,0.8068383668044832,Tuesday,0,0.04541556455331275,0.03746800696775576,0.007947557585556986,-0.007947557585556986
2020-03-25,1610.0053287185,,1668.513427734375,537284,,0,7.419688345947104,7.383992767736075,0.03569557821102887,0.03569557821102887,3.6340313893522955,Wednesday,0,-0.015480984157539623,0.012178585764884176,0.0276595699224238,0.0276595699224238
2020-03-26,1625.1899662392,,1656.48974609375,121312,,0,7.4124560316174115,7.393379990232343,0.019076041385068798,0.019076041385068798,1.9259151548283209,Thursday,0,0.009387222496267889,-0.00723231432969218,0.01661953682596007,-0.01661953682596007
2020-03-27,1622.5082665897,,1661.6790771484375,215696,,0,7.415583862395087,7.391728543535805,0.023855318859281383,0.023855318859281383,2.414213311903142,Friday,0,-0.0016514466965373842,0.0031278307776752,0.004779277474212584,0.004779277474212584
2020-03-28,1622.1126395017,,1661.507080078125,113066,,0,7.41548034904234,7.391484677086434,0.02399567195590624,0.02399567195590624,2.428588472655431,Saturday,0,-0.0002438664493711329,-0.00010351335274627615,0.00014035309662485673,0.00014035309662485673
2020-03-29,1626.6775111834,,1682.9617919921875,159853,,0,7.428310491611172,7.394294876867967,0.034015614743204914,0.034015614743204914,3.4600761627202328,Sunday,0,0.0028101997815328517,0.012830142568831526,0.010019942787298675,0.010019942787298675
2020-03-30,1616.5265815726,,1660.0975341796875,326093,,0,7.414631635154483,7.388035040935391,0.02659659421909133,0.02659659421909133,2.6953440236473276,Monday,1,-0.006259835932575619,-0.013678856456689203,0.007419020524113584,-0.007419020524113584
2020-03-31,1576.5767122624,,1626.8544921875,256349,,0,7.394403670022048,7.363011137656892,0.03139253236515582,0.03139253236515582,3.1890474807883624,Tuesday,0,-0.025023903278499127,-0.020227965132434633,0.004795938146064493,0.004795938146064493
2020-04-01,1591.6829030679,,1634.1783447265625,291505,,0,7.398895415563434,7.372547165075049,0.026348250488385183,0.026348250488385183,2.6698434453718343,Wednesday,0,0.009536027418156401,0.004491745541385761,0.00504428187677064,-0.00504428187677064
2020-04-02,1612.8689071912,,1637.3074951171875,290954,,0,7.400808400364882,7.385769802157311,0.015038598207571141,0.015038598207571141,1.515224691667422,Thursday,0,0.013222637082262345,0.001912984801448303,0.011309652280814042,-0.011309652280814042
2020-04-03,1619.3888298227,,1641.2127685546875,94262,,0,7.403190740549153,7.389804091502339,0.013386649046814192,0.013386649046814192,1.34766513946974,Friday,0,0.004034289345027808,0.002382340184270859,0.0016519491607569492,-0.0016519491607569492
2020-04-04,1619.4331983806,,1659.0482177734375,289496,,0,7.413999354128203,7.389831489462162,0.024167864666040373,0.024167864666040373,2.4462274475076615,Saturday,0,2.7397959823538542e-05,0.01080861357904972,0.010781215619226181,0.010781215619226181
2020-04-05,1618.6206115149,,1662.0889892578125,60460,,0,7.4158305174584145,7.3893295911427,0.026500926315714324,0.026500926315714324,2.6855198453348215,Sunday,0,-0.0005018983194622351,0.0018311633302117158,0.002333061649673951,0.002333061649673951
2020-04-06,1663.6950455279,,1684.4415283203125,343989,,0,7.429189350650387,7.416796338677191,0.012393011973196089,0.012393011973196089,1.2470123565120992,Monday,1,0.027466747534490743,0.013358833191972508,0.014107914342518235,-0.014107914342518235
2020-04-07,1648.6984929504,,1665.1243896484375,480020,,0,7.417655108121563,7.407741463483134,0.00991364463842892,0.00991364463842892,0.9962947602774188,Tuesday,0,-0.009054875194056677,-0.011534242528823846,0.0024793673347671685,-0.0024793673347671685
2020-04-08,1646.9324644975,,1663.8798828125,50825,,0,7.4169074329658375,7.406669724174489,0.010237708791348332,0.010237708791348332,1.0290293427527353,Wednesday,0,-0.0010717393086450144,-0.0007476751557256023,0.00032406415291941215,0.00032406415291941215
2020-04-09,1683.7022654354,,1672.2393798828125,232540,,0,7.421918953183202,7.4287503771729755,-0.0068314239897731,0.0068314239897731,-0.6808142857504118,Thursday,0,0.022080652998486272,0.00501152021736484,0.017069132781121432,-0.017069132781121432
2020-04-10,1686.1416021718,,1667.00390625,92712,,0,7.418783226029392,7.430198122088348,-0.011414896058956181,0.011414896058956181,-1.1349993320341627,Friday,0,0.0014477449153726951,-0.003135727153810386,0.004583472069183081,-0.004583472069183081
2020-04-11,1686.1416021718,,1664.6942138671875,493407,,0,7.417396730212816,7.430198122088348,-0.01280139187553253,0.01280139187553253,-1.2719802581816197,Saturday,0,0.0,-0.0013864958165763497,0.0013864958165763497,-0.0013864958165763497
2020-04-12,1687.1514977687,,1671.8013916015625,94726,,0,7.421657001661863,7.430796881577756,-0.00913987991589238,0.00913987991589238,-0.909823817685512,Sunday,0,0.0005987594894074633,0.004260271449047615,0.0036615119596401513,0.0036615119596401513
2020-04-13,1717.1173053984,,1706.6383056640625,773178,,0,7.442280811452403,7.448402178539544,-0.006121367087140506,0.006121367087140506,-0.6102669690295995,Monday,1,0.01760529696178814,0.020623809790540015,0.0030185128287518737,0.0030185128287518737
2020-04-14,1726.2191544079,,1717.8123779296875,723344,,0,7.448806886993489,7.453688836009419,-0.004881949015929976,0.004881949015929976,-0.487005167144964,Tuesday,0,0.005286657469874889,0.006526075541085419,0.0012394180712105296,0.0012394180712105296
2020-04-15,1716.2694628815,,1707.1798095703125,244578,,0,7.442598053843482,7.447908297371266,-0.0053102435277843085,0.0053102435277843085,-0.5296169108507335,Wednesday,0,-0.0057805386381524215,-0.006208833150006754,0.0004282945118543324,-0.0004282945118543324
2020-04-16,1714.9888416064,,1700.46923828125,840639,,0,7.438659514475483,7.447161853226921,-0.008502338751437577,0.008502338751437577,-0.8466296090620474,Thursday,0,-0.0007464441443456593,-0.003938539367998928,0.0031920952236532685,-0.0031920952236532685
2020-04-17,1684.2502705982,,1686.729248046875,300855,,0,7.430546576510184,7.4290758005046715,0.0014707760055125974,0.0014707760055125974,0.14718581269959544,Friday,0,-0.018086052722249057,-0.008112937965298883,0.009973114756950174,0.009973114756950174
2020-04-18,1684.1254336623,,1672.864013671875,457081,,0,7.422292414761416,7.4290016775760455,-0.006709262814629469,0.006709262814629469,-0.6686805961914619,Saturday,0,-7.412292862607472e-05,-0.00825416174876814,0.008180038820142066,-0.008180038820142066
2020-04-19,1676.9097906378,,1673.0228271484375,628796,,0,7.422387345333929,7.4247079682701,-0.0023206229361711905,0.0023206229361711905,-0.23179323724289536,Sunday,0,-0.0042937093059451925,9.493057251308556e-05,0.004388639878458278,0.004388639878458278
2020-04-20,1692.0245678038,,1676.6856689453125,319274,,0,7.424574307728439,7.43368106003936,-0.009106752310921173,0.009106752310921173,-0.9065411430991772,Monday,1,0.008973091769259867,0.0021869623945098837,0.006786129374749983,-0.006786129374749983
2020-04-21,1687.5859472286,,1662.3787841796875,63748,,0,7.4160048581002,7.431054353140732,-0.015049495040532435,0.015049495040532435,-1.4936817345693314,Tuesday,0,-0.002626706898627873,-0.008569449628239134,0.005942742729611261,-0.005942742729611261
2020-04-22,1712.4973714584,,1694.3394775390625,93131,,0,7.4350482550986365,7.4457080352204,-0.010659780121763163,0.010659780121763163,-1.0603166008876195,Wednesday,0,0.01465368207966744,0.019043396998436712,0.004389714918769272,0.004389714918769272
2020-04-23,1729.0362326387,,1713.2208251953125,897240,,0,7.446130401396563,7.455319441298712,-0.009189039902148366,0.009189039902148366,-0.9146949696508979,Thursday,0,0.009611406078311902,0.011082146297926698,0.0014707402196147967,0.0014707402196147967
2020-04-24,1728.0404563306,,1734.6575927734375,1705224,,0,7.458565320035984,7.454743361318296,0.0038219587176877567,0.0038219587176877567,0.3829271715599021,Friday,0,-0.0005760799804157557,0.012434918639420367,0.013010998619836123,0.013010998619836123
2020-04-25,1728.0857130514,,1752.6944580078125,1243034,,0,7.4689095730999275,7.454769550594141,0.014140022505786831,0.014140022505786831,1.4240465487651714,Saturday,0,2.6189275844856752e-05,0.010344253063943931,0.010318063788099074,0.010318063788099074
2020-04-26,1724.702919922,,1752.06298828125,808083,,0,7.468549223065397,7.452810094298763,0.015739128766633748,0.015739128766633748,1.5863641235377086,Sunday,0,-0.0019594562953777483,-0.0003603500345308319,0.0015991062608469164,0.0015991062608469164
2020-04-27,1711.0768537715,,1734.4361572265625,1879259,,0,7.4584376581374405,7.444878190341939,0.013559467795501767,0.013559467795501767,1.3651814296695457,Monday,1,-0.007931903956824193,-0.010111564927956174,0.0021796609711319803,-0.0021796609711319803
2020-04-28,1705.30191715,,1733.1156005859375,1240842,,0,7.457675992964604,7.441497451548577,0.016178541416026704,0.016178541416026704,1.6310122657002193,Tuesday,0,-0.0033807387933615374,-0.0007616651728366008,0.0026190736205249365,0.0026190736205249365
2020-04-29,1714.724279833,,1741.20263671875,12952071,,0,7.462331323988247,7.447007576898518,0.015323747089728279,0.015323747089728279,1.54417577199809,Wednesday,0,0.0055101253499412195,0.004655331023642795,0.0008547943262984248,-0.0008547943262984248
2020-04-30,1685.8230398881,,1708.8255615234375,300792,,0,7.443561607410688,7.430009174505283,0.013552432905404643,0.013552432905404643,1.364468339266751,Thursday,0,-0.016998402393235246,-0.01876971657755888,0.0017713141843236357,-0.0017713141843236357
2020-05-01,1700.0639175622,,1695.615966796875,194932,,0,7.435801356039994,7.438421127903499,-0.0026197718635057043,0.0026197718635057043,-0.2616343255907181,Friday,0,0.008411953398216099,-0.007760251370694249,0.016172204768910348,-0.016172204768910348
2020-05-02,1700.5356687357,,1704.5833740234375,371934,,0,7.441076004446495,7.438698579667257,0.002377424779238524,0.002377424779238524,0.23802530944539527,Saturday,0,0.00027745176375759684,0.005274648406501825,0.004997196642744228,0.004997196642744228
2020-05-03,1698.7446277201,,1692.6104736328125,245043,,0,7.434027275112886,7.437644802970345,-0.0036175278574592795,0.0036175278574592795,-0.3610992486563547,Sunday,0,-0.0010537766969118678,-0.007048729333609671,0.005994952636697803,-0.005994952636697803
2020-05-04,1702.9707093334,,1700.7659912109375,224865,,0,7.438834011627498,7.4401294810628675,-0.0012954694353695118,0.0012954694353695118,-0.12946306770745986,Monday,1,0.0024846780925225076,0.004806736514612275,0.0023220584220897678,0.0023220584220897678
2020-05-05,1704.5271077311,,1704.31787109375,86009,,0,7.440920234061182,7.441042995077838,-0.00012276101665609218,0.00012276101665609218,-0.012275348183136088,Tuesday,0,0.000913514014970751,0.0020862224336841706,0.0011727084187134196,0.0011727084187134196
2020-05-06,1688.3040390341,,1697.5130615234375,552051,,0,7.436919553967865,7.431479776847816,0.005439777120049172,0.005439777120049172,0.5454599572364989,Wednesday,0,-0.009563218230022485,-0.0040006800933172215,0.005562538136705264,0.005562538136705264
2020-05-07,1715.8179296134,,1701.8365478515625,600975,,0,7.439463269181774,7.447645172794839,-0.0081819036130657,0.0081819036130657,-0.8148522940885592,Thursday,0,0.016165395947023598,0.002543715213908726,0.013621680733114871,-0.013621680733114871
2020-05-08,1702.1465241034,,1708.8211669921875,312368,,0,7.4435590357398285,7.439645394795293,0.003913640944535501,0.003913640944535501,0.39213092376423636,Friday,0,-0.007999777999546431,0.00409576655805477,0.012095544557601201,0.012095544557601201
2020-05-09,1702.8957742641,,1727.0924072265625,92170,,0,7.454194584084384,7.440085477535617,0.014109106548766626,0.014109106548766626,1.4209109757711935,Saturday,0,0.00044008274032414363,0.010635548344555268,0.010195465604231124,0.010195465604231124
2020-05-10,1706.644821613,,1694.9862060546875,293326,,0,7.435429881760603,7.442284629447393,-0.0068547476867895085,0.0068547476867895085,-0.6831307493315204,Sunday,0,0.0021991519117756653,-0.01876470232378047,0.020963854235556134,-0.020963854235556134
2020-05-11,1697.2557293654,,1691.93798828125,135695,,0,7.433629889542563,7.436767948851652,-0.0031380593090890585,0.0031380593090890585,-0.3133140747233312,Monday,1,-0.0055166805957407306,-0.0017999922180402805,0.00371668837770045,0.00371668837770045
2020-05-12,1702.6344785632,,1696.267333984375,91540,,0,7.436185430100181,7.439932023781274,-0.003746593681092314,0.003746593681092314,-0.3739583955916378,Tuesday,0,0.003164074929621563,0.0025555405576183077,0.0006085343720032554,-0.0006085343720032554
2020-05-13,1717.4341820563,,1713.83056640625,64264,,0,7.446486241532994,7.448586701415358,-0.0021004598823646248,0.0021004598823646248,-0.20982554602094372,Wednesday,0,0.008654677634084784,0.010300811432812473,0.0016461337987276892,0.0016461337987276892
2020-05-14,1732.854718355,,1713.97705078125,181208,,0,7.446571709792271,7.4575254537461895,-0.010953743953918682,0.010953743953918682,-1.0893970148674965,Thursday,0,0.008938752330831079,8.546825927702173e-05,0.008853284071554057,-0.008853284071554057
2020-05-15,1742.9527066066,,1719.720947265625,427687,,0,7.449917316683327,7.463335911822359,-0.013418595139031986,0.013418595139031986,-1.3328967133138998,Friday,0,0.005810458076169311,0.0033456068910560077,0.0024648511851133037,-0.0024648511851133037
2020-05-16,1743.7551767732,,1735.1080322265625,364749,,0,7.458824956855492,7.463796214324093,-0.004971257468601387,0.004971257468601387,-0.49589212188828813,Saturday,0,0.00046030250173423326,0.008907640172164832,0.008447337670430599,0.008447337670430599
2020-05-17,1757.9790273102,,1752.0167236328125,170719,,0,7.468522816903298,7.471920148316282,-0.0033973314129838172,0.0033973314129838172,-0.33915670123267727,Sunday,0,0.008123933992188803,0.009697860047806373,0.0015739260556175694,0.0015739260556175694
2020-05-18,1734.4109215663,,1738.6966552734375,464648,,0,7.460891062838006,7.458423108254041,0.002467954583964982,0.002467954583964982,0.24710024907287792,Monday,1,-0.013497040062240728,-0.007631754065291929,0.005865285996948799,0.005865285996948799
2020-05-19,1745.0712341928,,1760.152587890625,88286,,0,7.4731557819393,7.464550655690329,0.008605126248971473,0.008605126248971473,0.8642256775724751,Tuesday,0,0.006127547436287628,0.01226471910129412,0.006137171665006491,0.006137171665006491
2020-05-20,1747.899316282,,1765.6517333984375,67688,,0,7.476275155260004,7.466169955175566,0.01010520008443816,0.01010520008443816,1.015643003637025,Wednesday,0,0.0016192994852373133,0.0031193733207039998,0.0015000738354666865,0.0015000738354666865
2020-05-21,1726.3518448787,,1717.838134765625,139917,,0,7.448821880856132,7.453765700740596,-0.00494381988446424,0.00494381988446424,-0.49316193210157155,Thursday,0,-0.012404254434970063,-0.027453274403872463,0.0150490199689024,-0.0150490199689024
2020-05-22,1735.4529773848,,1747.5697021484375,85716,,0,7.465981360092731,7.459023740371135,0.006957619721595698,0.006957619721595698,0.6981880190091024,Friday,0,0.00525803963053928,0.017159479236599218,0.011901439606059938,0.011901439606059938
2020-05-23,1735.7796254188,,1784.55517578125,28364,,0,7.486924461914953,7.459211943279059,0.027712518635893524,0.027712518635893524,2.8100082319310418,Saturday,0,0.0001882029079238734,0.0209431018222217,0.020754898914297826,0.020754898914297826
2020-05-24,1730.5529116553,,1745.4644775390625,56103,,0,7.464775975458068,7.456196238542839,0.008579736915228509,0.008579736915228509,0.8616648345932016,Sunday,0,-0.0030157047362200373,-0.022148486456885053,0.019132781720665015,-0.019132781720665015
2020-05-25,1727.7775706677,,1743.6507568359375,70188,,0,7.46373633030756,7.454591220400369,0.009145109907191085,0.009145109907191085,0.918705418898525,Monday,1,-0.0016050181424702714,-0.0010396451505076953,0.0005653729919625761,0.0005653729919625761
2020-05-26,1712.1443948098,,1706.785400390625,86237,,0,7.442366997486908,7.44550189590777,-0.003134898420862342,0.003134898420862342,-0.31299897575345736,Tuesday,0,-0.009089324492598472,-0.0213693328206519,0.012280008328053427,-0.012280008328053427
2020-05-27,1710.7366550724,,1708.4498291015625,78771,,0,7.4433417056583036,7.444679349172283,-0.0013376435139793585,0.0013376435139793585,-0.1336749267666066,Wednesday,0,-0.0008225467354874283,0.0009747081713955552,0.0017972549068829835,0.0017972549068829835
2020-05-28,1720.182038496,,1715.16357421875,46271,,0,7.447263733605002,7.450185400542113,-0.0029216669371106008,0.0029216669371106008,-0.291740302185557,Thursday,0,0.005506051369829734,0.003922027946698492,0.0015840234231312422,-0.0015840234231312422
2020-05-29,1729.6912430292,,1718.3392333984375,63860,,0,7.449113541374595,7.455698199326303,-0.0065846579517083725,0.0065846579517083725,-0.656302659593846,Friday,0,0.005512798784190309,0.0018498077695925375,0.0036629910145977718,-0.0036629910145977718
2020-05-30,1731.391865921,,1723.7275390625,95714,,0,7.452244398747054,7.456680910792701,-0.004436512045646879,0.004436512045646879,-0.44266852636639326,Saturday,0,0.0009827114663982783,0.003130857372459772,0.002148145906061494,0.002148145906061494
2020-05-31,1739.4783304487,,1726.351318359375,56510,,0,7.453765395750969,7.461340537169591,-0.0075751414186226995,0.0075751414186226995,-0.7546522344971616,Sunday,0,0.0046596263768901025,0.0015209970039142817,0.003138629372975821,-0.003138629372975821
2020-06-01,1742.1657661226,,1742.95703125,745932,,0,7.463338393036001,7.462884311394119,0.0004540816418820981,0.0004540816418820981,0.045418475255721166,Monday,1,0.001543774224527894,0.009572997285032692,0.008029223060504798,0.008029223060504798
2020-06-02,1727.5604453564,,1715.723876953125,141641,,0,7.447590356233888,7.45446554510575,-0.006875188871862115,0.006875188871862115,-0.685160883087537,Tuesday,0,-0.008418766288369461,-0.015748036802113674,0.007329270513744213,-0.007329270513744213
2020-06-03,1699.8456488872,,1697.195068359375,205442,,0,7.436732207572931,7.438292731149978,-0.001560523577046169,0.001560523577046169,-0.15593065932546346,Wednesday,0,-0.01617281395577219,-0.010858148660956246,0.005314665294815946,0.005314665294815946
2020-06-04,1713.0811032962,,1713.5035400390625,112489,,0,7.446295407282219,7.446048842968785,0.00024656431343395013,0.00024656431343395013,0.02465947129121765,Thursday,0,0.007756111818807199,0.009563199709287318,0.001807087890480119,0.001807087890480119
2020-06-05,1684.1403880141,,1683.33642578125,136828,,0,7.42853307069738,7.429010557131634,-0.00047748643425382653,0.00047748643425382653,-0.04773724557475522,Friday,0,-0.017038285837150724,-0.0177623365848385,0.0007240507476877767,-0.0007240507476877767
2020-06-06,1683.6859252275,,1680.8505859375,5773,,0,7.427055245423395,7.42874067219869,-0.0016854267752952623,0.0016854267752952623,-0.1684007241206213,Saturday,0,-0.00026988493294410887,-0.0014778252739855446,0.0012079403410414358,-0.0012079403410414358
2020-06-07,1681.1949934013,,1682.6002197265625,12084,,0,7.428095625704225,7.4272601251353905,0.0008355005688347461,0.0008355005688347461,0.08358496966609871,Sunday,0,-0.0014805470632994755,0.001040380280830533,0.0025209273441300084,0.0025209273441300084
2020-06-08,1697.9324094944,,1696.982177734375,44449,,0,7.436606762960088,7.437166560127542,-0.0005597971674538016,0.0005597971674538016,-0.055964051025324195,Monday,1,0.009906434992151603,0.008511137255863055,0.0013952977362885477,-0.0013952977362885477
2020-06-09,1713.8738138498,,1714.52783203125,76280,,0,7.446893005093613,7.446511475589817,0.00038152950379544137,0.00038152950379544137,0.03816022954344364,Tuesday,0,0.009344915462275338,0.010286242133524581,0.000941326671249243,0.000941326671249243
2020-06-10,1735.479820026,,1725.3184814453125,72488,,0,7.453166939348826,7.459039207476243,-0.005872268127417257,0.005872268127417257,-0.5855060060874254,Wednesday,0,0.012527731886425642,0.006273934255212943,0.006253797631212699,-0.006253797631212699
2020-06-11,1728.0062699786,,1728.9234619140625,144739,,0,7.455254217447285,7.454723577817256,0.0005306396300293059,0.0005306396300293059,0.0530780444143849,Thursday,0,-0.004315629658987241,0.002087278098459322,0.006402907757446563,0.006402907757446563
2020-06-12,1731.3176418063,,1733.86474609375,149039,,0,7.458108153198906,7.456638040251845,0.0014701129470608976,0.0014701129470608976,0.1471194092837114,Friday,0,0.0019144624345894812,0.002853935751621073,0.0009394733170315916,0.0009394733170315916
2020-06-13,1731.6766959609,,1729.5914306640625,28537,,0,7.4556404923537425,7.456845406548677,-0.0012049141949344033,0.0012049141949344033,-0.12041885772911559,Saturday,0,0.00020736629683160146,-0.0024676608451636994,0.002675027141995301,-0.002675027141995301
2020-06-14,1732.8019407382,,1728.4390869140625,7043,,0,7.454974018309168,7.457494996247369,-0.002520977938200275,0.002520977938200275,-0.25178029419097553,Sunday,0,0.0006495896986917771,-0.0006664740445740946,0.0013160637432658717,-0.0013160637432658717
2020-06-15,1724.6436946795,,1721.2301025390625,78579,,0,7.4507944900858885,7.452775754321299,-0.0019812642354102294,0.0019812642354102294,-0.19793028269945492,Monday,1,-0.004719241926069984,-0.004179528223279938,0.0005397137027900456,0.0005397137027900456
2020-06-16,1726.8180562436,,1732.2021484375,131846,,0,7.45714879619031,7.454035720103143,0.003113076087167599,0.003113076087167599,0.3117926740708364,Tuesday,0,0.0012599657818439525,0.006354306104421781,0.005094340322577828,0.005094340322577828
2020-06-17,1727.9322447474,,1731.1683349609375,96826,,0,7.4565517976813585,7.454680738379635,0.0018710593017230437,0.0018710593017230437,0.1872810825409697,Wednesday,0,0.0006450182764927703,-0.0005969985089517849,0.0012420167854445552,-0.0012420167854445552
2020-06-18,1723.4428527211,,1732.60302734375,148354,,0,7.45738019673822,7.452079227717085,0.0053009690211354155,0.0053009690211354155,0.5315044016798806,Thursday,0,-0.0026015106625507656,0.0008283990568616062,0.0034299097194123718,0.0034299097194123718
2020-06-19,1742.8740749624,,1734.469970703125,165888,,0,7.458457153318524,7.463290796761203,-0.004833643442679225,0.004833643442679225,-0.4821980187786303,Friday,0,0.011211569044118797,0.0010769565803041559,0.01013461246381464,-0.01013461246381464
2020-06-20,1742.8890128277,,1745.9195556640625,55621,,0,7.4650366618353035,7.463299367547528,0.0017372942877758035,0.0017372942877758035,0.17388042577912702,Saturday,0,8.570786324213486e-06,0.006579508516779242,0.006570937730455029,0.006570937730455029
2020-06-21,1748.8020705817,,1744.103759765625,33890,,0,7.463996097977605,7.466686301423003,-0.002690203445397721,0.002690203445397721,-0.2686588090847953,Sunday,0,0.0033869338754755063,-0.001040563857698018,0.004427497733173524,-0.004427497733173524
2020-06-22,1754.7918066149,,1747.140869140625,278206,,0,7.465735941766253,7.470105500153566,-0.0043695583873129,0.0043695583873129,-0.4360025756579135,Monday,1,0.0034191987305627336,0.0017398437886475548,0.0016793549419151788,-0.0016793549419151788
2020-06-23,1768.495991546,,1760.7041015625,129945,,0,7.473469065736415,7.477884742058856,-0.004415676322440554,0.004415676322440554,-0.44059415575425354,Tuesday,0,0.00777924190528978,0.007733123970162126,4.6117935127654164e-05,-4.6117935127654164e-05
2020-06-24,1762.4558613308,,1763.6463623046875,169871,,0,7.475138741584997,7.4744634911562695,0.0006752504287277361,0.0006752504287277361,0.06754784616215076,Wednesday,0,-0.0034212509025861593,0.0016696758485821306,0.00509092675116829,0.00509092675116829
2020-06-25,1764.7139724405,,1765.4366455078125,17153,,0,7.4761533299937915,7.475743900960518,0.0004094290332732342,0.0004094290332732342,0.040951286078002906,Thursday,0,0.0012804098042487055,0.0010145884087942036,0.0002658213954545019,-0.0002658213954545019
2020-06-26,1770.5866611628,,1763.06787109375,34409,,0,7.47481067915757,7.47906621763609,-0.004255538478520116,0.004255538478520116,-0.4246496505351638,Friday,0,0.0033223166755718125,-0.0013426508362215372,0.00466496751179335,-0.00466496751179335
2020-06-27,1770.5695922378,,1772.992431640625,182700,,0,7.480424037390887,7.479056577324407,0.0013674600664801417,0.0013674600664801417,0.13683954663215764,Saturday,0,-9.64031168315671e-06,0.005613358233317101,0.005622998545000257,0.005622998545000257
2020-06-28,1770.663644734,,1770.623046875,10033,,0,7.479086767513223,7.479109695822924,-2.2928309700631644e-05,2.2928309700631644e-05,-0.002292804684880951,Sunday,0,5.3118498517079615e-05,-0.0013372698776636938,0.0013903883761807734,-0.0013903883761807734
2020-06-29,1773.1102237664,,1773.9412841796875,94609,,0,7.480959064339637,7.480490472086814,0.00046859225282336325,0.00046859225282336325,0.046870205932389254,Monday,1,0.0013807762638897714,0.0018722968264137663,0.0004915205625239949,0.0004915205625239949
2020-06-30,1783.3899587063,,1776.6971435546875,89156,,0,7.482511382315396,7.48627130326343,-0.0037599209480339013,0.0037599209480339013,-0.37528612959486995,Tuesday,0,0.005780831176616097,0.0015523179757588323,0.0042285132008572646,-0.0042285132008572646
2020-07-01,1768.1743550149,,1767.5555419921875,132227,,0,7.477352821317845,7.477702855425119,-0.00035003410727441064,0.00035003410727441064,-0.03499728524833104,Wednesday,0,-0.008568447838310789,-0.005158560997551298,0.0034098868407594907,0.0034098868407594907
2020-07-02,1775.7075013867,,1779.102783203125,54945,,0,7.48386446182775,7.481954214823231,0.0019102470045186948,0.0019102470045186948,0.19120726886458322,Thursday,0,0.0042513593981121645,0.00651164050990527,0.0022602811117931054,0.0022602811117931054
2020-07-03,1775.7415940832,,1774.9964599609375,101298,,0,7.481553707519323,7.481973414139107,-0.00041970661978396606,0.00041970661978396606,-0.041961855528150585,Friday,0,1.9199315875795264e-05,-0.0023107543084268656,0.002329953624302661,-0.002329953624302661
2020-07-04,1775.7415940832,,1774.6201171875,4703,,0,7.4813416605183765,7.481973414139107,-0.0006317536207305352,0.0006317536207305352,-0.06315541064289702,Saturday,0,0.0,-0.00021204700094656914,0.00021204700094656914,-0.00021204700094656914
2020-07-05,1775.8677333712,,1774.6156005859375,56022,,0,7.481339115406176,7.482044446325602,-0.0007053309194260393,0.0007053309194260393,-0.07050822320452893,Sunday,0,7.10321864954011e-05,-2.5451122001030058e-06,7.357729869550411e-05,-7.357729869550411e-05
2020-07-06,1785.0605075605,,1781.517822265625,78796,,0,7.485220989074225,7.487207591432219,-0.001986602357994194,0.001986602357994194,-0.19846303695981748,Monday,1,0.005163145106616973,0.0038818736680488186,0.0012812714385681545,-0.0012812714385681545
2020-07-07,1794.9862061665,,1785.4595947265625,168949,,0,7.4874311371097635,7.492752616305944,-0.005321479196180867,0.005321479196180867,-0.5307345208119066,Tuesday,0,0.005545024873724991,0.0022101480355383174,0.0033348768381866734,-0.0033348768381866734
2020-07-08,1808.8289691915,,1788.895751953125,566135,,0,7.489353810124511,7.500434936531828,-0.011081126407317399,0.011081126407317399,-1.1019956877008983,Wednesday,0,0.007682320225883998,0.0019226730147474669,0.0057596472111365316,-0.0057596472111365316
2020-07-09,1804.4045373522,,1796.0194091796875,109758,,0,7.493328055696673,7.49798592013549,-0.004657864438817327,0.004657864438817327,-0.4647033411264201,Thursday,0,-0.0024490163963379885,0.003974245572162083,0.006423261968500071,0.006423261968500071
2020-07-10,1798.9064438014,,1795.1903076171875,51692,,0,7.492866316259205,7.49493422804094,-0.0020679117817348214,0.0020679117817348214,-0.20657751252253206,Friday,0,-0.0030516920945506953,-0.00046173943746818935,0.002589952657082506,0.002589952657082506
2020-07-11,1798.8846914913,,1787.2545166015625,48062,,0,7.488435931767317,7.494922136004864,-0.006486204237547533,0.006486204237547533,-0.6465214221204942,Saturday,0,-1.2092036075550538e-05,-0.004430384491888262,0.004418292455812711,-0.004418292455812711
2020-07-12,1801.0391996182,,1790.73583984375,69207,,0,7.4903818980746335,7.496119110412828,-0.005737212338194908,0.005737212338194908,-0.5720785964366666,Sunday,0,0.0011969744079642908,0.0019459663073169153,0.0007489918993526246,0.0007489918993526246
2020-07-13,1801.9884329482,,1799.806640625,410859,,0,7.495434516239113,7.496646019140023,-0.0012115029009098777,0.0012115029009098777,-0.12107693275424376,Monday,1,0.0005269087271946304,0.005052618164479661,0.00452570943728503,0.00452570943728503
2020-07-14,1808.4805112543,,1796.2713623046875,41531,,0,7.493468330046073,7.5002422751407245,-0.006773945094651346,0.006773945094651346,-0.6751053646215176,Tuesday,0,0.003596256000701459,-0.0019661861930400093,0.005562442193741468,-0.005562442193741468
2020-07-15,1812.0237550481,,1800.7259521484375,43862,,0,7.495945169327081,7.502199596366936,-0.006254427039855237,0.006254427039855237,-0.6234908824008508,Wednesday,0,0.001957321226211839,0.0024768392810079476,0.0005195180547961087,0.0005195180547961087
2020-07-16,1797.8746750095,,1795.001953125,9865,,0,7.492761389013709,7.494360510160358,-0.0015991211466488409,0.0015991211466488409,-0.1597843233697446,Thursday,0,-0.007839086206578472,-0.0031837803133720755,0.004655305893206396,0.004655305893206396
2020-07-17,1810.4377632682,,1802.07958984375,11248,,0,7.496696604697783,7.501323953176128,-0.004627348478345006,0.004627348478345006,-0.46166587960260635,Friday,0,0.006963443015770565,0.0039352156840744,0.003028227331696165,-0.003028227331696165
2020-07-18,1810.8068955527,,1798.6983642578125,31393,,0,7.494818551331061,7.501527823569077,-0.006709272238015984,0.006709272238015984,-0.6686815322288573,Saturday,0,0.0002038703929487795,-0.0018780533667221988,0.0020819237596709783,-0.0020819237596709783
2020-07-19,1808.7598238268,,1800.9268798828125,20217,,0,7.496056744619845,7.500396709210446,-0.004339964590601042,0.004339964590601042,-0.43305605535925784,Sunday,0,-0.0011311143586310024,0.0012381932887839397,0.002369307647414942,0.002369307647414942
2020-07-20,1818.1599311021,,1801.0340576171875,53821,,0,7.496116255389821,7.505580241771456,-0.009463986381635259,0.009463986381635259,-0.9419343805762709,Monday,1,0.005183532561010118,5.951076997590121e-05,0.005124021791034217,-0.005124021791034217
2020-07-21,1842.427433141,,1826.24755859375,648981,,0,7.510018626222811,7.5188392382897815,-0.00882061206697049,0.00882061206697049,-0.8781824595211452,Tuesday,0,0.013258996518325183,0.013902370832989952,0.0006433743146647686,0.0006433743146647686
2020-07-22,1869.3986259448,,1850.043212890625,805832,,0,7.522964276118826,7.533372067723499,-0.0104077916046732,0.0104077916046732,-1.0353817952761504,Wednesday,0,0.014532829433717254,0.012945649896014544,0.0015871795377027098,-0.0015871795377027098
2020-07-23,1885.2628815319,,1863.25244140625,683952,,0,7.530078864055457,7.541822549857132,-0.011743685801675063,0.011743685801675063,-1.1674997869668429,Thursday,0,0.008450482133633308,0.007114587936631445,0.0013358941970018634,-0.0013358941970018634
2020-07-24,1901.24207809,,1883.032470703125,265965,,0,7.540638772641838,7.550262676879746,-0.009623904237908043,0.009623904237908043,-0.957774267502455,Friday,0,0.008440127022613986,0.010559908586381006,0.0021197815637670203,0.0021197815637670203
2020-07-25,1901.3756452794,,1884.1439208984375,138517,,0,7.541228843353706,7.550332927006986,-0.009104083653279638,0.009104083653279638,-0.9062766962301337,Saturday,0,7.025012723982371e-05,0.0005900707118682291,0.0005198205846284054,0.0005198205846284054
2020-07-26,1912.942009163,,1896.323974609375,234271,,0,7.5476725409021626,7.556397654899747,-0.008725113997584799,0.008725113997584799,-0.8687160653080185,Sunday,0,0.006064727892761468,0.006443697548456306,0.00037896965569483854,0.00037896965569483854
2020-07-27,1957.2719081249,,1931.072998046875,1377527,,0,7.5658310849490364,7.5793068990450365,-0.013475814096000072,0.013475814096000072,-1.3385421805355568,Monday,1,0.022909244145289165,0.018158544046873892,0.0047507000984152725,-0.0047507000984152725
2020-07-28,1957.3135027455,,1928.93505859375,417071,,0,7.56472334649856,7.579328150143804,-0.014604803645243969,0.014604803645243969,-1.4498670811775396,Tuesday,0,2.125109876782716e-05,-0.0011077384504760701,0.0011289895492438973,-0.0011289895492438973
2020-07-29,1968.4543010178,,1944.212158203125,291768,,0,7.572612113943758,7.585003894984929,-0.012391781041171335,0.012391781041171335,-1.231531908164716,Wednesday,0,0.0056757448411248745,0.007888767445197509,0.002213022604072634,0.002213022604072634
2020-07-30,1957.835699344,,1934.9266357421875,179356,,0,7.567824690399992,7.57959490707931,-0.011770216679317436,0.011770216679317436,-1.1701218651538776,Thursday,0,-0.005408987905619611,-0.004787423543765712,0.0006215643618538991,0.0006215643618538991
2020-07-31,1974.2608386274,,1955.216796875,317540,,0,7.578256359813431,7.587949348360037,-0.009692988546605719,0.009692988546605719,-0.9646162948579978,Friday,0,0.008354441280727265,0.010431669413438982,0.002077228132711717,0.002077228132711717
2020-08-01,1974.0413561664,,1958.1417236328125,242702,,0,7.579751202305957,7.587838170212875,-0.008086967906918652,0.008086967906918652,-0.8054356350702117,Saturday,0,-0.00011117814716143926,0.0014948424925256276,0.0016060206396870669,0.0016060206396870669
2020-08-02,1981.159176234,,1943.9000244140625,249395,,0,7.572451555927387,7.591437394926376,-0.018985838998989202,0.018985838998989202,-1.880674317687265,Sunday,0,0.003599224713500604,-0.007299646378569946,0.01089887109207055,-0.01089887109207055
2020-08-03,1975.2048865393,,1957.7821044921875,142392,,0,7.579567532164544,7.588427411974497,-0.008859879809953064,0.008859879809953064,-0.8820746731564928,Monday,1,-0.003009982951878598,0.00711597623715754,0.010125959189036138,0.010125959189036138
2020-08-04,2028.3446552235,,1990.46240234375,6647074,,0,7.59612225371325,7.61497529860655,-0.01885304489330064,0.01885304489330064,-1.8676437844127547,Tuesday,0,0.026547886632052986,0.01655472154870541,0.009993165083347577,-0.009993165083347577
2020-08-05,2036.4520303667,,1997.2939453125,2030098,,0,7.599548516030342,7.618964371872032,-0.019415855841689478,0.019415855841689478,-1.9228582097830647,Wednesday,0,0.00398907326548148,0.003426262317092643,0.0005628109483888366,-0.0005628109483888366
2020-08-06,2069.5240564701,,2011.891845703125,1237920,,0,7.606830775154085,7.635073935412166,-0.02824316025808038,0.02824316025808038,-2.784805066014824,Thursday,0,0.01610956354013382,0.007282259123742918,0.008827304416390902,-0.008827304416390902
2020-08-07,2034.1424621816,,1994.4697265625,314749,,0,7.598133492770754,7.6178296145597235,-0.019696121788969734,0.019696121788969734,-1.9503420412625034,Friday,0,-0.017244320852442208,-0.008697282383331562,0.008547038469110646,0.008547038469110646
2020-08-08,2033.8638328164,,1993.7803955078125,78187,,0,7.5977878118127125,7.61769262884956,-0.019904817036847433,0.019904817036847433,-1.9708024038699672,Saturday,0,-0.00013698571016362848,-0.0003456809580413278,0.00020869524787769933,-0.00020869524787769933
2020-08-09,2027.8422744279,,1999.91552734375,34274,,0,7.6008602223219786,7.614727587735784,-0.013867365413805288,0.013867365413805288,-1.3771656423342307,Sunday,0,-0.0029650411137760457,0.003072410509266099,0.006037451623042145,0.006037451623042145
2020-08-10,2028.6845861146,,2013.984130859375,666894,,0,7.607870193833053,7.615142874865766,-0.00727268103271328,0.00727268103271328,-0.7246299082589187,Monday,1,0.0004152871299822891,0.007009971511074298,0.006594684381092009,0.006594684381092009
2020-08-11,1911.4676719017,,1934.055908203125,435448,,0,7.567374583663209,7.5556266405695425,0.01174794309366689,0.01174794309366689,1.1817221203093748,Tuesday,0,-0.05951623429622366,-0.04049561016984349,0.01902062412638017,0.01902062412638017
2020-08-12,1922.2242908738,,1930.71630859375,376061,,0,7.565646357390997,7.561238279326194,0.004408078064803256,0.004408078064803256,0.4417807932335315,Wednesday,0,0.0056116387566511605,-0.0017282262722124742,0.007339865028863635,-0.007339865028863635
2020-08-13,1958.0927219542,,1962.273681640625,103671,,0,7.581859121549527,7.579726177410591,0.0021329441389354997,0.0021329441389354997,0.21352204824357676,Thursday,0,0.018487898084397436,0.01621276415852968,0.002275133925867756,-0.002275133925867756
2020-08-14,1944.5171525274,,1942.5386962890625,81852,,0,7.571751002912915,7.5727689746046725,-0.0010179716917573245,0.0010179716917573245,-0.10174537343452822,Friday,0,-0.006957202805918605,-0.01010811863661143,0.003150915830692824,-0.003150915830692824
2020-08-15,1944.9009559188,,1944.4490966796875,79207,,0,7.572733975150649,7.5729663323491705,-0.00023235719852188197,0.00023235719852188197,-0.023233020567829978,Saturday,0,0.0001973577444980279,0.0009829722377334704,0.0007856144932354425,0.0007856144932354425
2020-08-16,1933.9741234262,,1933.761962890625,59220,,0,7.567222588236919,7.5673322961027365,-0.00010970786581765424,0.00010970786581765424,-0.010970184812981567,Sunday,0,-0.005634036246433993,-0.0055113869137297655,0.00012264933270422773,0.00012264933270422773
2020-08-17,1984.4628575593,,1973.168701171875,247692,,0,7.587396007269396,7.593103555776515,-0.005707548507118965,0.005707548507118965,-0.5691291396260058,Monday,1,0.025771259673778246,0.020173419032476936,0.00559784064130131,-0.00559784064130131
2020-08-18,2003.4558106684,,2000.714111328125,136452,,0,7.601259451476941,7.602628873765279,-0.0013694222883380291,0.0013694222883380291,-0.1368485057506906,Tuesday,0,0.009525317988764215,0.01386344420754515,0.0043381262187809355,0.0043381262187809355
2020-08-19,1929.2006043548,,1948.4281005859375,236335,,0,7.574778224219034,7.564861001461821,0.009917222757212407,0.009917222757212407,0.9966561376631964,Wednesday,0,-0.03776787230345757,-0.026481227257907136,0.011286645045550436,0.011286645045550436
2020-08-20,1949.1480094046,,1955.01318359375,173677,,0,7.578152215922944,7.57514763782715,0.0030045780957941304,0.0030045780957941304,0.30090963645913826,Thursday,0,0.010286636365328228,0.003373991703909951,0.006912644661418277,-0.006912644661418277
2020-08-21,1939.1967796845,,1946.88037109375,107426,,0,7.573983560800263,7.570029135232373,0.003954425567890496,0.003954425567890496,0.3962254625082544,Friday,0,-0.005118502594776864,-0.004168655122680498,0.0009498474720963657,0.0009498474720963657
2020-08-22,1939.0930861636,,1944.58447265625,36403,,0,7.572803594491394,7.569975661394928,0.0028279330964666727,0.0028279330964666727,0.2831935471192074,Saturday,0,-5.347383744513934e-05,-0.0011799663088689627,0.0011264924714238234,-0.0011264924714238234
2020-08-23,1934.6663184267,,1942.40283203125,24773,,0,7.57168105887032,7.56769014533597,0.003990913534350327,0.003990913534350327,0.3998887834487916,Sunday,0,-0.0022855160589578816,-0.0011225356210742277,0.001162980437883654,0.001162980437883654
2020-08-24,1931.026380578,,1938.072509765625,140195,,0,7.5694492064905425,7.5658069439499025,0.00364226254064004,0.00364226254064004,0.3648903639273892,Monday,1,-0.0018832013860672348,-0.0022318523797775214,0.00034865099371028663,-0.00034865099371028663
2020-08-25,1929.4113688083,,1941.0606689453125,66002,,0,7.570989839221139,7.564970245125178,0.006019594095961089,0.006019594095961089,0.6037748261122585,Tuesday,0,-0.000836698824724813,0.0015406327305962364,0.0023773315553210494,0.0023773315553210494
2020-08-26,1953.4123764586,,1951.329345703125,112059,,0,7.576266135040358,7.57733305884802,-0.0010669238076621568,0.0010669238076621568,-0.10663548468200833,Wednesday,0,0.012362813722842425,0.005276295819219179,0.007086517903623246,-0.007086517903623246
2020-08-27,1927.9492802892,,1939.2030029296875,106180,,0,7.570032344414271,7.564212167920516,0.0058201764937546585,0.0058201764937546585,0.5837146628047893,Thursday,0,-0.013120890927504014,-0.006233790626087199,0.006887100301416815,0.006887100301416815
2020-08-28,1964.6269893002,,1966.409423828125,215205,,0,7.58396453122712,7.583057678955732,0.0009068522713882032,0.0009068522713882032,0.09072635862342178,Friday,0,0.0188455110352157,0.013932186812849245,0.004913324222366455,-0.004913324222366455
2020-08-29,1964.6944408971,,1976.192626953125,158004,,0,7.5889273568325,7.583092011396131,0.005835345436369543,0.005835345436369543,0.5852404229725775,Saturday,0,3.433244039907635e-05,0.0049628256053804165,0.00492849316498134,0.00492849316498134
2020-08-30,1972.989770048,,1976.33837890625,337823,,0,7.589001108032921,7.587305321036036,0.001695786996885218,0.001695786996885218,0.1697225656759716,Sunday,0,0.00421330963990485,7.37512004205243e-05,0.0041395584394843254,-0.0041395584394843254
2020-08-31,1968.6865450587,,1989.1414794921875,442859,,0,7.595458407290694,7.585121870973215,0.010336536317478995,0.010336536317478995,1.0390142851754822,Monday,1,-0.0021834500628203912,0.006457299257773386,0.008640749320593777,0.008640749320593777
2020-09-01,1971.7024482422,,1983.6751708984375,391127,,0,7.592706550094979,7.586652635462479,0.006053914632500046,0.006053914632500046,0.6072276608933215,Tuesday,0,0.001530764489263703,-0.002751857195715246,0.004282621684978949,-0.004282621684978949
2020-09-02,1944.3292451021,,1959.922607421875,110157,,0,7.580660265435722,7.5726723354442464,0.007987929991475795,0.007987929991475795,0.8019918621836171,Wednesday,0,-0.013980300018232583,-0.012046284659256834,0.0019340153589757492,0.0019340153589757492
2020-09-03,1928.9438403138,,1942.0201416015625,183839,,0,7.571484020373986,7.564727899114275,0.006756121259710923,0.006756121259710923,0.6778995331266534,Thursday,0,-0.007944436329971438,-0.00917624506173631,0.0012318087317648718,-0.0012318087317648718
2020-09-04,1933.4035123997,,1949.9945068359375,105221,,0,7.575581834546613,7.567037206724676,0.008544627821937212,0.008544627821937212,0.8581237351557852,Friday,0,0.0023093076104006016,0.00409781417262689,0.0017885065622262886,0.0017885065622262886
2020-09-05,1933.8806215492,,1915.8701171875,356653,,0,7.55792716770879,7.567283947918441,-0.009356780209651028,0.009356780209651028,-0.9313141752913408,Saturday,0,0.00024674119376566495,-0.017654666837822575,0.01790140803158824,-0.01790140803158824
2020-09-06,1934.404348541,,1923.6083984375,90018,,0,7.561958075393925,7.567554727863068,-0.005596652469143315,0.005596652469143315,-0.5581020385754767,Sunday,0,0.00027077994462665345,0.004030907685134366,0.0037601277405077127,0.0037601277405077127
2020-09-07,1930.0535088309,,1920.3668212890625,187682,,0,7.560271499528294,7.565303006297456,-0.005031506769162419,0.005031506769162419,-0.5018869941955683,Monday,1,-0.0022517215656119305,-0.0016865758656310348,0.0005651456999808957,0.0005651456999808957
2020-09-08,1930.6564574461,,1900.406982421875,408557,,0,7.5498233434913855,7.565615357458444,-0.01579201396705887,0.01579201396705887,-1.5667973920248535,Tuesday,0,0.0003123511609883778,-0.010448156036908074,0.010760507197896452,-0.010760507197896452
2020-09-09,1947.7970396769,,1928.1456298828125,89612,,0,7.5643140064895125,7.574454289696855,-0.010140283207342726,0.010140283207342726,-1.0089043875612103,Wednesday,0,0.008838932238410813,0.014490662998126957,0.005651730759716145,0.005651730759716145
2020-09-10,1947.8465467206,,1932.6148681640625,44567,,0,7.5666292188834685,7.574479706315498,-0.007850487432029318,0.007850487432029318,-0.7819752835346047,Thursday,0,2.5416618642637445e-05,0.0023152123939560454,0.002289795775313408,0.002289795775313408
2020-09-11,1941.2253004431,,1933.1708984375,39057,,0,7.566916886287118,7.571074650849743,-0.004157764562624955,0.004157764562624955,-0.41491330263218223,Friday,0,-0.003405055465754536,0.00028766740364982724,0.0036927228694043635,0.0036927228694043635
2020-09-12,1941.0879798127,,1933.167724609375,15288,,0,7.566915244512595,7.571003909196227,-0.004088664683632004,0.004088664683632004,-0.40803174743729465,Saturday,0,-7.074165351639294e-05,-1.6417745234420522e-06,6.909987899295089e-05,6.909987899295089e-05
2020-09-13,1942.2755700579,,1933.1378173828125,47427,,0,7.5668997738126,7.5716155389172,-0.004715765104600145,0.004715765104600145,-0.4704663342295522,Sunday,0,0.0006116297209732835,-1.5470699994857284e-05,0.0006271004209681408,-0.0006271004209681408
2020-09-14,1956.9076178445,,1943.947265625,444856,,0,7.572475857916337,7.5791207602749395,-0.0066449023586026,0.0066449023586026,-0.662287381443975,Monday,1,0.0075052213577393445,0.005576084103736889,0.0019291372540024554,-0.0019291372540024554
2020-09-15,1954.1900113641,,1945.8843994140625,79618,,0,7.573471856774905,7.577731070128896,-0.0042592133539907095,0.0042592133539907095,-0.42501557687524133,Tuesday,0,-0.0013896901460439537,0.000995998858567937,0.0023856890046118906,0.0023856890046118906
2020-09-16,1959.9880063322,,1956.272705078125,38760,,0,7.5787962606508215,7.580693632987575,-0.0018973723367539108,0.0018973723367539108,-0.18955734637517574,Wednesday,0,0.002962562858679796,0.005324403875916595,0.0023618410172367987,0.0023618410172367987
2020-09-17,1946.3532944928,,1946.9947509765625,40827,,0,7.574042309414052,7.573712795339238,0.00032951407481451866,0.00032951407481451866,0.03295683705407269,Thursday,0,-0.00698083764833779,-0.00475395123676936,0.0022268864115684295,0.0022268864115684295
2020-09-18,1949.7974882271,,1951.111328125,28755,,0,7.576154401078679,7.57548079397355,0.0006736071051296477,0.0006736071051296477,0.0673834029345563,Friday,0,0.0017679986343122067,0.0021120916646273358,0.00034409303031512906,0.00034409303031512906
2020-09-19,1949.8498615607,,1951.0380859375,187838,,0,7.576116861671682,7.575507654522161,0.0006092071495213958,0.0006092071495213958,0.06093927538856396,Saturday,0,2.6860548611118418e-05,-3.753940699713354e-05,6.439995560825196e-05,-6.439995560825196e-05
2020-09-20,1948.9568208616,,1954.16552734375,126955,,0,7.577718541063867,7.575049544752962,0.002668996310905669,0.002668996310905669,0.26725612524588477,Sunday,0,-0.00045810976919913315,0.0016016793921851402,0.0020597891613842734,0.0020597891613842734
2020-09-21,1915.1625387391,,1903.9769287109375,271330,,0,7.551700098004229,7.557557774639092,-0.005857676634862585,0.005857676634862585,-0.5840553896551702,Monday,1,-0.017491770113870153,-0.026018443059638408,0.008526672945768254,-0.008526672945768254
2020-09-22,1902.8108515827,,1897.23828125,88730,,0,7.548154571561823,7.551087467496826,-0.0029328959350030104,0.0029328959350030104,-0.2928599197374206,Tuesday,0,-0.006470307142265597,-0.0035455264424060218,0.002924780699859575,0.002924780699859575
2020-09-23,1857.9414806297,,1863.5633544921875,13748,,0,7.530245715922406,7.527224422984182,0.0030212929382233966,0.0030212929382233966,0.3025861643705879,Wednesday,0,-0.02386304451264376,-0.017908855639417354,0.005954188873226407,0.005954188873226407
2020-09-24,1868.3887192553,,1870.859130859375,2969,,0,7.534153032610825,7.532831690960026,0.0013213416507991127,0.0013213416507991127,0.13222150073030192,Thursday,0,0.005607267975843655,0.003907316688419371,0.001699951287424284,-0.001699951287424284
2020-09-25,1861.1923300575,,1866.8421630859375,10150,,0,7.5320035995748045,7.52897259899569,0.00303100057911454,0.00303100057911454,0.3035598705837683,Friday,0,-0.003859091964335981,-0.002149433036020554,0.0017096589283154273,0.0017096589283154273
2020-09-26,1861.7640214103,,1865.6484375,4946,,0,7.531363959316126,7.529279715869122,0.002084243447003864,0.002084243447003864,0.2086416992180057,Saturday,0,0.0003071168734321006,-0.0006396402586785754,0.000946757132110676,-0.000946757132110676
2020-09-27,1862.457512688,,1863.0999755859375,1677,,0,7.529997032922308,7.52965213801392,0.00034489490838840453,0.00034489490838840453,0.034495439147511665,Sunday,0,0.00037242214479782376,-0.0013669263938176357,0.0017393485386154595,-0.0017393485386154595
2020-09-28,1882.182636685,,1868.1920166015625,3600,,0,7.532726406119245,7.540187359371511,-0.00746095325226559,0.00746095325226559,-0.7433189431647588,Monday,1,0.010535221357590885,0.0027293731969368906,0.007805848160653994,-0.007805848160653994
2020-09-29,1897.4654482465,,1889.6817626953125,5596,,0,7.544163714349975,7.5482743000112436,-0.004110585661268651,0.004110585661268651,-0.41021487681795016,Tuesday,0,0.00808694063973281,0.011437308230729748,0.003350367590996939,0.003350367590996939
2020-09-30,1886.6735846691,,1880.6573486328125,13862,,0,7.539376648237537,7.542570549308138,-0.003193901070600802,0.003193901070600802,-0.3188805994409778,Wednesday,0,-0.00570375070310547,-0.004787066112437621,0.0009166845906678489,0.0009166845906678489
2020-10-01,1904.5190187159,,1896.828369140625,8584,,0,7.547938490955581,7.551984772067747,-0.0040462811121653175,0.0040462811121653175,-0.40381059468024666,Thursday,0,0.00941422275960857,0.008561842718044055,0.0008523800415645155,-0.0008523800415645155
2020-10-02,1899.8330179823,,1895.7529296875,4658,,0,7.547371362977451,7.549521276019921,-0.002149913042470253,0.002149913042470253,-0.21476036347305552,Friday,0,-0.0024634960478255863,-0.0005671279781305216,0.0018963680696950647,0.0018963680696950647
2020-10-03,1900.4000342072,,1902.5106201171875,5708,,0,7.550929671910635,7.549819687312766,0.0011099845978685963,0.0011099845978685963,0.11106008587649986,Saturday,0,0.00029841129284502443,0.0035583089331838735,0.003259897640338849,0.003259897640338849
2020-10-04,1903.9278030577,,1904.921142578125,60634,,0,7.552195891731893,7.551674296070251,0.0005215956616417827,0.0005215956616417827,0.05217317163128379,Sunday,0,0.00185460875748511,0.0012662198212582965,0.0005883889362268135,-0.0005883889362268135
2020-10-05,1912.4517496562,,1903.292236328125,67296,,0,7.551340421627007,7.556141336444501,-0.004800914817494117,0.004800914817494117,-0.47894088463782863,Monday,1,0.00446704037424972,-0.0008554701048861801,0.0053225104791359,-0.0053225104791359
2020-10-06,1878.9937696507,,1876.963623046875,5253,,0,7.537410656029434,7.538491683628671,-0.0010810275992367835,0.0010810275992367835,-0.1080443499396147,Tuesday,0,-0.017649652815830308,-0.013929765597572974,0.003719887218257334,0.003719887218257334
2020-10-07,1887.0309888775,,1875.8475341796875,1099,,0,7.536815854504213,7.542759967532328,-0.005944113028115261,0.005944113028115261,-0.5926481739690453,Wednesday,0,0.0042682839036576325,-0.000594801525220845,0.0048630854288784775,-0.0048630854288784775
2020-10-08,1894.1108388887,,1887.031005859375,6174,,0,7.542759976531584,7.546504793094293,-0.0037448165627091967,0.0037448165627091967,-0.37378134816434,Thursday,0,0.0037448255619647597,0.005944122027370824,0.0021992964654060643,0.0021992964654060643
2020-10-09,1930.0823990539,,1909.2691650390625,19669,,0,7.554475811711598,7.565317974797887,-0.010842163086288714,0.010842163086288714,-1.0783598682128714,Friday,0,0.01881318170359414,0.011715835180014622,0.0070973465235795175,-0.0070973465235795175
2020-10-10,1930.4087640558,,1919.275146484375,112458,,0,7.559702865867518,7.565487054321133,-0.005784188453615613,0.005784188453615613,-0.5767492242437413,Saturday,0,0.00016907952324629605,0.005227054155919397,0.005057974632673101,0.005057974632673101
2020-10-11,1929.86857595,,1917.8485107421875,65043,,0,7.558959269395073,7.565207184217642,-0.006247914822568923,0.006247914822568923,-0.6228437188732091,Sunday,0,-0.0002798701034913975,-0.0007435964724447075,0.00046372636895331,-0.00046372636895331
2020-10-12,1924.5388171078,,1912.8677978515625,65776,,0,7.556358859813117,7.5624416424906675,-0.006082782677550469,0.006082782677550469,-0.6064320008767992,Monday,1,-0.0027655417269745186,-0.0026004095819560646,0.00016513214501845397,0.00016513214501845397
2020-10-13,1892.6828255374,,1894.60791015625,99108,,0,7.546767188538941,7.54575058594939,0.0010166025895506081,0.0010166025895506081,0.10171195051148366,Tuesday,0,-0.016691056541277227,-0.00959167127417615,0.007099385267101077,0.007099385267101077
2020-10-14,1898.9262358706,,1893.4677734375,99406,,0,7.546165227623474,7.549043866387814,-0.0028786387643400246,0.0028786387643400246,-0.2874499456582381,Wednesday,0,0.003293280438423807,-0.000601960915466826,0.0038952413538906328,-0.0038952413538906328
2020-10-15,1906.3506942011,,1897.1456298828125,57474,,0,7.548105735508659,7.552946062148089,-0.004840326639429904,0.004840326639429904,-0.482863113606966,Thursday,0,0.0039021957602747293,0.00194050788518485,0.001961687875089879,-0.001961687875089879
2020-10-16,1898.5884632065,,1888.139892578125,46585,,0,7.543347439605693,7.548865974955255,-0.00551853534956237,0.00551853534956237,-0.5503336205218725,Friday,0,-0.004080087192833481,-0.004758295902965948,0.0006782087101324663,-0.0006782087101324663
2020-10-17,1898.3977522971,,1890.733154296875,16718,,0,7.544719945161542,7.5487655211222755,-0.004045575960733849,0.004045575960733849,-0.4037403642598408,Saturday,0,-0.00010045383297985211,0.0013725055558486687,0.0014729593888285208,0.0014729593888285208
2020-10-18,1900.9961219679,,1889.8189697265625,34809,,0,7.5442363202527245,7.550133302490504,-0.005896982237779902,0.005896982237779902,-0.5879629165033256,Sunday,0,0.0013677813682289042,-0.0004836249088171485,0.0018514062770460527,-0.0018514062770460527
2020-10-19,1904.0538230604,,1898.7484130859375,35849,,0,7.548950218141859,7.551740483365842,-0.0027902652239832904,0.0027902652239832904,-0.2786376052088191,Monday,1,0.0016071808753377326,0.004713897889134344,0.0031067170137966116,0.0031067170137966116
2020-10-20,1909.766163289,,1889.944580078125,88556,,0,7.544302784913782,7.554736085948424,-0.010433301034641573,0.010433301034641573,-1.0379062940741484,Tuesday,0,0.002995602582581469,-0.004647433228076814,0.007643035810658283,-0.007643035810658283
2020-10-21,1923.0189036887,,1915.7645263671875,485859,,0,7.557872052422412,7.561651575851799,-0.0037795234293866997,0.0037795234293866997,-0.3772390020502283,Wednesday,0,0.006915489903374983,0.013569267508629856,0.006653777605254874,0.006653777605254874
2020-10-22,1904.6306983536,,1906.2833251953125,145328,,0,7.552910722272585,7.552043409635723,0.0008673126368616835,0.0008673126368616835,0.08676888612269837,Thursday,0,-0.009608166216075631,-0.004961330149827248,0.004646836066248383,0.004646836066248383
2020-10-23,1901.2180563281,,1902.208984375,99359,,0,7.550771113186642,7.550250042027018,0.0005210711596239648,0.0005210711596239648,0.05212069407829528,Friday,0,-0.0017933676087045214,-0.00213960908594224,0.0003462414772377187,-0.0003462414772377187
2020-10-24,1901.4298752662,,1908.4744873046875,50849,,0,7.5540595041654575,7.550361448048365,0.0036980561170922854,0.0036980561170922854,0.3704902363281324,Saturday,0,0.00011140602134673827,0.003288390978815059,0.0031769849574683207,0.0031769849574683207
2020-10-25,1898.0554421995,,1899.9998779296875,147999,,0,7.549609100906997,7.548585189596511,0.0010239113104857367,0.0010239113104857367,0.10244356866279061,Sunday,0,-0.0017762584518541402,-0.004450403258460689,0.0026741448066065487,-0.0026741448066065487
2020-10-26,1901.722774424,,1891.945556640625,122575,,0,7.545360973637876,7.550515477710257,-0.005154504072381272,0.005154504072381272,-0.5141242411810661,Monday,1,0.0019302881137459593,-0.004248127269121049,0.0061784153828670085,-0.0061784153828670085
2020-10-27,1905.632325646,,1895.3846435546875,160385,,0,7.547177075048376,7.552569161957367,-0.005392086908990734,0.005392086908990734,-0.5377575701985751,Tuesday,0,0.0020536842471097216,0.0018161014105002593,0.00023758283660946233,-0.00023758283660946233
2020-10-28,1878.7957728785,,1885.8529052734375,97252,,0,7.542135467189671,7.538386304245316,0.0037491629443549,0.0037491629443549,0.37561998471634334,Wednesday,0,-0.014182857712050634,-0.0050416078587049995,0.009141249853345634,0.009141249853345634
2020-10-29,1868.3090995825,,1866.5626220703125,109222,,0,7.531853848325083,7.53278907596857,-0.0009352276434873019,0.0009352276434873019,-0.09347904544156072,Thursday,0,-0.005597228276745803,-0.010281618864588005,0.004684390587842202,-0.004684390587842202
2020-10-30,1878.8451265975,,1884.4417724609375,123359,,0,7.541386914092893,7.538412572704876,0.002974341388017443,0.002974341388017443,0.2978769130147932,Friday,0,0.005623496736305356,0.0095330657678101,0.003909569031504745,0.003909569031504745
2020-10-31,1879.2930099696,,1887.199951171875,225110,,0,7.542849502220148,7.538650926569447,0.004198575650701031,0.004198575650701031,0.4207402017848669,Saturday,0,0.00023835386457093932,0.0014625881272545271,0.0012242342626835878,0.0012242342626835878
2020-11-01,1876.4366468077,,1883.701171875,31747,,0,7.540993828901374,7.537129856645009,0.0038639722563642565,0.0038639722563642565,0.3871447021490839,Sunday,0,-0.001521069924437235,-0.0018556733187740093,0.00033460339433677433,-0.00033460339433677433
2020-11-02,1894.6954732592,,1897.6114501953125,103765,,0,7.548351242825733,7.546813404475807,0.0015378383499262682,0.0015378383499262682,0.15390214297057722,Monday,1,0.009683547830797501,0.007357413924359513,0.0023261339064379882,-0.0023261339064379882
2020-11-03,1911.5705612595,,1907.9437255859375,71644,,0,7.553781357645572,7.555680466532848,-0.0018991088872759576,0.0018991088872759576,-0.18973067210099867,Tuesday,0,0.008867062057040798,0.005430114819838572,0.003436947237202226,-0.003436947237202226
2020-11-04,1904.2926718877,,1896.138671875,357819,,0,7.547574819315006,7.551865917765222,-0.004291098450216246,0.004291098450216246,-0.42819048421884653,Wednesday,0,-0.0038145487676253254,-0.006206538330565614,0.0023919895629402887,-0.0023919895629402887
2020-11-05,1946.5737011419,,1948.302490234375,327997,,0,7.574713754608585,7.573826029751074,0.0008877248575114294,0.0008877248575114294,0.08881190018445144,Thursday,0,0.021960111985851682,0.027138935293579358,0.005178823307727676,0.005178823307727676
2020-11-06,1952.0273494522,,1951.230712890625,245398,,0,7.5762155872916805,7.576623777864741,-0.00040819057306062945,0.00040819057306062945,-0.04081072746232798,Friday,0,0.0027977481136671756,0.0015018326830951167,0.0012959154305720588,-0.0012959154305720588
2020-11-07,1952.2861270548,,1955.2401123046875,74067,,0,7.578268284470948,7.576756337714014,0.0015119467569340017,0.0015119467569340017,0.15130903246973143,Saturday,0,0.00013255984927251774,0.002052697179267149,0.0019201373299946312,0.0019201373299946312
2020-11-08,1959.7275978639,,1951.9595947265625,38752,,0,7.576589067335934,7.580560761884169,-0.003971694548234872,0.003971694548234872,-0.39638178009048736,Sunday,0,0.0038044241701555848,-0.001679217135013289,0.005483641305168874,-0.005483641305168874
2020-11-09,1867.1843034266,,1859.2320556640625,583707,,0,7.527918808152708,7.532186855020201,-0.004268046867492714,0.004268046867492714,-0.4258951699595941,Monday,1,-0.048373906863968585,-0.04867025918322643,0.0002963523192578421,-0.0002963523192578421
2020-11-10,1876.4577640632,,1872.2158203125,215036,,0,7.534877939020786,7.537141110495072,-0.0022631714742855635,0.0022631714742855635,-0.22606124326053478,Tuesday,0,0.004954255474871161,0.0069591308680783115,0.0020048753932071506,0.0020048753932071506
2020-11-11,1865.2234101424,,1882.02197265625,613470,,0,7.540101995239897,7.531136115864624,0.008965879375272934,0.008965879375272934,0.9006193264841887,Wednesday,0,-0.006004994630448124,0.005224056219110373,0.011229050849558497,0.011229050849558497
2020-11-12,1875.963527327,,1889.19140625,198507,,0,7.543904189128491,7.5368776876538295,0.007026501474661551,0.007026501474661551,0.705124525626994,Thursday,0,0.005741571789205757,0.003802193888594374,0.0019393779006113832,-0.0019393779006113832
2020-11-13,1888.0988575632,,1892.0897216796875,130424,,0,7.545437170094055,7.543325706332115,0.0021114637619401577,0.0021114637619401577,0.21136944712938133,Friday,0,0.006448018678285372,0.0015329809655639792,0.004915037712721393,-0.004915037712721393
2020-11-14,1888.1283927307,,1898.72509765625,67089,,0,7.548937938698896,7.543341349017548,0.005596589681347908,0.005596589681347908,0.5612279846194466,Saturday,0,1.5642685433192582e-05,0.0035007686048409425,0.00348512591940775,0.00348512591940775
2020-11-15,1890.5557288565,,1898.0924072265625,72986,,0,7.548604664616205,7.544626101265459,0.003978563350745645,0.003978563350745645,0.39864883404526597,Sunday,0,0.0012847522479111362,-0.00033327408269112624,0.0016180263306022624,-0.0016180263306022624
2020-11-16,1889.4235990212,,1903.991455078125,240514,,0,7.551707727462104,7.544027087476784,0.0076806399853204255,0.0076806399853204255,0.7710211762185935,Monday,1,-0.0005990137886753288,0.0031030628458994514,0.00370207663457478,0.00370207663457478
2020-11-17,1881.45526941,,1881.03125,338759,,0,7.539575442666483,7.539800835852403,-0.00022539318591974222,0.00022539318591974222,-0.0225367786784001,Tuesday,0,-0.00422625162438095,-0.012132284795621118,0.007906033171240168,-0.007906033171240168
2020-11-18,1871.9271756033,,1884.90576171875,597005,,0,7.541633104849224,7.534723754359524,0.0069093504896997615,0.0069093504896997615,0.6933275121275605,Wednesday,0,-0.00507708149287911,0.002057662182740394,0.007134743675619504,0.007134743675619504
2020-11-19,1864.2535764945,,1878.2047119140625,333455,,0,7.538071659106618,7.530616024884985,0.0074556342216327565,0.0074556342216327565,0.7483496663472053,Thursday,0,-0.004107729474538857,-0.003561445742605862,0.000546283731932995,0.000546283731932995
2020-11-20,1871.3153101078,,1885.0714111328125,395385,,0,7.541720983054621,7.534396836985998,0.007324146068622639,0.007324146068622639,0.7351033228184282,Friday,0,0.003780812101012998,0.0036493239480028805,0.00013148815301011751,-0.00013148815301011751
2020-11-21,1871.7303210953,,1878.0399169921875,211724,,0,7.537983914596736,7.534618587416044,0.003365327180691935,0.003365327180691935,0.33709962518506437,Saturday,0,0.00022175043004590833,-0.0037370684578847957,0.003958818887930704,-0.003958818887930704
2020-11-22,1872.4312583674,,1883.7823486328125,161904,,0,7.541036922259252,7.534993003565248,0.0060439186940044465,0.0060439186940044465,0.6062220022597612,Sunday,0,0.00037441614920386,0.0030530076625163716,0.0026785915133125116,0.0026785915133125116
2020-11-23,1835.8428359293,,1856.520751953125,278349,,0,7.526459451552574,7.515258966170735,0.011200485381839265,0.011200485381839265,1.126344566056379,Monday,1,-0.01973403739451296,-0.014577470706678142,0.005156566687834818,0.005156566687834818
2020-11-24,1808.2885237842,,1825.8726806640625,416637,,0,7.5098133329101895,7.500136109959359,0.009677222950830178,0.009677222950830178,0.9724198682113109,Tuesday,0,-0.015122856211375435,-0.016646118642384522,0.001523262431009087,-0.001523262431009087
2020-11-25,1807.3213886575,,1832.8704833984375,184660,,0,7.513638587077301,7.499601132363221,0.0140374547140798,0.0140374547140798,1.4136442417646449,Wednesday,0,-0.0005349775961382974,0.003825254167111325,0.004360231763249622,0.004360231763249622
2020-11-26,1809.4064652136,,1828.160400390625,289638,,0,7.5110654945489745,7.500754150710935,0.010311343838039555,0.010311343838039555,1.0364688939481055,Thursday,0,0.0011530183477139744,-0.0025730925283262707,0.003726110876040245,-0.003726110876040245
2020-11-27,1787.6255159446,,1816.2906494140625,144238,,0,7.504551595591544,7.48864349081321,0.015908104778334042,0.015908104778334042,1.6035312325644184,Friday,0,-0.012110659897724751,-0.006513898957430264,0.005596760940294487,0.005596760940294487
2020-11-28,1787.3739901337,,1795.8651123046875,59925,,0,7.493242141534248,7.488502777053173,0.004739364481074482,0.004739364481074482,0.47506130322240236,Saturday,0,-0.0001407137600368813,-0.011309454057296442,0.01116874029725956,-0.01116874029725956
2020-11-29,1786.2565421646,,1796.06982421875,82962,,0,7.493356125733796,7.487877391750792,0.005478733983004247,0.005478733983004247,0.5493769692374764,Sunday,0,-0.0006253853023814315,0.00011398419954833372,0.0007393695019297652,0.0007393695019297652
2020-11-30,1778.3888221179,,1785.12548828125,180004,,0,7.487243993300824,7.483463077271428,0.0037809160293962307,0.0037809160293962307,0.3788072709165636,Monday,1,-0.004414314479364023,-0.0061121324329720395,0.0016978179536080162,-0.0016978179536080162
2020-12-01,1812.5857623381,,1822.29052734375,179934,,0,7.507849520291455,7.502509702761464,0.005339817529990576,0.005339817529990576,0.5354099765812758,Tuesday,0,0.019046625490036106,0.02060552699063045,0.0015589015005943452,0.0015589015005943452
2020-12-02,1831.1254757165,,1836.837158203125,195851,,0,7.5158004357785995,7.512686070844562,0.0031143649340377166,0.0031143649340377166,0.31192196069415185,Wednesday,0,0.010176368083097742,0.007950915487144883,0.0022254525959528593,-0.0022254525959528593
2020-12-03,1840.6692758781,,1840.095947265625,105493,,0,7.517572994496572,7.517884521357077,-0.0003115268605053956,0.0003115268605053956,-0.031147834105154114,Thursday,0,0.005198450512515329,0.0017725587179722169,0.003425891794543112,-0.003425891794543112
2020-12-04,1838.3759771831,,1845.008544921875,44390,,0,7.5202391878578725,7.5166378397675455,0.0036013480903269723,0.0036013480903269723,0.36078407361141923,Friday,0,-0.001246681589531562,0.002666193361300806,0.003912874950832368,0.003912874950832368
2020-12-05,1838.7592052883,,1846.2799072265625,45304,,0,7.520928032618417,7.516846278178194,0.004081754440222518,0.004081754440222518,0.4090096145614246,Saturday,0,0.00020843841064888124,0.000688844760544427,0.00048040634989554576,0.00048040634989554576
2020-12-06,1835.1822794799,,1836.2918701171875,54545,,0,7.5155035291980035,7.51489909042172,0.0006044387762837999,0.0006044387762837999,0.06046214862111541,Sunday,0,-0.001947187756474733,-0.005424503420413451,0.003477315663938718,-0.003477315663938718
2020-12-07,1864.4890326792,,1865.737548828125,115665,,0,7.531411722441392,7.530742317423619,0.0006694050177733502,0.0006694050177733502,0.06696291193148082,Monday,1,0.01584322700189933,0.01590819324338888,6.496624148955021e-05,6.496624148955021e-05
2020-12-08,1870.2650441033,,1870.91552734375,121874,,0,7.53418317685495,7.533835434619801,0.0003477422351485515,0.0003477422351485515,0.034780270448883474,Tuesday,0,0.0030931171961823267,0.002771454413557528,0.00032166278262479864,-0.00032166278262479864
2020-12-09,1836.0850201236,,1851.6158447265625,407622,,0,7.523813966436641,7.51539087736515,0.008423089071490253,0.008423089071490253,0.8458663097157081,Wednesday,0,-0.018444557254650995,-0.010369210418309294,0.008075346836341701,0.008075346836341701
2020-12-10,1836.7642174154,,1846.6470947265625,165650,,0,7.521126892493533,7.515760724998754,0.005366167494779361,0.005366167494779361,0.5380591159963444,Thursday,0,0.0003698476336033707,-0.002687073943107521,0.0030569215767108915,-0.0030569215767108915
2020-12-11,1839.0063453709,,1852.37841796875,84498,,0,7.524225723690502,7.516980675044752,0.007245048645749819,0.007245048645749819,0.7271357508640431,Friday,0,0.001219950045998175,0.003098831196968632,0.0018788811509704573,0.0018788811509704573
2020-12-12,1838.9959082341,,1859.2850341796875,76606,,0,7.527947302584412,7.516974999606794,0.010972302977617865,0.010972302977617865,1.10327194610619,Saturday,0,-5.67543795781944e-06,0.0037215788939102268,0.0037272543318680462,0.0037272543318680462
2020-12-13,1838.1846088803,,1851.984619140625,91477,,0,7.524013110171976,7.516533737959079,0.007479372212896962,0.007479372212896962,0.750741258177061,Sunday,0,-0.00044126164771540743,-0.00393419241243631,0.003492930764720903,-0.003492930764720903
2020-12-14,1827.6362649291,,1849.865234375,92872,,0,7.522868069135168,7.510778752416903,0.01208931671826452,0.01208931671826452,1.2162687878576515,Monday,1,-0.005754985542175461,-0.0011450410368079034,0.004609944505367558,0.004609944505367558
2020-12-15,1852.6049347621,,1878.8865966796875,101688,,0,7.53843464457442,7.524348000511781,0.014086644062639486,0.014086644062639486,1.41863283555177,Tuesday,0,0.013569248094877473,0.01556657543925244,0.001997327344374966,0.001997327344374966
2020-12-16,1864.7569182463,,1870.797607421875,1527834,,0,7.534120146944496,7.530885984841154,0.003234162103342264,0.003234162103342264,0.32393976482767833,Wednesday,0,0.006537984329373359,-0.0043144976299238635,0.010852481959297222,-0.010852481959297222
2020-12-17,1884.4464333896,,1921.9815673828125,648576,,0,7.561111999152727,7.5413893874635045,0.019722611689222624,0.019722611689222624,1.99183873460903,Thursday,0,0.0105034026223505,0.02699185220823086,0.01648844958588036,0.01648844958588036
2020-12-18,1880.5379219973,,1914.59375,174785,,0,7.557260738117496,7.539313143618947,0.017947594498549435,0.017947594498549435,1.8109620446542092,Friday,0,-0.0020762438445576237,-0.003851261035230813,0.0017750171906731893,-0.0017750171906731893
2020-12-19,1880.476888939,,1921.2337646484375,161839,,0,7.560722844406398,7.539280687985894,0.02144215642050451,0.02144215642050451,2.167369136476508,Saturday,0,-3.245563305309673e-05,0.0034621062889019782,0.003494561921955075,0.003494561921955075
2020-12-20,1883.2746379405,,1922.9371337890625,301701,,0,7.561609053317036,7.540767369291407,0.020841684025628915,0.020841684025628915,2.1060388670627628,Sunday,0,0.0014866813055132155,0.0008862089106376203,0.0006004723948755952,-0.0006004723948755952
2020-12-21,1878.3465355351,,1921.31201171875,359322,,0,7.560763571088591,7.538147166459912,0.0226164046286792,0.0226164046286792,2.2874094513880583,Monday,1,-0.002620202831495,-0.0008454822284447161,0.0017747206030502838,0.0017747206030502838
2020-12-22,1863.2017164432,,1879.27880859375,175257,,0,7.538643369775783,7.5300516398037125,0.008591729972070361,0.008591729972070361,0.8628744815263876,Tuesday,0,-0.008095526656199503,-0.02212020131280834,0.014024674656608838,-0.014024674656608838
2020-12-23,1872.4413464416,,1905.2989501953125,68973,,0,7.552394204485081,7.534998391238082,0.017395813246999126,0.017395813246999126,1.7548001605580499,Wednesday,0,0.00494675143436929,0.013750834709298054,0.008804083274928765,0.008804083274928765
2020-12-24,1876.3620640937,,1903.0172119140625,178241,,0,7.5511959118764045,7.537090108862218,0.014105803014186513,0.014105803014186513,1.42057592883798,Thursday,0,0.00209171762413618,-0.0011982926086764323,0.0032900102328126124,-0.0032900102328126124
2020-12-25,1876.1153859211,,1913.4061279296875,197292,,0,7.556640245878056,7.536958634029262,0.019681611848794134,0.019681611848794134,1.987657171218138,Friday,0,-0.0001314748329557247,0.005444334001651896,0.005575808834607621,0.005575808834607621
2020-12-26,1876.2606125991,,1915.0194091796875,707013,,0,7.557483036905258,7.537036039213674,0.0204469976915842,0.0204469976915842,2.0657469607538452,Saturday,0,7.740518441146094e-05,0.0008427910272015282,0.0007653858427900673,0.0007653858427900673
2020-12-27,1887.5403461749,,1907.6217041015625,407696,,0,7.553612564059891,7.5430298563516285,0.010582707708262085,0.010582707708262085,1.0638902615966566,Sunday,0,0.005993817137954771,-0.0038704728453673454,0.009864289983322116,-0.009864289983322116
2020-12-28,1874.8133701837,,1909.92919921875,752585,,0,7.5548214518817645,7.536264397548458,0.018557054333306233,0.018557054333306233,1.873030648997836,Monday,1,-0.0067654588031702545,0.001208887821873894,0.007974346625044149,0.007974346625044149
2020-12-29,1878.8120127091,,1907.89990234375,75258,,0,7.55375838854806,7.538394947952444,0.015363440595615785,0.015363440595615785,1.54820649633316,Tuesday,0,0.002130550403985687,-0.0010630633337047612,0.0031936137376904483,-0.0031936137376904483
2020-12-30,1894.1315586933,,1905.8138427734375,377390,,0,7.552664410385157,7.546515732101054,0.006148678284103148,0.006148678284103148,0.6167620209124669,Wednesday,0,0.00812078414860995,-0.0010939781629026868,0.009214762311512636,-0.009214762311512636
2020-12-31,1896.2251960311,,1919.483154296875,181015,,0,7.559811238313191,7.547620450039868,0.012190788273323427,0.012190788273323427,1.2265398811520436,Thursday,0,0.0011047179388139483,0.007146827928034227,0.006042109989220279,0.006042109989220279
2021-01-01,1896.7622262469,,1914.97314453125,115096,,0,7.55745887777294,7.547903620090068,0.009555257682872131,0.009555257682872131,0.9601054909441032,Friday,0,0.0002831700502001766,-0.0023523605402511194,0.002635530590451296,-0.002635530590451296
2021-01-02,1896.0940462647,,1913.0966796875,1916667,,0,7.55647850642121,7.547551284045091,0.008927222376119204,0.008927222376119204,0.8967188867184719,Saturday,0,-0.00035233604497708626,-0.0009803713517300139,0.0006280353067529276,-0.0006280353067529276
2021-01-03,1912.7224735327,,1910.0860595703125,2168700,,0,7.554903577392278,7.556282884965513,-0.0013793075732344562,0.0013793075732344562,-0.1378356765745597,Sunday,0,0.008731600920421911,-0.0015749290289317486,0.01030652994935366,-0.01030652994935366
2021-01-04,1941.9611514129,,1937.5985107421875,1043224,,0,7.569204604189009,7.571453644229398,-0.002249040040388728,0.002249040040388728,-0.22465128447798816,Monday,1,0.015170759263885003,0.014301026796730731,0.0008697324671542717,-0.0008697324671542717
2021-01-05,1949.6832125591,,1947.636962890625,829531,,0,7.574372102815363,7.575422183262637,-0.0010500804472739489,0.0010500804472739489,-0.10495293057322405,Tuesday,0,0.003968539033238905,0.005167498626353684,0.001198959593114779,0.001198959593114779
2021-01-06,1922.0341681744,,1941.852783203125,1105961,,0,7.571397839182283,7.561139366778257,0.010258472404025554,0.010258472404025554,1.0311270921655462,Wednesday,0,-0.014282816484379346,-0.0029742636330798433,0.011308552851299503,0.011308552851299503
2021-01-07,1914.9676605993,,1930.2896728515625,960533,,0,7.565425360197015,7.557456014056643,0.007969346140371592,0.007969346140371592,0.8001185903822223,Thursday,0,-0.0036833527216142414,-0.005972478985268204,0.002289126263653962,-0.002289126263653962
2021-01-08,1848.61173819,,1884.765625,1065755,,0,7.541558755281615,7.522190224583318,0.019368530698296915,0.019368530698296915,1.9557317560581242,Friday,0,-0.035265789473324816,-0.023866604915399492,0.011399184557925324,0.011399184557925324
2021-01-09,1848.7876574936,,1857.58544921875,115423,,0,7.52703277780504,7.5222853829824565,0.004747394822583573,0.004747394822583573,0.4758681555175055,Saturday,0,9.515839913820656e-05,-0.014525977476575136,0.014621135875713343,-0.014621135875713343
2021-01-10,1844.7121326717,,1864.3048095703125,275838,,0,7.530643506324464,7.520078518649164,0.010564987675299342,0.010564987675299342,1.0620994219968876,Sunday,0,-0.0022068643332922022,0.003610728519423567,0.005817592852715769,0.005817592852715769
2021-01-11,1846.8073854025,,1866.4554443359375,438359,,0,7.531796426832607,7.521213689651533,0.01058273718107472,0.01058273718107472,1.0638932402338983,Monday,1,0.0011351710023683736,0.001152920508143751,1.7749505775377372e-05,1.7749505775377372e-05
2021-01-12,1857.1932520162,,1861.7266845703125,251901,,0,7.529259661117849,7.526821622721225,0.0024380383966242647,0.0024380383966242647,0.2441012829004726,Tuesday,0,0.005607933069692095,-0.00253676571475836,0.008144698784450455,-0.008144698784450455
2021-01-13,1846.6732817788,,1863.9503173828125,189714,,0,7.530453341125733,7.52114107325749,0.009312267868242685,0.009312267868242685,0.9355761939313123,Wednesday,0,-0.005680549463734863,0.0011936800078835574,0.0068742294716184205,0.0068742294716184205
2021-01-14,1847.3436083997,,1858.24853515625,542175,,0,7.5273896753130165,7.521503998846725,0.005885676466291123,0.005885676466291123,0.5903031091219967,Thursday,0,0.00036292558923545215,-0.00306366581271611,0.003426591401951562,-0.003426591401951562
2021-01-15,1827.4539505409,,1843.259765625,279471,,0,7.519290894902653,7.510678993244022,0.00861190165863146,0.00861190165863146,0.8649090763365999,Friday,0,-0.010825005602703719,-0.008098780410363382,0.002726225192340337,0.002726225192340337
2021-01-16,1827.8862323609,,1840.6748046875,300725,,0,7.517887525047729,7.510915513950925,0.006972011096803676,0.006972011096803676,0.6996372148436283,Saturday,0,0.00023652070690349802,-0.0014033698549242857,0.0016398905618277837,-0.0016398905618277837
2021-01-17,1811.249671711,,1832.9647216796875,227287,,0,7.513690001435011,7.50177231238491,0.011917689050100932,0.011917689050100932,1.198898766296218,Sunday,0,-0.009143201566015335,-0.004197523612718079,0.004945677953297256,0.004945677953297256
2021-01-18,1837.4714683361,,1841.8990478515625,149811,,0,7.518552409586742,7.516145703530304,0.0024067060564378906,0.0024067060564378906,0.2409604498224809,Monday,1,0.014373391145394265,0.004862408151731223,0.009510982993663042,-0.009510982993663042
2021-01-19,1840.6780414177,,1845.8111572265625,78517,,0,7.520674111469488,7.517889283493787,0.002784827975701454,0.002784827975701454,0.2788709211149746,Tuesday,0,0.0017435799634828442,0.0021217018827464074,0.0003781219192635632,0.0003781219192635632
2021-01-20,1870.0323458997,,1868.962646484375,165626,,0,7.5331388214261885,7.533711006971603,-0.0005721855454146052,0.0005721855454146052,-0.057202187848271045,Wednesday,0,0.015821723477816185,0.012464709956700126,0.003357013521116059,-0.003357013521116059
2021-01-21,1869.5839361484,,1853.2271728515625,424651,,0,7.524683816100421,7.533471191054873,-0.008787374954452254,0.008787374954452254,-0.8748878817676757,Thursday,0,-0.00023981591673027935,-0.008455005325767928,0.008215189409037649,-0.008215189409037649
2021-01-22,1854.6263537346,,1851.9456787109375,303438,,0,7.523992083626356,7.525438528194314,-0.0014464445679580606,0.0014464445679580606,-0.14453989712075435,Friday,0,-0.008032662860558482,-0.0006917324740642883,0.007340930386494193,0.007340930386494193
2021-01-23,1855.6662769767,,1856.5667724609375,351285,,0,7.526484239822451,7.525999089515394,0.0004851503070568697,0.0004851503070568697,0.04852680115008027,Saturday,0,0.0005605613210795113,0.0024921561960944416,0.0019315948750149303,0.0019315948750149303
2021-01-24,1857.7864474479,,1861.322509765625,125994,,0,7.529042540803194,7.527140975980047,0.0019015648231466287,0.0019015648231466287,0.19033739440734188,Sunday,0,0.0011418864646532967,0.0025583009807430557,0.001416414516089759,0.001416414516089759
2021-01-25,1855.2691662881,,1854.7457275390625,201658,,0,7.52550289154309,7.525785067635366,-0.00028217609227532137,0.00028217609227532137,-0.028213628434560645,Monday,1,-0.0013559083446814668,-0.003539649260103417,0.00218374091542195,-0.00218374091542195
2021-01-26,1851.2347979808,,1855.2906494140625,200585,,0,7.525796647088079,7.523608153789102,0.002188493298977079,0.002188493298977079,0.21908897983585213,Tuesday,0,-0.0021769138462639503,0.0002937555449884499,0.0024706693912524003,0.0024706693912524003
2021-01-27,1840.6575970989,,1842.9915771484375,147293,,0,7.51914538747405,7.517878176482197,0.0012672109918527852,0.0012672109918527852,0.1268014242961969,Wednesday,0,-0.005729977306904388,-0.006651259614028682,0.0009212823071242937,-0.0009212823071242937
2021-01-28,1843.1232423123,,1843.9287109375,128930,,0,7.51965374335702,7.519216825923674,0.0004369174333467285,0.0004369174333467285,0.04370128956702793,Thursday,0,0.001338649441476214,0.0005083558829701573,0.0008302935585060567,-0.0008302935585060567
2021-01-29,1846.20451742,,1858.044677734375,237203,,0,7.527279965228047,7.520887198427719,0.006392766800328076,0.006392766800328076,0.6413244146385888,Friday,0,0.0016703725040452255,0.007626221871026573,0.005955849366981347,0.005955849366981347
2021-01-30,1846.261781458,,1853.177001953125,183074,,0,7.524656743554592,7.5209182151159535,0.003738528438638866,0.003738528438638866,0.37455254528769677,Saturday,0,3.1016688234686285e-05,-0.0026232216734545233,0.0026542383616892096,-0.0026542383616892096
2021-01-31,1855.5457623974,,1854.08349609375,213162,,0,7.525145780760998,7.525934143304796,-0.0007883625437976605,0.0007883625437976605,-0.07880518676945829,Sunday,0,0.0050159281888424445,0.0004890372064059179,0.004526890982436527,-0.004526890982436527
2021-02-01,1858.9224533587,,1862.4337158203125,89465,,0,7.529639360799108,7.527752272681776,0.0018870881173320697,0.0018870881173320697,0.1888869788660783,Monday,1,0.0018181293769803375,0.004493580038110068,0.00267545066112973,0.00267545066112973
2021-02-02,1837.4336107246,,1844.930419921875,578022,,0,7.520196842984011,7.5161251002163745,0.004071742767636444,0.004071742767636444,0.4080043574645764,Tuesday,0,-0.011627172465401792,-0.009442517815097418,0.002184654650304374,0.002184654650304374
2021-02-03,1834.3267700055,,1839.7718505859375,196629,,0,7.517396848668336,7.514432810339909,0.0029640383284270655,0.0029640383284270655,0.29684354333558066,Wednesday,0,-0.0016922898764653027,-0.002799994315674681,0.0011077044392093782,-0.0011077044392093782
2021-02-04,1794.3713144692,,1800.1248779296875,276672,,0,7.495611318105413,7.492409996937559,0.003201321167854765,0.003201321167854765,0.320645086894381,Thursday,0,-0.02202281340235057,-0.021785530562922872,0.00023728283942769934,0.00023728283942769934
2021-02-05,1813.0355658509,,1808.196533203125,4299505,,0,7.500085237037367,7.502757827689244,-0.0026725906518771936,0.0026725906518771936,-0.2669022460959769,Friday,0,0.01034783075168555,0.004473918931953591,0.005873911819731958,-0.005873911819731958
2021-02-06,1813.7463838431,,1811.550537109375,214667,,0,7.50193840788106,7.503149810450359,-0.0012114025692993025,0.0012114025692993025,-0.12106691174055978,Saturday,0,0.00039198276111473973,0.0018531708436926309,0.0014611880825778911,0.0014611880825778911
2021-02-07,1818.1487609316,,1819.7303466796875,276987,,0,7.506443607928884,7.505574098084852,0.0008695098440316684,0.0008695098440316684,0.08698879773056103,Sunday,0,0.0024242876344935382,0.004505200047824509,0.002080912413330971,0.002080912413330971
2021-02-08,1830.7526370859,,1832.5833740234375,3274403,,0,7.513481930146533,7.512482438380344,0.0009994917661888536,0.0009994917661888536,0.09999914245386911,Monday,1,0.0069083402954914774,0.007038322217648663,0.00012998192215718518,0.00012998192215718518
2021-02-09,1836.0437032971,,1837.5494384765625,758056,,0,7.516188136018418,7.5153683744358615,0.0008197615825569216,0.0008197615825569216,0.08200976789161643,Tuesday,0,0.0028859360555175684,0.0027062058718856363,0.00017973018363193205,-0.00017973018363193205
2021-02-10,1841.977382151,,1844.61767578125,250204,,0,7.520027313202443,7.5185949377773245,0.0014323754251188703,0.0014323754251188703,0.14334017647745076,Wednesday,0,0.0032265633414629846,0.0038391771840249334,0.0006126138425619487,0.0006126138425619487
2021-02-11,1826.7763703553,,1823.3447265625,554529,,0,7.50842785530015,7.5103081462344665,-0.0018802909343165197,0.0018802909343165197,-0.18785242947567904,Thursday,0,-0.00828679154285794,-0.01159945790229333,0.00331266635943539,-0.00331266635943539
2021-02-12,1824.3536933464,,1822.915283203125,254020,,0,7.508192302508956,7.50898106266188,-0.0007887601529237287,0.0007887601529237287,-0.07884491634056355,Friday,0,-0.001327083572586929,-0.00023555279119413797,0.001091530781392791,0.001091530781392791
2021-02-13,1824.8008686052,,1825.7203369140625,92621,,0,7.509729893299393,7.509226146970284,0.0005037463291088784,0.0005037463291088784,0.05038732305981465,Saturday,0,0.0002450843084043086,0.0015375907904369157,0.001292506482032607,0.001292506482032607
2021-02-14,1821.3111619055,,1823.8028564453125,190630,,0,7.508679081703686,7.507311939323301,0.0013671423803849336,0.0013671423803849336,0.13680773455566872,Sunday,0,-0.0019142076469824687,-0.0010508115957064135,0.0008633960512760552,0.0008633960512760552
2021-02-15,1818.4795685927,,1820.8330078125,163463,,0,7.507049371959976,7.505756029056091,0.001293342903885275,0.001293342903885275,0.1294179632505503,Monday,1,-0.0015559102672106917,-0.0016297097437103503,7.379947649965857e-05,-7.379947649965857e-05
2021-02-16,1790.5986792386,,1795.961181640625,803660,,0,7.49329563484272,7.490305300591496,0.0029903342512245246,0.0029903342512245246,0.299480976066914,Tuesday,0,-0.015450728464594832,-0.013753737117255582,0.0016969913473392495,0.0016969913473392495
2021-02-17,1777.9562111184,,1780.6097412109375,678815,,0,7.484711135870949,7.4832197876031925,0.0014913482677565426,0.0014913482677565426,0.14924608806132103,Wednesday,0,-0.0070855129883034,-0.008584498971771382,0.001498985983467982,-0.001498985983467982
2021-02-18,1772.9083164948,,1775.7625732421875,170695,,0,7.481985228377807,7.480376593792312,0.0016086345854953166,0.0016086345854953166,0.1609929132167818,Thursday,0,-0.0028431938108806065,-0.0027259074931418326,0.00011728631773877396,0.00011728631773877396
2021-02-19,1783.8458949427,,1785.2235107421875,411905,,0,7.487298902476923,7.486526927650259,0.0007719748266641346,0.0007719748266641346,0.07722728759211618,Friday,0,0.006150333857947388,0.005313674099116206,0.0008366597588311819,-0.0008366597588311819
2021-02-20,1784.6148355031,,1775.8076171875,220042,,0,7.482010594028997,7.486957892500588,-0.004947298471591033,0.004947298471591033,-0.493508074705498,Saturday,0,0.0004309648503291186,-0.005288308447926049,0.0057192732982551675,-0.0057192732982551675
2021-02-21,1784.6944603084,,1786.1590576171875,257188,,0,7.487822815487357,7.48700250886679,0.0008203066205672016,0.0008203066205672016,0.08206431640597878,Sunday,0,4.461636620156639e-05,0.005812221458359801,0.0057676050921582345,0.0057676050921582345
2021-02-22,1810.2873046708,,1814.16015625,3354469,,0,7.503377915780042,7.501240843525623,0.002137072254419614,0.002137072254419614,0.2139357420895263,Monday,1,0.01423833465883284,0.015555100292685253,0.0013167656338524125,0.0013167656338524125
2021-02-23,1805.3711180401,,1806.1658935546875,170161,,0,7.4989615866546275,7.498521455195437,0.0004401314591904182,0.0004401314591904182,0.0440228331253135,Tuesday,0,-0.0027193883301857014,-0.004416329125414897,0.001696940795229196,-0.001696940795229196
2021-02-24,1803.0871070506,,1796.144287109375,539893,,0,7.493397583669391,7.49725553432173,-0.0038579506523390705,0.0038579506523390705,-0.3850518321647668,Wednesday,0,-0.0012659208737071381,-0.005564002985236627,0.004298082111529489,-0.004298082111529489
2021-02-25,1770.1618037059,,1765.0155029296875,1356366,,0,7.47591475285839,7.478826235912929,-0.0029114830545386994,0.0029114830545386994,-0.2907248798069466,Thursday,0,-0.01842929840880103,-0.01748283081100066,0.0009464675978003712,0.0009464675978003712
2021-02-26,1733.7924279561,,1742.1884765625,2843629,,0,7.462897347060598,7.458066443113952,0.004830903946645648,0.004830903946645648,0.48425915761425636,Friday,0,-0.020759792798976662,-0.013017405797792314,0.007742387001184348,0.007742387001184348
2021-02-27,1733.9436815092,,1739.41064453125,1281663,,0,7.461301624793862,7.458153677867937,0.003147946925924572,0.003147946925924572,0.31529069140767757,Saturday,0,8.723475398486613e-05,-0.0015957222667362103,0.0016829570207210764,-0.0016829570207210764
2021-02-28,1739.2363013401,,1739.6114501953125,1518477,,0,7.461417062786963,7.4612013885847785,0.00021567420218460143,0.00021567420218460143,0.02156974615372534,Sunday,0,0.003047710716841401,0.00011543799310143044,0.0029322727237399704,-0.0029322727237399704
2021-03-01,1724.1868606975,,1746.3590087890625,1490235,,0,7.465288333126243,7.452510833225677,0.012777499900566092,0.012777499900566092,1.2859480951265971,Monday,1,-0.00869055535910146,0.0038712703392800307,0.01256182569838149,0.01256182569838149
2021-03-02,1736.9806691207,,1739.8961181640625,1338027,,0,7.4615806882217655,7.459903637290693,0.0016770509310726212,0.0016770509310726212,0.16784579674328687,Tuesday,0,0.007392804065015746,-0.003707644904477725,0.01110044896949347,-0.01110044896949347
2021-03-03,1710.180678927,,1713.39501953125,2049069,,0,7.446232072750448,7.444354304106288,0.0018777686441593389,0.0018777686441593389,0.1879532755724279,Wednesday,0,-0.015549333184404546,-0.015348615471317828,0.0002007177130867177,0.0002007177130867177
2021-03-04,1695.5194891972,,1704.7022705078125,2054610,,0,7.441145753066483,7.43574445616032,0.005401296906162756,0.005401296906162756,0.5415910208711502,Thursday,0,-0.008609847945968419,-0.0050863196839650016,0.003523528262003417,0.003523528262003417
2021-03-05,1700.8655288335,,1701.69677734375,1512248,,0,7.439381136589237,7.4388925350871995,0.0004886015020373335,0.0004886015020373335,0.04887208871944155,Friday,0,0.003148078926879627,-0.001764616477245795,0.004912695404125422,-0.004912695404125422
2021-03-06,1700.8682932637,,1704.51025390625,1311151,,0,7.441033107345284,7.43889416039379,0.0021389469514936366,0.0021389469514936366,0.21412361303776334,Saturday,0,1.6253065906468578e-06,0.0016519707560469499,0.001650345449456303,0.001650345449456303
2021-03-07,1707.169257296,,1713.27978515625,1404237,,0,7.446164815492837,7.442591872709622,0.0035729427832151828,0.0035729427832151828,0.3579333352059331,Sunday,0,0.003697712315831936,0.005131708147553482,0.0014339958317215462,0.0014339958317215462
2021-03-08,1683.1827127175,,1685.6951904296875,1685656,,0,7.429933333623081,7.428441752004373,0.0014915816187084374,0.0014915816187084374,0.14926945798600494,Monday,1,-0.014150120705249236,-0.01623148186975598,0.0020813611645067454,-0.0020813611645067454
2021-03-09,1715.4934150666,,1718.7816162109375,1895750,,0,7.449370956132062,7.447456023798919,0.0019149323331424384,0.0019149323331424384,0.19167669869545415,Tuesday,0,0.01901427179454629,0.01943762250898029,0.00042335071443400096,0.00042335071443400096
2021-03-10,1726.6503423863,,1724.873046875,1632077,,0,7.452908730742648,7.453938592324299,-0.0010298615816513035,0.0010298615816513035,-0.10293314562135143,Wednesday,0,0.006482568525379762,0.0035377746105860197,0.002944793914793742,-0.002944793914793742
2021-03-11,1722.7823486069,,1723.5343017578125,1646559,,0,7.452132288142283,7.4516959073687605,0.0004363807735225933,0.0004363807735225933,0.04364760014638345,Thursday,0,-0.0022426849555383654,-0.0007764426003644687,0.0014662423551738968,0.0014662423551738968
2021-03-12,1726.8793664988,,1718.9154052734375,1488081,,0,7.449448792579969,7.454071224229707,-0.004622431649737635,0.004622431649737635,-0.461176465470729,Friday,0,0.002375316860946164,-0.0026834955623140644,0.005058812423260228,-0.005058812423260228
2021-03-13,1727.115716753,,1726.26220703125,1535026,,0,7.4537137761141405,7.454208080391266,-0.0004943042771250461,0.0004943042771250461,-0.049418212889326525,Saturday,0,0.0001368561615588959,0.004264983534171485,0.004128127372612589,0.004128127372612589
2021-03-14,1724.7921625444,,1715.166015625,1369704,,0,7.4472651570287205,7.452861836724995,-0.005596679696274087,0.005596679696274087,-0.5581047460929817,Sunday,0,-0.0013462436662710076,-0.006448619085420049,0.005102375419149041,-0.005102375419149041
2021-03-15,1730.810683107,,1714.7188720703125,1363790,,0,7.447004423172127,7.456345180683773,-0.009340757511645315,0.009340757511645315,-0.9297268149397379,Monday,1,0.003483343958778029,-0.00026073385659319825,0.0037440778153712273,-0.0037440778153712273
2021-03-16,1730.8516699083,,1729.98193359375,707033,,0,7.455866244427903,7.456368861099204,-0.000502616671300693,0.000502616671300693,-0.050249038070146156,Tuesday,0,2.368041543121535e-05,0.008861821255775837,0.008838140840344622,0.008838140840344622
2021-03-17,1747.1014019619,,1747.704345703125,1388734,,0,7.466058403296159,7.465713351930939,0.00034505136522078317,0.00034505136522078317,0.03451109022910845,Wednesday,0,0.00934449083173483,0.010192158868256307,0.0008476680365214762,0.0008476680365214762
2021-03-18,1736.0798806892,,1739.2725830078125,1351032,,0,7.461222249056274,7.459384908383563,0.0018373406727105746,0.0018373406727105746,0.1839029617315166,Thursday,0,-0.006328443547375606,-0.004836154239885815,0.0014922893074897914,0.0014922893074897914
2021-03-19,1745.0877851905,,1742.89794921875,930732,,0,7.463304494878111,7.464560140070615,-0.0012556451925043177,0.0012556451925043177,-0.12548571999264332,Friday,0,0.00517523168705214,0.0020822458218372475,0.0030929858652148923,-0.0030929858652148923
2021-03-20,1745.261614716,,1744.137451171875,1232899,,0,7.464015415108626,7.464659745872629,-0.0006443307640022766,0.0006443307640022766,-0.06441232275127251,Saturday,0,9.960580201351377e-05,0.0007109202305155549,0.0006113144285020411,0.0006113144285020411
2021-03-21,1738.6919820219,,1740.5599365234375,1287360,,0,7.461962143040901,7.460888375044362,0.001073767996538244,0.001073767996538244,0.10743446917867991,Sunday,0,-0.003771370828266285,-0.0020532720677257643,0.0017180987605405207,0.0017180987605405207
2021-03-22,1739.1247328355,,1739.91064453125,980998,,0,7.461589037172255,7.461137238541961,0.0004517986302934318,0.0004517986302934318,0.04519007066667433,Monday,1,0.00024886349759878357,-0.0003731058686460287,0.0006219693662448122,-0.0006219693662448122
2021-03-23,1727.143757572,,1727.6480712890625,1082259,,0,7.454516266173529,7.45422431589367,0.00029195027985906563,0.00029195027985906563,0.029199290148930374,Tuesday,0,-0.006912922648290909,-0.007072770998725275,0.00015984835043436618,-0.00015984835043436618
2021-03-24,1734.9784707397,,1736.5565185546875,1233565,,0,7.4596594190513565,7.458750283508408,0.0009091355429484693,0.0009091355429484693,0.09095489319326781,Wednesday,0,0.00452596761473778,0.005143152877827184,0.0006171852630894037,0.0006171852630894037
2021-03-25,1727.1762192716,,1731.1085205078125,1484148,,0,7.456517245589987,7.454243110735965,0.0022741348540220585,0.0022741348540220585,0.22767226599905302,Thursday,0,-0.004507172772442836,-0.0031421734613692465,0.0013649993110735892,0.0013649993110735892
2021-03-26,1732.5633703586,,1725.199951171875,1586254,,0,7.45309823647081,7.457357307802683,-0.004259071331873088,0.004259071331873088,-0.4250014350240426,Friday,0,0.003114197066717672,-0.003419009119177474,0.006533206185895146,-0.006533206185895146
2021-03-27,1732.8619948707,,1721.18359375,1544175,,0,7.450767469051714,7.457529652886686,-0.006762183834972291,0.006762183834972291,-0.6739371718733709,Saturday,0,0.00017234508400321147,-0.0023307674190959915,0.002503112503099203,-0.002503112503099203
2021-03-28,1730.5529116553,,1728.9793701171875,1464563,,0,7.455286553927427,7.456196238542839,-0.0009096846154124094,0.0009096846154124094,-0.09092709777983071,Sunday,0,-0.0013334143438470392,0.004519084875712842,0.005852499219559881,0.005852499219559881
2021-03-29,1712.1196562236,,1711.762451171875,1408756,,0,7.445278791917685,7.4454874469132815,-0.00020865499559619138,0.00020865499559619138,-0.02086332286569937,Monday,1,-0.010708791629557624,-0.010007762009741406,0.000701029619816218,0.000701029619816218
2021-03-30,1685.5602803482,,1685.6390380859375,1286261,,0,7.429900021978522,7.42985329810947,4.6723869052023304e-05,4.6723869052023304e-05,0.0046724960629271105,Tuesday,0,-0.01563414880381142,-0.015378769939163206,0.0002553788646482147,0.0002553788646482147
2021-03-31,1706.9987563734,,1709.21044921875,1210059,,0,7.443786817265546,7.442491994249008,0.0012948230165381602,0.0012948230165381602,0.12956616617863217,Wednesday,0,0.012638696139537942,0.013886795287024079,0.001248099147486137,0.001248099147486137
2021-04-01,1730.2496122951,,1711.4864501953125,1132939,,0,7.445117541021175,7.456020961647449,-0.01090342062627414,0.01090342062627414,-1.0844193789414547,Thursday,0,0.013528967398441338,0.0013307237556290374,0.012198243642812301,-0.012198243642812301
2021-04-02,1731.8391149273,,1736.9429931640625,1000580,,0,7.459881946568442,7.456939195043021,0.0029427515254205616,0.0029427515254205616,0.29470856690846625,Friday,0,0.0009182333955717326,0.014764405547266435,0.013846172151694702,0.013846172151694702
2021-04-03,1733.3425778271,,1742.3582763671875,1114474,,0,7.4629948058217295,7.457806949248975,0.005187856572754335,0.005187856572754335,0.5201336801747192,Saturday,0,0.0008677542059540855,0.0031128592532878585,0.002245105047333773,0.002245105047333773
2021-04-04,1727.6975838149,,1727.6812744140625,84056,,0,7.454535484674389,7.454544924681698,-9.440007308292309e-06,9.440007308292309e-06,-0.0009439962751806787,Sunday,0,-0.0032620245672774217,-0.008459321147340049,0.005197296580062627,-0.005197296580062627
2021-04-05,1729.3195427565,,1731.1055908203125,67861,,0,7.456515553211986,7.455483282231706,0.0010322709802803587,0.0010322709802803587,0.10328039553439976,Monday,1,0.0009383575500079289,0.00198006853759658,0.001041710987588651,0.001041710987588651
2021-04-06,1743.0551824931,,1746.6480712890625,160645,,0,7.465453842381755,7.463394704510034,0.0020591378717202957,0.0020591378717202957,0.20612593519980718,Tuesday,0,0.00791142227832875,0.008938289169768687,0.001026866891439937,0.001026866891439937
2021-04-07,1736.7820520808,,1739.518310546875,1020221,,0,7.461363520864204,7.45978928460972,0.0015742362544841626,0.0015742362544841626,0.15754760148498562,Wednesday,0,-0.0036054199003148213,-0.004090321517550954,0.0004849016172361331,-0.0004849016172361331
2021-04-08,1754.8831398798,,1753.145263671875,347644,,0,7.469166747244974,7.470157546719879,-0.0009907994749047688,0.0009907994749047688,-0.09903087951736722,Thursday,0,0.010368262110159066,0.007803226380770134,0.0025650357293889314,-0.0025650357293889314
2021-04-09,1744.0638086114,,1740.9078369140625,340564,,0,7.462162001499702,7.463973191306155,-0.0018111898064532284,0.0018111898064532284,-0.1809550591987919,Friday,0,-0.00618435541372353,-0.00700474574527199,0.0008203903315484595,-0.0008203903315484595
2021-04-10,1744.5461127151,,1739.0406494140625,64267,,0,7.4610888892473115,7.46424969347616,-0.003160804228848235,0.003160804228848235,-0.3155814146104243,Saturday,0,0.0002765021700046333,-0.0010731122523903736,0.0013496144223950068,-0.0013496144223950068
2021-04-11,1742.0388823079,,1747.975341796875,293696,,0,7.466213449592456,7.46281147766157,0.003401971930886205,0.003401971930886205,0.34077652050511525,Sunday,0,-0.001438215814589583,0.005124560345144857,0.00656277615973444,0.00656277615973444
2021-04-12,1732.5857573754,,1734.0042724609375,165542,,0,7.458188621271095,7.457370229045593,0.0008183922255016185,0.0008183922255016185,0.08187271997932291,Monday,1,-0.005441248615976946,-0.008024828321361532,0.0025835797053845866,-0.0025835797053845866
2021-04-13,1746.2364025958,,1744.4949951171875,156814,,0,7.464220391672979,7.465218123909961,-0.000997732236982074,0.000997732236982074,-0.09972346676680496,Tuesday,0,0.007847894864367433,0.00603177040188374,0.0018161244624836925,-0.0018161244624836925
2021-04-14,1736.2561088686,,1736.9208984375,215894,,0,7.459869226020227,7.459486412489204,0.00038281353102309623,0.00038281353102309623,0.03828868134743113,Wednesday,0,-0.005731711420756902,-0.004351165652751732,0.0013805457680051703,0.0013805457680051703
2021-04-15,1763.5979870593,,1766.0849609375,275006,,0,7.476520489257825,7.475111312101468,0.001409177156356911,0.001409177156356911,0.1410170513035582,Thursday,0,0.015624899612264542,0.016651263237598357,0.0010263636253338149,0.0010263636253338149
2021-04-16,1776.5923945266,,1789.8516845703125,357012,,0,7.489888037619957,7.4824524234115435,0.007435614208413099,0.007435614208413099,0.746332703244837,Friday,0,0.007341111310075199,0.013367548362131387,0.006026437052056188,0.006026437052056188
2021-04-17,1776.7354263277,,1785.607177734375,57381,,0,7.487513791967429,7.482532929240664,0.004980862726765345,0.004980862726765345,0.49932878442187945,Saturday,0,8.050582912044746e-05,-0.002374245652527307,0.0024547514816477545,-0.0024547514816477545
2021-04-18,1778.1255000978,,1776.9979248046875,637349,,0,7.48268066034569,7.483314998564737,-0.0006343382190463487,0.0006343382190463487,-0.06341370690936016,Sunday,0,0.000782069324072765,-0.004833131621738929,0.005615200945811694,-0.005615200945811694
2021-04-19,1771.4979299123,,1769.5567626953125,377101,,0,7.478484377652093,7.479580755754068,-0.0010963781019750485,0.0010963781019750485,-0.10957772990925954,Monday,1,-0.0037342428106690306,-0.00419628269359773,0.0004620398829286998,-0.0004620398829286998
2021-04-20,1776.7080710495,,1777.2003173828125,411854,,0,7.48279454964761,7.48251753275091,0.00027701689670056595,0.00027701689670056595,0.02770552694240766,Tuesday,0,0.0029367769968420276,0.004310171995517642,0.0013733949986756144,0.0013733949986756144
2021-04-21,1794.2466595534,,1798.8365478515625,173752,,0,7.494895372597397,7.492340524557521,0.0025548480398756013,0.0025548480398756013,0.2558114445259735,Wednesday,0,0.009822991806611725,0.01210082294978676,0.0022778311431750353,0.0022778311431750353
2021-04-22,1783.2337127213,,1780.05322265625,980882,,0,7.484398543207804,7.486183687636162,-0.0017851444283580875,0.0017851444283580875,-0.17835520057527401,Thursday,0,-0.006156836921359599,-0.010496829389593287,0.004339992468233689,-0.004339992468233689
2021-04-23,1776.8204487736,,1778.5760498046875,409414,,0,7.483568351117925,7.482580781278963,0.000987569838962088,0.000987569838962088,0.09880576466233615,Friday,0,-0.003602906357198954,-0.0008301920898787785,0.0027727142673201755,0.0027727142673201755
2021-04-24,1776.640727712,,1773.4345703125,56132,,0,7.480673380560179,7.482479628598336,-0.0018062480381564328,0.0018062480381564328,-0.1804617753882581,Saturday,0,-0.00010115268062715899,-0.0028949705577456797,0.0027938178771185207,-0.0027938178771185207
2021-04-25,1775.5997088016,,1771.9129638671875,254759,,0,7.479815012502284,7.481893508959867,-0.0020784964575826237,0.0020784964575826237,-0.2076337879611801,Sunday,0,-0.000586119638469107,-0.0008583680578952979,0.00027224841942619094,-0.00027224841942619094
2021-04-26,1779.9529678165,,1780.3743896484375,563489,,0,7.484578952432779,7.484342220362048,0.00023673207073038327,0.00023673207073038327,0.023676009397850334,Monday,1,0.0024487114021818357,0.004763939930494843,0.002315228528313007,0.002315228528313007
2021-04-27,1776.1312221314,,1771.0635986328125,891004,,0,7.479335548280231,7.482192807157902,-0.002857258877670965,0.002857258877670965,-0.28531807984919827,Tuesday,0,-0.002149413204146633,-0.005243404152547981,0.0030939909484013484,-0.0030939909484013484
2021-04-28,1782.6156413829,,1775.92041015625,576983,,0,7.482074108446723,7.485837026135234,-0.0037629176885110027,0.0037629176885110027,-0.3755846785601036,Wednesday,0,0.0036442189773318034,0.002738560166491766,0.0009056588108400376,-0.0009056588108400376
2021-04-29,1772.551842843,,1771.61572265625,238854,,0,7.479647246843851,7.480175506409021,-0.0005282595651703303,0.0005282595651703303,-0.052812006065141984,Thursday,0,-0.005661519726212205,-0.002426861602871533,0.0032346581233406724,0.0032346581233406724
2021-04-30,1769.1368703999,,1769.9288330078125,168215,,0,7.478694617419319,7.478247062789085,0.0004475546302344924,0.0004475546302344924,0.04476547977508336,Friday,0,-0.001928443619936715,-0.0009526294245318923,0.0009758141954048227,0.0009758141954048227
2021-05-01,1769.4104324439,,1769.796630859375,101420,,0,7.478619921147053,7.478401681066662,0.00021824008039139642,0.00021824008039139642,0.02182638964898886,Saturday,0,0.00015461827757690116,-7.46962722661948e-05,0.00022931454984309596,-0.00022931454984309596
2021-05-02,1769.5200176952,,1770.4149169921875,45413,,0,7.4789692144764155,7.478463612349505,0.0005056021269105315,0.0005056021269105315,0.05057299652100228,Sunday,0,6.19312828433749e-05,0.00034929332936251,0.0002873620465191351,0.0002873620465191351
2021-05-03,1792.389678262,,1794.7265625,100486,,0,7.4926079564494685,7.491305024282374,0.0013029321670945393,0.0013029321670945393,0.1303781351980341,Monday,1,0.012841411932869029,0.013638741973053037,0.0007973300401840078,0.0007973300401840078
2021-05-04,1778.814070753,,1781.3798828125,272919,,0,7.485143558025336,7.483702168855424,0.0014413891699120995,0.0014413891699120995,0.14424284705674467,Tuesday,0,-0.00760285542695005,-0.00746439842413249,0.00013845700281756024,0.00013845700281756024
2021-05-05,1785.8511424242,,1784.6314697265625,453568,,0,7.486967213361096,7.487650411055955,-0.000683197694859139,0.000683197694859139,-0.06829643684533328,Wednesday,0,0.003948242200531027,0.0018236553357597884,0.0021245868647712385,-0.0021245868647712385
2021-05-06,1814.9698105782,,1815.40087890625,325884,,0,7.50406159223158,7.503824113270369,0.00023747896121140144,0.00023747896121140144,0.02375071615724193,Thursday,0,0.016173702214413943,0.017094378870484483,0.0009206766560705404,0.0009206766560705404
2021-05-07,1831.1377394774,,1831.3143310546875,297372,,0,7.512789201734526,7.512692768211834,9.643352269161909e-05,9.643352269161909e-05,0.009643817255275404,Friday,0,0.00886865494146516,0.008727609502945377,0.00014104543851978235,-0.00014104543851978235
2021-05-08,1831.4682881266,,1834.071044921875,181284,,0,7.514293389755261,7.512873267368777,0.0014201223864844792,0.0014201223864844792,0.14211312377880408,Saturday,0,0.00018049915694273722,0.0015041880207355973,0.00132368886379286,0.00132368886379286
2021-05-09,1837.4077850968,,1837.96533203125,110098,,0,7.516414440948438,7.51611104484635,0.0003033961020877385,0.0003033961020877385,0.030344213133979316,Sunday,0,0.003237777477573367,0.0021210511931766263,0.0011167262843967407,-0.0011167262843967407
2021-05-10,1835.3804587896,,1836.669921875,268119,,0,7.515709385823015,7.515007073488091,0.0007023123349236826,0.0007023123349236826,0.07025590139770842,Monday,1,-0.001103971358259237,-0.0007050551254232928,0.00039891623283594413,0.00039891623283594413
2021-05-11,1835.8015134945,,1838.9747314453125,298811,,0,7.516963484132169,7.515236457217868,0.0017270269143008221,0.0017270269143008221,0.17285190841639936,Tuesday,0,0.0002293837297768775,0.001254098309154017,0.0010247145793771395,0.0010247145793771395
2021-05-12,1817.0908449613,,1820.636474609375,324743,,0,7.506941430259921,7.504992064373264,0.001949365886657617,0.001949365886657617,0.19512671355462574,Wednesday,0,-0.0102443928446041,-0.010022053872247305,0.00022233897235679478,0.00022233897235679478
2021-05-13,1825.5790338338,,1827.903076171875,731545,,0,7.5109247288205765,7.509652494507354,0.0012722343132223202,0.0012722343132223202,0.12730439466071564,Thursday,0,0.004660430134090454,0.003983298560655157,0.0006771315734352967,-0.0006771315734352967
2021-05-14,1843.7006775105,,1840.7183837890625,1067216,,0,7.51791120037896,7.519530068549565,-0.001618868170604415,0.001618868170604415,-0.1617558510345894,Friday,0,0.009877574042210568,0.006986471558383833,0.002891102483826735,-0.002891102483826735
2021-05-15,1844.4569457637,,1835.460205078125,599454,,0,7.51505052200348,7.519940174809139,-0.004889652805658784,0.004889652805658784,-0.48777179137949417,Saturday,0,0.0004101062595740501,-0.002860678375480319,0.003270784635054369,-0.003270784635054369
2021-05-16,1847.7798924592,,1849.2757568359375,804932,,0,7.522549358631592,7.521740139295848,0.0008092193357436273,0.0008092193357436273,0.08095468420465572,Sunday,0,0.0017999644867092712,0.0074988366281116825,0.005698872141402411,0.005698872141402411
2021-05-17,1868.1140797369,,1866.6954345703125,794789,,0,7.53192499931333,7.532684687447025,-0.0007596881336953132,0.0007596881336953132,-0.07593996437237734,Monday,1,0.01094454815117718,0.00937564068173824,0.0015689074694389404,-0.0015689074694389404
2021-05-18,1869.1951379192,,1870.5972900390625,338177,,0,7.534013065287256,7.5332632096668855,0.0007498556203708873,0.0007498556203708873,0.07501368323819342,Tuesday,0,0.0005785222198602114,0.002088065973926412,0.0015095437540662004,0.0015095437540662004
2021-05-19,1866.9460500175,,1865.07666015625,5825753,,0,7.5310574358745646,7.532059246507978,-0.0010018106334133137,0.0010018106334133137,-0.10013089886729898,Wednesday,0,-0.0012039631589075839,-0.002955629412691785,0.001751666253784201,-0.001751666253784201
2021-05-20,1874.469226333,,1873.8074951171875,1074279,,0,7.535727733464893,7.536080819040939,-0.000353085576046297,0.000353085576046297,-0.03530232486702851,Thursday,0,0.004021572532961315,0.004670297590328332,0.0006487250573670167,0.0006487250573670167
2021-05-21,1880.6536832543,,1878.3204345703125,1285224,,0,7.538133270650145,7.539374699247687,-0.0012414285975417272,0.0012414285975417272,-0.12406583438317972,Friday,0,0.0032938802067477013,0.002405537185252271,0.0008883430214954302,-0.0008883430214954302
2021-05-22,1880.8305747818,,1875.45458984375,1001656,,0,7.536606356935431,7.539468753357977,-0.002862396422545821,0.002862396422545821,-0.2858303671862405,Saturday,0,9.405411029028699e-05,-0.0015269137147138068,0.0016209678250040938,-0.0016209678250040938
2021-05-23,1883.4342540188,,1879.563232421875,338511,,0,7.538794705652931,7.54085212024136,-0.0020574145884291184,0.0020574145884291184,-0.20552995617792919,Sunday,0,0.0013833668833829194,0.002188348717499622,0.0008049818341167025,0.0008049818341167025
2021-05-24,1878.2489868488,,1879.9281005859375,264517,,0,7.538988810723478,7.538095231836799,0.0008935788866795136,0.0008935788866795136,0.08939782472368148,Monday,1,-0.0027568884045612307,0.00019410507054740123,0.002950993475108632,0.002950993475108632
2021-05-25,1898.3620182442,,1897.2763671875,364726,,0,7.548174645769478,7.548746697675409,-0.0005720519059311258,0.0005720519059311258,-0.05718883154353065,Tuesday,0,0.010651465838610541,0.009185835045999902,0.0014656307926106393,-0.0014656307926106393
2021-05-26,1896.6529124395,,1895.57421875,226835,,0,7.547277089425929,7.547845986636605,-0.0005688972106758783,0.0005688972106758783,-0.05687354193406344,Wednesday,0,-0.0009007110388044026,-0.0008975563435491551,3.154695255247475e-06,3.154695255247475e-06
2021-05-27,1897.2045176387,,1894.5291748046875,124046,,0,7.546725630078633,7.548136775214328,-0.0014111451356946247,0.0014111451356946247,-0.14101499385750677,Thursday,0,0.0002907885777228003,-0.0005514593472959461,0.0008422479250187465,-0.0008422479250187465
2021-05-28,1904.3707321806,,1893.065185546875,315264,,0,7.545952585664984,7.551906908677062,-0.005954323012078433,0.005954323012078433,-0.5936631162557107,Friday,0,0.0037701334627344707,-0.0007730444136493375,0.004543177876383808,-0.004543177876383808
2021-05-29,1904.5261062916,,1896.7100830078125,116542,,0,7.547876129055554,7.5519884935126065,-0.004112364457052209,0.004112364457052209,-0.41039202655018586,Saturday,0,8.158483554421281e-05,0.0019235433905704369,0.001841958555026224,0.001841958555026224
2021-05-30,1904.453564661,,1904.1019287109375,42310,,0,7.551765747905255,7.551950403715928,-0.0001846558106732843,0.0001846558106732843,-0.018463876283854975,Sunday,0,-3.808979667851986e-05,0.0038896188497004047,0.003927708646378925,0.003927708646378925
2021-05-31,1907.6325656604,,1906.4722900390625,213452,,0,7.553009844725201,7.553618257813475,-0.0006084130882735295,0.0006084130882735295,-0.06082280425610848,Monday,1,0.0016678540975467726,0.0012440968199465274,0.0004237572776002452,-0.0004237572776002452
2021-06-01,1898.874593995,,1892.3148193359375,202719,,0,7.545556130767564,7.549016670714361,-0.00346053994679707,0.00346053994679707,-0.3454559179319724,Tuesday,0,-0.004601587099113402,-0.007453713957636943,0.0028521268585235404,-0.0028521268585235404
2021-06-02,1908.0760234945,,1907.0694580078125,43242,,0,7.553323027594609,7.553850695813251,-0.0005276682186421411,0.0005276682186421411,-0.052752902625133734,Wednesday,0,0.00483402509888986,0.007766896827044789,0.002932871728154929,0.002932871728154929
2021-06-03,1871.4484511658,,1870.380859375,164619,,0,7.533897357226071,7.534467982837859,-0.0005706256117887776,0.0005706256117887776,-0.0570462835957307,Thursday,0,-0.019382712975391847,-0.019425670368538484,4.295739314663649e-05,-4.295739314663649e-05
2021-06-04,1890.5272218706,,1890.3055419921875,187302,,0,7.544493757417454,7.544611022524118,-0.0001172651066640995,0.0001172651066640995,-0.011725823138010377,Friday,0,0.010143039686258959,0.010596400191383637,0.00045336050512467807,0.00045336050512467807
2021-06-05,1890.8059560388,,1886.0546875,70270,,0,7.542242459326563,7.544758448924063,-0.002515989597499768,0.002515989597499768,-0.2512827148457854,Saturday,0,0.00014742639994480555,-0.002251298090890863,0.0023987244908356686,-0.0023987244908356686
2021-06-06,1889.9125915426,,1885.998779296875,19523,,0,7.5422128159486945,7.544285859123165,-0.0020730431744704347,0.0020730431744704347,-0.2070895904519292,Sunday,0,-0.00047258980089814884,-2.9643377868815435e-05,0.0004429464230293334,0.0004429464230293334
2021-06-07,1898.5010799121,,1900.177490234375,242671,,0,7.549702576704366,7.548819948495556,0.0008826282088101323,0.0008826282088101323,0.08830178397120268,Monday,1,0.004534089372390859,0.007489760755671426,0.002955671383280567,0.002955671383280567
2021-06-08,1893.410752612,,1891.057373046875,568413,,0,7.544891408254725,7.54613511267518,-0.0012437044204549608,0.0012437044204549608,-0.12429313406392987,Tuesday,0,-0.0026848358203759304,-0.004811168449641023,0.002126332629265093,-0.002126332629265093
2021-06-09,1889.1481449623,,1889.6441650390625,511343,,0,7.544143817862098,7.543881289499108,0.00026252836299001103,0.00026252836299001103,0.026256282657622514,Wednesday,0,-0.002253823176071812,-0.0007475903926268401,0.0015062327834449718,0.0015062327834449718
2021-06-10,1898.0227339412,,1890.54296875,3026749,,0,7.544619351848149,7.548567956938603,-0.003948605090454471,0.003948605090454471,-0.3940819600020477,Thursday,0,0.004686667439495196,0.0004755339860507135,0.004211133453444482,-0.004211133453444482
2021-06-11,1876.5631159581,,1869.89990234375,385783,,0,7.533640180257527,7.537197252945805,-0.0035570726882774295,0.0035570726882774295,-0.3550753799691993,Friday,0,-0.011370703992798603,-0.010979171590621561,0.00039153240217704166,0.00039153240217704166
2021-06-12,1876.5246762995,,1866.3963623046875,101437,,0,7.53176477166154,7.537176768661541,-0.0054119970000012785,0.0054119970000012785,-0.539737852783557,Saturday,0,-2.0484284263488917e-05,-0.0018754085959873379,0.001854924311723849,-0.001854924311723849
2021-06-13,1873.1502641142,,1862.47021484375,141679,,0,7.52965895809564,7.535376925661891,-0.005717967566251758,0.005717967566251758,-0.5701651103522345,Sunday,0,-0.0017998429996497478,-0.0021058135659002275,0.0003059705662504797,-0.0003059705662504797
2021-06-14,1866.1275936529,,1889.40966796875,169356,,0,7.544019714273753,7.531620757233007,0.01239895704074545,0.01239895704074545,1.2476142786290334,Monday,1,-0.0037561684288842656,0.014360756178112943,0.01811692460699721,0.01811692460699721
2021-06-15,1858.7357276716,,1877.2337646484375,162186,,0,7.537554570466599,7.527651819289795,0.009902751176804614,0.009902751176804614,0.9951945670087066,Tuesday,0,-0.003968937943212403,-0.00646514380715324,0.002496205863940837,-0.002496205863940837
2021-06-16,1816.331533377,,1812.021728515625,209824,,0,7.502198477985567,7.504574104931014,-0.002375626945447351,0.002375626945447351,-0.237280737694508,Wednesday,0,-0.02307771435878081,-0.035356092481032775,0.012278378122251965,-0.012278378122251965
2021-06-17,1775.4151821462,,1778.3814697265625,1155217,,0,7.483458942963765,7.481789579992384,0.0016693629713806502,0.0016693629713806502,0.16707571334253352,Thursday,0,-0.022784524938630035,-0.018739535021802034,0.004044989916828001,0.004044989916828001
2021-06-18,1763.8077862831,,1758.8345947265625,1115675,,0,7.4724067066188775,7.475230265937533,-0.002823559318655633,0.002823559318655633,-0.2819576824194472,Friday,0,-0.006559314054850773,-0.011052236344887056,0.004492922290036283,-0.004492922290036283
2021-06-19,1764.0417725092,,1759.91259765625,1077854,,0,7.473019426376492,7.475362916847128,-0.002343490470635423,0.002343490470635423,-0.23407466406402447,Saturday,0,0.00013265090959446724,0.000612719757614677,0.00048006884802020977,0.00048006884802020977
2021-06-20,1769.6139587149,,1767.21240234375,364635,,0,7.477158670157192,7.4785166993591226,-0.0013580292019303997,0.0013580292019303997,-0.13571074975550346,Sunday,0,0.0031537825119949403,0.004139243780699964,0.0009854612687050235,0.0009854612687050235
2021-06-21,1782.9880358127,,1785.629638671875,512072,,0,7.487526370767802,7.48604590769632,0.0014804630714824185,0.0014804630714824185,0.14815594979418611,Monday,1,0.0075292083371971685,0.010367700610609987,0.002838492273412818,0.002838492273412818
2021-06-22,1777.6117186737,,1780.166259765625,1459970,,0,7.484462043286926,7.483026011276833,0.0014360320100923474,0.0014360320100923474,0.1437063597797994,Tuesday,0,-0.003019896419486301,-0.003064327480876372,4.4431061390071136e-05,-4.4431061390071136e-05
2021-06-23,1777.4525975098,,1790.08740234375,545745,,0,7.4900197257677466,7.482936493254174,0.007083232513572568,0.007083232513572568,0.7108377940233872,Wednesday,0,-8.951802265944053e-05,0.00555768248082078,0.005647200503480221,0.005647200503480221
2021-06-24,1775.5867968211,,1775.975341796875,460139,,0,7.482105039332349,7.481886237035129,0.0002188022972200443,0.0002188022972200443,0.02188262361888335,Thursday,0,-0.001050256219045309,-0.007914686435397833,0.006864430216352524,-0.006864430216352524
2021-06-25,1781.3875671668,,1776.8597412109375,478928,,0,7.48260289493874,7.4851478717249575,-0.0025449767862175676,0.0025449767862175676,-0.2541741078312181,Friday,0,0.003261634689828874,0.000497855606391262,0.002763779083437612,-0.002763779083437612
2021-06-26,1781.9118131844,,1780.9000244140625,798407,,0,7.484874147190794,7.485442119255364,-0.0005679720645694886,0.0005679720645694886,-0.056781079896953614,Saturday,0,0.0002942475304061887,0.0022712522520542677,0.001977004721648079,0.001977004721648079
2021-06-27,1782.2929198414,,1783.215087890625,158608,,0,7.486173243167888,7.485655971537709,0.0005172716301782287,0.0005172716301782287,0.05174054382189618,Sunday,0,0.00021385228234560572,0.001299095977093323,0.0010852436947477173,0.0010852436947477173
2021-06-28,1778.5847604358,,1775.9522705078125,834467,,0,7.482092048476915,7.483573248636804,-0.0014812001598896174,0.0014812001598896174,-0.14801037243468262,Monday,1,-0.002082722900905054,-0.0040811946909729,0.001998471790067846,-0.001998471790067846
2021-06-29,1760.9145808004,,1766.4832763671875,1005321,,0,7.476745999654011,7.473588601243883,0.0031573984101287422,0.0031573984101287422,0.3162388242737082,Tuesday,0,-0.009984647392921708,-0.005346048822903349,0.00463859857001836,0.00463859857001836
2021-06-30,1768.2790518701,,1767.4439697265625,542608,,0,7.477289696972117,7.477762065511148,-0.00047236853903065423,0.00047236853903065423,-0.047225699057750654,Wednesday,0,0.004173464267265281,0.0005436973181058846,0.0036297669491593965,-0.0036297669491593965
2021-07-01,1776.1853649202,,1774.100830078125,1235460,,0,7.48104899895338,7.482223290245475,-0.0011742912920951198,0.0011742912920951198,-0.11736020818799651,Thursday,0,0.004461224734327196,0.0037593019812627304,0.0007019227530644656,-0.0007019227530644656
2021-07-02,1787.7437910165,,1784.8597412109375,483326,,0,7.48709511477404,7.488709651851016,-0.001614537076975786,0.001614537076975786,-0.1613234413149646,Friday,0,0.006486361605540836,0.0060461158206601695,0.00044024578488066624,-0.00044024578488066624
2021-07-03,1788.2209883497,,1791.2115478515625,97606,,0,7.49064751225548,7.488976543370074,0.0016709688854055216,0.0016709688854055216,0.16723657318340393,Saturday,0,0.0002668915190584542,0.003552397481439762,0.0032855059623813077,0.0032855059623813077
2021-07-04,1786.0810702198,,1784.4154052734375,376694,,0,7.486846136524082,7.487779152466614,-0.000933015942532478,0.000933015942532478,-0.09325808184941788,Sunday,0,-0.0011973909034601604,-0.00380137573139816,0.0026039848279379996,-0.0026039848279379996
2021-07-05,1791.7223518691,,1790.0709228515625,451257,,0,7.490010519754665,7.4909326439577635,-0.0009221242030985621,0.0009221242030985621,-0.092169917722733,Monday,1,0.003153491491149296,0.003164383230583212,1.0891739433915859e-05,1.0891739433915859e-05
2021-07-06,1795.7728677123,,1797.614501953125,911410,,0,7.494215788235732,7.493190775225661,0.0010250130100715182,0.0010250130100715182,0.10255385154421628,Tuesday,0,0.002258131267897312,0.004205268481067392,0.0019471372131700804,0.0019471372131700804
2021-07-07,1803.9724043724,,1805.0731201171875,119372,,0,7.498356379706697,7.497746403594483,0.0006099761122140279,0.0006099761122140279,0.06101621854744831,Wednesday,0,0.004555628368822617,0.004140591470965127,0.0004150368978574903,-0.0004150368978574903
2021-07-08,1803.7972532522,,1801.897216796875,104037,,0,7.496595398138021,7.497649306974156,-0.0010539088361349869,0.0010539088361349869,-0.10533536692659835,Thursday,0,-9.709662032708621e-05,-0.001760981568676101,0.0016638849483490148,-0.0016638849483490148
2021-07-09,1808.2817893316,,1805.9844970703125,51813,,0,7.498861149815122,7.500132385738887,-0.0012712359237649906,0.0012712359237649906,-0.12704282456644772,Friday,0,0.0024830787647305286,0.002265751677100525,0.00021732708763000375,-0.00021732708763000375
2021-07-10,1808.4327217817,,1808.41650390625,35129,,0,7.500206881626456,7.500215849584166,-8.967957710659391e-06,8.967957710659391e-06,-0.0008967917498159841,Saturday,0,8.34638452795744e-05,0.0013457318113339056,0.0012622679660543312,0.0012622679660543312
2021-07-11,1805.7712448987,,1807.1011962890625,67986,,0,7.499479291397736,7.498743062000166,0.0007362293975701206,0.0007362293975701206,0.07365004809549806,Sunday,0,-0.001472787584000379,-0.000727590228719599,0.00074519735528078,0.00074519735528078
2021-07-12,1807.1446169164,,1807.143798828125,95206,,0,7.49950286619088,7.49950331888761,-4.526967307683094e-07,4.526967307683094e-07,-4.526966283849788e-05,Monday,1,0.0007602568874442994,2.357479314341049e-05,0.0007366820943008889,-0.0007366820943008889
2021-07-13,1806.1949864536,,1805.9879150390625,210901,,0,7.4988630423925615,7.498977694070182,-0.00011465167762025885,0.00011465167762025885,-0.011464510536820413,Tuesday,0,-0.0005256248174285716,-0.0006398237983180621,0.00011419898088949054,-0.00011419898088949054
2021-07-14,1826.1316821181,,1826.2197265625,159052,,0,7.5100033860965745,7.5099551736249,4.821247167452469e-05,4.821247167452469e-05,0.004821363391384246,Wednesday,0,0.010977479554718172,0.011140343704012956,0.00016286414929478354,0.00016286414929478354
2021-07-15,1828.9882944063,,1829.767822265625,137245,,0,7.511944364707503,7.5115182483738305,0.00042611633367251045,0.00042611633367251045,0.042620713413483634,Thursday,0,0.0015630747489305818,0.0019409786109285676,0.00037790386199798576,0.00037790386199798576
2021-07-16,1811.6109877791,,1812.150390625,374106,,0,7.502269480192526,7.50197177689832,0.00029770329420575337,0.00029770329420575337,0.0297747612229518,Friday,0,-0.009546471475510465,-0.009674884514977222,0.00012841303946675708,-0.00012841303946675708
2021-07-17,1811.9716970021,,1813.001220703125,55738,,0,7.502738884060264,7.50217086672492,0.0005680173353441731,0.0005680173353441731,0.05681786877401951,Saturday,0,0.00019908982659977426,0.000469403867738194,0.0002703140411384197,0.0002703140411384197
2021-07-18,1815.4091932322,,1816.788818359375,108272,,0,7.504825836192585,7.504066172105374,0.0007596640872105098,0.0007596640872105098,0.07599527050530051,Sunday,0,0.0018953053804544595,0.0020869521323207962,0.00019164675186633673,0.00019164675186633673
2021-07-19,1811.7779234282,,1812.405517578125,117477,,0,7.502410257137348,7.502063920277521,0.00034633685982754514,0.00034633685982754514,0.03463968413620467,Monday,1,-0.0020022518278537405,-0.002415579055236705,0.0004133272273829647,-0.0004133272273829647
2021-07-20,1809.3795609127,,1810.64990234375,101164,,0,7.501441121880884,7.5007392814698655,0.0007018404110183951,0.0007018404110183951,0.07020867586285398,Tuesday,0,-0.0013246388076550986,-0.0009691352564642486,0.00035550355119085,0.00035550355119085
2021-07-21,1802.6414566333,,1804.454345703125,82604,,0,7.498013523515142,7.497008344101114,0.0010051794140277792,0.0010051794140277792,0.10056847761677155,Wednesday,0,-0.003730937368751519,-0.003427598365742135,0.0003033390030093841,0.0003033390030093841
2021-07-22,1807.4375477953,,1806.88037109375,70561,,0,7.499357085353532,7.499665401732151,-0.00030831637861883365,0.00030831637861883365,-0.030826885400801078,Thursday,0,0.002657057631036963,0.0013435618383903503,0.0013134957926466129,-0.0013134957926466129
2021-07-23,1801.8101529298,,1801.5963134765625,77960,,0,7.49642839169359,7.496547079083138,-0.00011868738954756708,0.00011868738954756708,-0.011868034647817207,Friday,0,-0.0031183226490130167,-0.00292869365994175,0.00018962898907126657,0.00018962898907126657
2021-07-24,1802.0453214398,,1801.537841796875,98951,,0,7.496395935683254,7.4966775884845305,-0.0002816528012763442,0.0002816528012763442,-0.028161314085021143,Saturday,0,0.0001305094013925867,-3.245601033619039e-05,0.0001629654117287771,-0.0001629654117287771
2021-07-25,1801.0878570657,,1800.6680908203125,51646,,0,7.495913036587681,7.496146126365757,-0.0002330897780762342,0.0002330897780762342,-0.02330626147640789,Sunday,0,-0.000531462118773085,-0.00048289909557297506,4.856302320010997e-05,4.856302320010997e-05
2021-07-26,1797.8487201889,,1798.208251953125,278005,,0,7.494546032547554,7.494346073665807,0.00019995888174673127,0.00019995888174673127,0.01999788748562022,Monday,1,-0.0018000526999504274,-0.001367004040127462,0.0004330486598229655,0.0004330486598229655
2021-07-27,1799.1142714345,,1799.7994384765625,68494,,0,7.495430514607668,7.495049751352104,0.00038076325556435364,0.00038076325556435364,0.0380835755094141,Tuesday,0,0.0007036776862969774,0.0008844820601145997,0.00018080437381762238,0.00018080437381762238
2021-07-28,1808.231154173,,1800.8919677734375,129145,,0,7.496037358797929,7.500104383539313,-0.004067024741383207,0.004067024741383207,-0.40587655967686,Wednesday,0,0.005054632187208696,0.0006068441902611355,0.004447787996947561,-0.004447787996947561
2021-07-29,1829.8826212573,,1829.3624267578125,244737,,0,7.511722784451059,7.512007102388866,-0.0002843179378073657,0.0002843179378073657,-0.02842775232927051,Thursday,0,0.011902718849553295,0.015685425653129137,0.0037827068035758415,0.0037827068035758415
2021-07-30,1814.0314088658,,1814.5479736328125,157417,,0,7.503591665340717,7.503306945225185,0.0002847201155322665,0.0002847201155322665,0.028476065215186763,Friday,0,-0.008700157163681332,-0.0081311191103417,0.0005690380533396322,0.0005690380533396322
2021-07-31,1814.2564270034,,1814.7828369140625,82262,,0,7.503721090457267,7.503430980664525,0.00029010979274168847,0.00029010979274168847,0.029015187865809023,Saturday,0,0.0001240354393408083,0.00012942511655023026,5.389677209421961e-06,5.389677209421961e-06
2021-08-01,1814.3387188954,,1812.5697021484375,34019,,0,7.502500842347161,7.5034763381038125,-0.0009754957566512346,0.0009754957566512346,-0.09750201153396064,Sunday,0,4.535743928713032e-05,-0.0012202481101057927,0.001265605549392923,-0.001265605549392923
2021-08-02,1812.5411069612,,1812.9796142578125,92039,,0,7.502726966487449,7.502485066174381,0.00024190031306847715,0.00024190031306847715,0.024192957330916382,Monday,1,-0.000991271929431825,0.00022612414028788663,0.0012173960697197117,0.0012173960697197117
2021-08-03,1810.9112805752,,1811.781982421875,115999,,0,7.502066160612318,7.501585467492459,0.0004806931198588771,0.0004806931198588771,0.048080867131076996,Tuesday,0,-0.0008995986819213542,-0.0006608058751309542,0.00023879280679039994,0.00023879280679039994
2021-08-04,1811.5858266096,,1812.4473876953125,64959,,0,7.502433358829077,7.501957887964989,0.0004754708640879457,0.0004754708640879457,0.04755839182761533,Wednesday,0,0.0003724204725292779,0.0003671982167583465,5.222255770931383e-06,-5.222255770931383e-06
2021-08-05,1804.2077240977,,1803.10302734375,136386,,0,7.497264363746999,7.4978768403893525,-0.0006124766423534211,0.0006124766423534211,-0.06122891168213649,Thursday,0,-0.004081047575636099,-0.0051689950820774655,0.0010879475064413668,-0.0010879475064413668
2021-08-06,1763.3525308686,,1764.2412109375,265774,,0,7.475475968112827,7.474972123196012,0.0005038449168148773,0.0005038449168148773,0.05039718679861367,Friday,0,-0.02290471719334075,-0.021788395634172453,0.0011163215591682984,0.0011163215591682984
2021-08-07,1763.6839831039,,1764.94775390625,104801,,0,7.4758763677430125,7.475160072617551,0.0007162951254615635,0.0007162951254615635,0.07165517260785031,Saturday,0,0.000187949421539102,0.00040039963018578817,0.00021245020864668618,0.00021245020864668618
2021-08-08,1718.6117054643,,1722.5677490234375,1093593,,0,7.451571333913141,7.449272095902303,0.0022992380108384225,0.0022992380108384225,0.23018832855375587,Sunday,0,-0.02588797671524823,-0.02430503382987137,0.001582942885376859,0.001582942885376859
2021-08-09,1731.3758836624,,1729.8028564453125,502609,,0,7.45576272518641,7.4566716798769965,-0.0009089546905869383,0.0009089546905869383,-0.09085417164064832,Monday,1,0.0073995839746938685,0.004191391273268508,0.003208192701425361,-0.003208192701425361
2021-08-10,1727.7564157631,,1734.268798828125,2225978,,0,7.458341161951868,7.454578976327712,0.003762185624156089,0.003762185624156089,0.37692715278667765,Tuesday,0,-0.0020927035492848134,0.002578436765458214,0.0046711403147430275,0.0046711403147430275
2021-08-11,1751.7442687342,,1752.592041015625,426864,,0,7.468851137367358,7.468367295508,0.0004838418593582361,0.0004838418593582361,0.04839589297115943,Wednesday,0,0.013788319180288333,0.01050997541549048,0.003278343764797853,-0.003278343764797853
2021-08-12,1753.4592359478,,1753.3128662109375,121112,,0,7.469262343731789,7.469345822060396,-8.347832860700066e-05,8.347832860700066e-05,-0.008347484438855964,Thursday,0,0.000978526552396275,0.0004112063644310382,0.0005673201879652368,-0.0005673201879652368
2021-08-13,1779.279558821,,1777.6279296875,263870,,0,7.483035130782354,7.483963819120491,-0.0009286883381367517,0.0009286883381367517,-0.09282572405846808,Friday,0,0.014617997060094368,0.013772787050564617,0.000845210009529751,-0.000845210009529751
2021-08-14,1779.3436001459,,1780.1734619140625,97381,,0,7.484466089051656,7.483999811313002,0.0004662777386537087,0.0004662777386537087,0.04663864630162084,Saturday,0,3.599219251171348e-05,0.0014309582693021738,0.0013949660767904604,0.0013949660767904604
2021-08-15,1779.1061770566,,1779.4263916015625,55503,,0,7.4840463394425925,7.483866369446731,0.00017996999586156193,0.00017996999586156193,0.017998619143251675,Sunday,0,-0.0001334418662715109,-0.00041974960906365766,0.00028630774279214677,-0.00028630774279214677
2021-08-16,1787.9146095167,,1787.9517822265625,141028,,0,7.488825987935023,7.488805197052036,2.079088298678755e-05,2.079088298678755e-05,0.002079109911884277,Monday,1,0.004938827605305285,0.0047796484924305105,0.00015917911287477438,-0.00015917911287477438
2021-08-17,1785.9648061118,,1786.796630859375,74913,,0,7.488179703903864,7.487714055817766,0.00046564808609783626,0.00046564808609783626,0.04657565169976167,Tuesday,0,-0.001091141234270232,-0.0006462840311591833,0.0004448572031110487,0.0004448572031110487
2021-08-18,1788.0212660805,,1787.0360107421875,106841,,0,7.488313666462929,7.488864849443769,-0.0005511829808400037,0.0005511829808400037,-0.0551031107405279,Wednesday,0,0.0011507936260031215,0.00013396255906528154,0.00101683106693784,-0.00101683106693784
2021-08-19,1779.5269730719,,1780.248046875,62624,,0,7.484507985754484,7.484102862504323,0.00040512325016095474,0.00040512325016095474,0.04052053236682038,Thursday,0,-0.004761986939445961,-0.003805680708445003,0.0009563062310009585,0.0009563062310009585
2021-08-20,1781.7220584206,,1780.3876953125,76422,,0,7.484586425925107,7.4853356241602915,-0.0007491982351846005,0.0007491982351846005,-0.07489176562604938,Friday,0,0.0012327616559684174,7.844017062286213e-05,0.0011543214853455552,-0.0011543214853455552
2021-08-21,1782.1499857428,,1780.4862060546875,91266,,0,7.484641755456532,7.485575771572406,-0.000934016115873959,0.000934016115873959,-0.09335800585937011,Saturday,0,0.000240147412114311,5.532953142495245e-05,0.00018481788068935856,-0.00018481788068935856
2021-08-22,1779.0587000418,,1779.0906982421875,76319,,0,7.483857669076878,7.483839683210178,1.7985866699987696e-05,1.7985866699987696e-05,0.001798602844683093,Sunday,0,-0.0017360883622279388,-0.0007840863796539921,0.0009520019825739467,0.0009520019825739467
2021-08-23,1805.0476303035,,1803.2750244140625,261770,,0,7.49735974868334,7.498342258398603,-0.0009825097152633688,0.0009825097152633688,-0.09820272106279294,Monday,1,0.014502575188425126,0.01350207960646177,0.0010004955819633565,-0.0010004955819633565
2021-08-24,1802.1237374398,,1800.6029052734375,115321,,0,7.495876835176039,7.496721102536581,-0.0008442673605415507,0.0008442673605415507,-0.08439110671296111,Tuesday,0,-0.00162115586202205,-0.001482913507300232,0.00013824235472181812,0.00013824235472181812
2021-08-25,1791.4971207072,,1789.6591796875,127338,,0,7.489780478296743,7.490806929547066,-0.0010264512503228573,0.0010264512503228573,-0.10259246294376273,Wednesday,0,-0.00591417298951491,-0.006096356879296216,0.00018218388978130662,-0.00018218388978130662
2021-08-26,1792.631441312,,1793.64453125,87329,,0,7.492004879869858,7.491439898271845,0.0005649815980133255,0.0005649815980133255,0.056514123017859616,Thursday,0,0.0006329687247790261,0.002224401573115209,0.0015914328483361828,0.0015914328483361828
2021-08-27,1817.5891644992,,1816.9664306640625,114251,,0,7.5049235930818945,7.505266267075964,-0.0003426739940692869,0.0003426739940692869,-0.034261528804233686,Friday,0,0.013826368804118694,0.012918713212036081,0.0009076555920826124,-0.0009076555920826124
2021-08-28,1818.049596393,,1817.6695556640625,97549,,0,7.5053104956555865,7.505519555109536,-0.00020905945394922298,0.00020905945394922298,-0.02090376025447822,Saturday,0,0.0002532880335719412,0.0003869025736920051,0.0001336145401200639,0.0001336145401200639
2021-08-29,1818.3967196123,,1817.98974609375,76704,,0,7.505486634509059,7.5057104685399505,-0.0002238340308915454,0.0002238340308915454,-0.022380898192385312,Sunday,0,0.00019091343041477415,0.00017613885347245173,1.4774576942322426e-05,-1.4774576942322426e-05
2021-08-30,1810.7678298901,,1811.309326171875,77926,,0,7.501805247368669,7.501506249714849,0.00029899765381991017,0.00029899765381991017,0.02990423580740278,Monday,1,-0.004204218825101691,-0.0036813871403902354,0.0005228316847114556,0.0005228316847114556
2021-08-31,1814.2874015407,,1814.4508056640625,71178,,0,7.503538114499461,7.503448053374,9.006112546128264e-05,9.006112546128264e-05,0.009006518108632296,Tuesday,0,0.0019418036591511978,0.0017328671307925703,0.00020893652835862753,-0.00020893652835862753
2021-09-01,1812.8391281549,,1808.33837890625,48709,,0,7.50016367991523,7.5026494744157475,-0.0024857945005178905,0.0024857945005178905,-0.2482707471804641,Wednesday,0,-0.0007985789582525271,-0.0033744345842317003,0.002575855625979173,-0.002575855625979173
2021-09-02,1809.0824215275,,1806.6729736328125,83622,,0,7.49924229670016,7.500575046285243,-0.00133274958508256,0.00133274958508256,-0.13318618687660605,Thursday,0,-0.002074428130504735,-0.0009213832150694046,0.0011530449154353306,0.0011530449154353306
2021-09-03,1827.2648215925,,1824.305419921875,156195,,0,7.508954601749513,7.510575494747771,-0.0016208929982584053,0.0016208929982584053,-0.16195800606755525,Friday,0,0.010000448462528233,0.009712305049352388,0.00028814341317584535,-0.00028814341317584535
2021-09-04,1827.8027069758,,1827.3616943359375,29615,,0,7.510628508506105,7.510869817839193,-0.00024130933308796898,0.00024130933308796898,-0.024128022033197017,Saturday,0,0.0002943230914222994,0.0016739067565927357,0.0013795836651704363,0.0013795836651704363
2021-09-05,1827.9363512562,,1828.779052734375,165207,,0,7.511403838870822,7.510942932620271,0.0004609062505513961,0.0004609062505513961,0.046101248415785084,Sunday,0,7.311478107752123e-05,0.0007753303647168863,0.0007022155836393651,0.0007022155836393651
2021-09-06,1823.8684996821,,1824.817626953125,297012,,0,7.509235330586569,7.508715073562812,0.0005202570237567983,0.0005202570237567983,0.052039238091474024,Monday,1,-0.002227859057458481,-0.002168508284253079,5.935077320540216e-05,5.935077320540216e-05
2021-09-07,1795.0719677418,,1790.501220703125,474070,,0,7.4902508712048705,7.492800393568129,-0.0025495223632585606,0.0025495223632585606,-0.254627509136868,Tuesday,0,-0.015914679994683212,-0.01898445938169857,0.003069779387015359,-0.003069779387015359
2021-09-08,1790.6119001065,,1787.3358154296875,163975,,0,7.488481418841688,7.490312684054493,-0.0018312652128056328,0.0018312652128056328,-0.18295894697324067,Wednesday,0,-0.0024877095136357497,-0.0017694523631828218,0.0007182571504529278,0.0007182571504529278
2021-09-09,1794.937120175,,1789.875244140625,54351,,0,7.489901200395097,7.49272526976562,-0.0028240693705230413,0.0028240693705230413,-0.28200854378015777,Thursday,0,0.002412585711126347,0.0014197815534089386,0.0009928041577174085,-0.0009928041577174085
2021-09-10,1788.0118976121,,1786.896728515625,89883,,0,7.488235723067351,7.4888596098567906,-0.0006238867894392541,0.0006238867894392541,-0.06236922125430728,Friday,0,-0.0038656599088291443,-0.0016654773277453572,0.002200182581083787,0.002200182581083787
2021-09-11,1788.3489068717,,1788.3248291015625,26207,,0,7.489034610990171,7.489048074767923,-1.3463777752242834e-05,1.3463777752242834e-05,-0.0013463687116586453,Saturday,0,0.00018846491113233554,0.0007988879228193468,0.0006104230116870113,0.0006104230116870113
2021-09-12,1788.1090746536,,1783.3985595703125,51701,,0,7.486276126013065,7.488913957594061,-0.002637831580996064,0.002637831580996064,-0.2634355560328421,Sunday,0,-0.000134117173861803,-0.002758484977105624,0.002624367803243821,-0.002624367803243821
2021-09-13,1792.9047136596,,1790.9305419921875,233301,,0,7.490490619618112,7.491592328667924,-0.0011017090498119941,0.0011017090498119941,-0.11011023912045642,Monday,1,0.0026783710738627065,0.004214493605046776,0.0015361225311840698,0.0015361225311840698
2021-09-14,1804.3678452208,,1796.84228515625,154014,,0,7.493786117298235,7.49796558516974,-0.004179467871504805,0.004179467871504805,-0.4170746050747298,Tuesday,0,0.0063732565018161935,0.0032954976801233826,0.003077758821692811,-0.003077758821692811
2021-09-15,1794.3527629433,,1793.752197265625,59552,,0,7.492064904463627,7.492399658151127,-0.0003347536875004664,0.0003347536875004664,-0.033469766373575634,Wednesday,0,-0.005565927018612804,-0.0017212128346084654,0.0038447141840043386,0.0038447141840043386
2021-09-16,1753.901133133,,1755.5882568359375,239139,,0,7.470559268816962,7.469597804828654,0.0009614639883084308,0.0009614639883084308,0.0961926342976787,Thursday,0,-0.02280185332247342,-0.021505635646664523,0.0012962176758088972,0.0012962176758088972
2021-09-17,1754.2376588371,,1755.434814453125,82465,,0,7.470471862736288,7.469789659099586,0.0006822036367015727,0.0006822036367015727,0.06824363905279143,Friday,0,0.00019185427093226792,-8.740608067459021e-05,0.00027926035160685814,-0.00027926035160685814
2021-09-18,1754.2782460726,,1754.794677734375,280804,,0,7.470107136311835,7.469812795512019,0.0002943407998161618,0.0002943407998161618,0.029438412231989047,Saturday,0,2.3136412433011344e-05,-0.00036472642445239956,0.0003878628368854109,-0.0003878628368854109
2021-09-19,1754.3090215341,,1753.06494140625,129338,,0,7.469120930102851,7.469830338448337,-0.0007094083454859401,0.0007094083454859401,-0.07091567748777772,Sunday,0,1.7542936317838098e-05,-0.0009862062089842638,0.001003749145302102,-0.001003749145302102
2021-09-20,1764.2353084817,,1763.2967529296875,219463,,0,7.474940490938631,7.475472622501333,-0.0005321315627018208,0.0005321315627018208,-0.05319900058117821,Monday,1,0.00564228405299616,0.00581956083578028,0.0001772767827841193,0.0001772767827841193
2021-09-21,1775.1693244044,,1776.1446533203125,261451,,0,7.482200369176947,7.481651091390443,0.0005492777865043763,0.0005492777865043763,0.05494286671722323,Tuesday,0,0.00617846888911,0.0072598782383161975,0.0010814093492061971,0.0010814093492061971
2021-09-22,1767.2439047144,,1766.790283203125,217096,,0,7.476919780048614,7.477176496022284,-0.0002567159736699409,0.0002567159736699409,-0.025668302494350283,Wednesday,0,-0.0044745953681593065,-0.005280589128333624,0.0008059937601743172,-0.0008059937601743172
2021-09-23,1744.5164783947,,1747.1986083984375,598392,,0,7.465768989075015,7.464232706494913,0.0015362825801021884,0.0015362825801021884,0.15374632667302596,Thursday,0,-0.01294378952737052,-0.01115079097359839,0.0017929985537721294,0.0017929985537721294
2021-09-24,1750.329183334,,1750.4078369140625,207449,,0,7.467604089430884,7.467559153990363,4.4935440520532666e-05,4.4935440520532666e-05,0.004493645013262372,Friday,0,0.003326447495449969,0.0018351003558683132,0.0014913471395816558,-0.0014913471395816558
2021-09-25,1750.5623681608,,1749.0560302734375,236696,,0,7.46683151011064,7.467692368529411,-0.0008608584187710377,0.0008608584187710377,-0.08604879864663237,Saturday,0,0.000133214539047799,-0.0007725793202437714,0.0009057938592915704,-0.0009057938592915704
2021-09-26,1748.7714880297,,1750.3988037109375,63084,,0,7.467598928789893,7.466668813555207,0.000930115234686113,0.000930115234686113,0.09305479260019638,Sunday,0,-0.001023554974204366,0.0007674186792527848,0.0017909736534571508,0.0017909736534571508
2021-09-27,1750.816835419,,1751.125244140625,190260,,0,7.4680138569355705,7.4678377211141225,0.0001761358214480424,0.0001761358214480424,0.017615133427205183,Monday,1,0.0011689075589158548,0.00041492814567778424,0.0007539794132380706,-0.0007539794132380706
2021-09-28,1735.0297630588,,1734.999755859375,80651,,0,7.458762551665892,7.458779846734572,-1.7295068680311942e-05,1.7295068680311942e-05,-0.0017294919121197258,Tuesday,0,-0.009057874379550412,-0.009251305269678767,0.00019343089012835435,-0.00019343089012835435
2021-09-29,1728.3712689369,,1730.1434326171875,129844,,0,7.455959593082337,7.454934780994888,0.0010248120874489786,0.0010248120874489786,0.10253373867858916,Wednesday,0,-0.003845065739684017,-0.0028029585835547266,0.0010421071561292905,0.0010421071561292905
2021-09-30,1754.7226304712,,1755.100830078125,101791,,0,7.470281587285572,7.470066078093934,0.00021550919163804139,0.00021550919163804139,0.0215532415412771,Thursday,0,0.015131297099046037,0.0143219942032351,0.0008093028958109372,-0.0008093028958109372
2021-10-01,1760.6506392018,,1761.2039794921875,79035,,0,7.473752933413561,7.473438701081537,0.0003142323320242113,0.0003142323320242113,0.03142817081748571,Friday,0,0.003372622987602547,0.003471346127988717,9.872314038616992e-05,9.872314038616992e-05
2021-10-02,1760.7958797376,,1763.8778076171875,57855,,0,7.475269964109172,7.473521190214966,0.0017487738942056907,0.0017487738942056907,0.1750303891014778,Saturday,0,8.248913342967512e-05,0.0015170306956111546,0.0014345415621814794,0.0014345415621814794
2021-10-03,1763.4507203696,,1774.17333984375,100809,,0,7.481089869394705,7.47502780506655,0.006062064328155259,0.006062064328155259,0.608047582520628,Sunday,0,0.0015066148515838762,0.005819905285533444,0.004313290433949568,0.004313290433949568
2021-10-04,1768.138362923,,1765.95166015625,123726,,0,7.476445008284316,7.477682499707301,-0.0012374914229846823,0.0012374914229846823,-0.12367260462212819,Monday,1,0.0026546946407508543,-0.004644861110389087,0.007299555751139941,-0.007299555751139941
2021-10-05,1759.9809359404,,1760.8895263671875,218766,,0,7.473574373062842,7.4730582561214876,0.0005161169413545608,0.0005161169413545608,0.05162501526199541,Tuesday,0,-0.004624243585813481,-0.002870635221474238,0.001753608364339243,0.001753608364339243
2021-10-06,1763.3948477298,,1761.2310791015625,195788,,0,7.473768320274596,7.474996120866759,-0.0012278005921633195,0.0012278005921633195,-0.12270471534058815,Wednesday,0,0.001937864745271689,0.0001939472117538088,0.0017439175335178803,-0.0017439175335178803
2021-10-07,1754.9549537312,,1755.4215087890625,153579,,0,7.470464283010524,7.470198468180923,0.00026581482960086333,0.00026581482960086333,0.026585016149305644,Thursday,0,-0.004797652685835985,-0.003304037264071802,0.0014936154217641828,0.0014936154217641828
2021-10-08,1757.0269526559,,1756.4752197265625,294683,,0,7.471064363850353,7.471378428226467,-0.0003140643761145867,0.0003140643761145867,-0.031401506306065,Friday,0,0.001179960045543993,0.0006000808398285429,0.00057987920571545,-0.00057987920571545
2021-10-09,1757.2067441595,,1757.046142578125,36445,,0,7.471389349981197,7.471480750108999,-9.140012780139983e-05,9.140012780139983e-05,-0.00913959509367776,Saturday,0,0.00010232188253134211,0.000324986130844529,0.00022266424831318687,0.00022266424831318687
2021-10-10,1754.2320849048,,1753.6666259765625,214963,,0,7.469464089859825,7.469786481684527,-0.00032239182470217287,0.00032239182470217287,-0.0322339862041852,Sunday,0,-0.0016942684244716233,-0.0019252601213723963,0.00023099169690077304,-0.00023099169690077304
2021-10-11,1753.8605319936,,1753.9013671875,701695,,0,7.469597938276588,7.4695746555139175,2.3282762670717716e-05,2.3282762670717716e-05,0.002328303371622643,Monday,1,-0.00021182617060944153,0.00013384841676344905,0.0003456745873728906,0.0003456745873728906
2021-10-12,1760.3211916753,,1759.38427734375,274674,,0,7.472719184404738,7.473251566652018,-0.0005323822472798057,0.0005323822472798057,-0.05322405569965216,Tuesday,0,0.003676911138100536,0.0031212461281500126,0.0005556650099505234,-0.0005556650099505234
2021-10-13,1792.195601017,,1793.2513427734375,634333,,0,7.491785643799481,7.491196739931428,0.0005889038680537695,0.0005889038680537695,0.05890773059806998,Wednesday,0,0.017945173279409588,0.019066459394743163,0.0011212861153335751,0.0011212861153335751
2021-10-14,1795.31138504,,1795.346435546875,224467,,0,7.492953282604883,7.49293375943747,1.9523167412494047e-05,1.9523167412494047e-05,0.001952335799074454,Thursday,0,0.0017370195060424365,0.001167638805401161,0.0005693807006412754,-0.0005693807006412754
2021-10-15,1767.222755693,,1764.4749755859375,289215,,0,7.47560846085887,7.477164528716643,-0.001556067857772625,0.001556067857772625,-0.15548578119032522,Friday,0,-0.015769230720827032,-0.01734482174601215,0.001575591025185119,-0.001575591025185119
2021-10-16,1767.2059590185,,1764.7952880859375,141824,,0,7.475789978553435,7.477155024111596,-0.001365045558160638,0.001365045558160638,-0.1364114307254432,Saturday,0,-9.50460504700601e-06,0.00018151769456498101,0.00019102229961198702,0.00019102229961198702
2021-10-17,1770.459876953,,1771.72119140625,144648,,0,7.479706777592741,7.478994609308727,0.0007121682840134369,0.0007121682840134369,0.07124219360569195,Sunday,0,0.0018395851971311217,0.003916799039305197,0.002077213842174075,0.002077213842174075
2021-10-18,1764.0925279854,,1762.0235595703125,300088,,0,7.474218177331998,7.475391688697562,-0.00117351136556465,0.00117351136556465,-0.11728230703693758,Monday,1,-0.0036029206111649614,-0.005488600260743048,0.001885679649578087,-0.001885679649578087
2021-10-19,1769.1885169162,,1767.086181640625,216318,,0,7.477087243988644,7.47827625542156,-0.0011890114329151658,0.0011890114329151658,-0.11883048388983342,Tuesday,0,0.002884566723997395,0.002869066656646879,1.5500067350515678e-05,-1.5500067350515678e-05
2021-10-20,1782.0327255279,,1783.510986328125,2308589,,0,7.486339164762102,7.4855099723559,0.0008291924062016065,0.0008291924062016065,0.08295362812638606,Wednesday,0,0.007233716934340606,0.009251920773457378,0.0020182038391167723,0.0020182038391167723
2021-10-21,1784.4638962929,,1784.86181640625,362755,,0,7.487096277439127,7.486873310891926,0.0002229665472013309,0.0002229665472013309,0.02229914060893214,Thursday,0,0.001363338536025438,0.0007571126770251624,0.0006062258590002756,-0.0006062258590002756
2021-10-22,1792.354898749,,1792.6253662109375,283334,,0,7.4914365093368875,7.491285620103218,0.00015088923366946005,0.00015088923366946005,0.01509006180227985,Friday,0,0.004412309211292431,0.00434023189776056,7.207731353187086e-05,-7.207731353187086e-05
2021-10-23,1792.2913548826,,1797.7315673828125,222585,,0,7.494280908770708,7.491250166749157,0.0030307420215516245,0.0030307420215516245,0.3035339363431153,Saturday,0,-3.5453354061409925e-05,0.0028443994338207546,0.0028798527878821645,0.0028798527878821645
2021-10-24,1794.8326767237,,1797.4488525390625,133092,,0,7.494123634413757,7.492667080267553,0.0014565541462046028,0.0014565541462046028,0.1457615436408341,Sunday,0,0.0014169135183959014,-0.00015727435695112035,0.0015741878753470218,-0.0015741878753470218
2021-10-25,1807.9052309321,,1810.5672607421875,381774,,0,7.501395478884148,7.499924123058472,0.001471355825676035,0.001471355825676035,0.14724388007412315,Monday,1,0.007257042790919321,0.007271844470390754,1.4801679471432294e-05,1.4801679471432294e-05
2021-10-26,1792.7907676915,,1799.86962890625,390137,,0,7.495469512875777,7.4915287728145445,0.003940740061232795,0.003940740061232795,0.39485149869804514,Tuesday,0,-0.008395350243927346,-0.005925966008370587,0.0024693842355567597,0.0024693842355567597
2021-10-27,1796.2352880366,,1801.762939453125,1102432,,0,7.4965208753817185,7.49344824698341,0.0030726283983089075,0.0030726283983089075,0.307735375946606,Wednesday,0,0.0019194741688650652,0.001051362505941178,0.0008681116629238872,-0.0008681116629238872
2021-10-28,1798.9591039778,,1804.1405029296875,27671233,,0,7.497839581697125,7.494963501050564,0.0028760806465610855,0.0028760806465610855,0.28802205344360626,Thursday,0,0.001515254067154359,0.001318706315406537,0.00019654775174782202,-0.00019654775174782202
2021-10-29,1782.9519576152,,1786.417236328125,290534,,0,7.487967349118073,7.486025672808707,0.0019416763093662581,0.0019416763093662581,0.1943562583458538,Friday,0,-0.008937828241856849,-0.009872232579051676,0.0009344043371948274,-0.0009344043371948274
2021-10-30,1783.0238301135,,1785.5628662109375,247273,,0,7.487488975717912,7.486065982952459,0.0014229927654527685,0.0014229927654527685,0.1424005700067312,Saturday,0,4.031014375183162e-05,-0.00047837340016165797,0.0005186835439134896,-0.0005186835439134896
2021-10-31,1779.6602628558,,1781.9962158203125,109400,,0,7.485489484470875,7.484177761505205,0.001311722965669837,0.001311722965669837,0.13125836505243801,Sunday,0,-0.0018882214472535352,-0.0019994912470364667,0.0001112697997829315,-0.0001112697997829315
2021-11-01,1792.3604361909,,1795.7701416015625,669959,,0,7.493189257153495,7.491288709576932,0.0019005475765627722,0.0019005475765627722,0.19023547618071962,Monday,1,0.0071109480717268525,0.007699772682619788,0.0005888246108929351,0.0005888246108929351
2021-11-02,1787.7584295689,,1795.8505859375,1442231,,0,7.493234052716308,7.488717840100664,0.004516212615643944,0.004516212615643944,0.45264260734328,Tuesday,0,-0.0025708694762682782,4.479556281289376e-05,0.002615665039081172,0.002615665039081172
2021-11-03,1774.2910131324,,1787.46484375,767135,,0,7.48855360654258,7.4811561928952335,0.007397413647346696,0.007397413647346696,0.7424842103180406,Wednesday,0,-0.007561647205430511,-0.004680446173727759,0.0028812010317027514,0.0028812010317027514
2021-11-04,1791.7426534121,,1800.4158935546875,342207,,0,7.495772969170686,7.490943974635178,0.004828994535508002,0.004828994535508002,0.48406729203385396,Thursday,0,0.009787781739944101,0.007219362628105408,0.0025684191118386934,-0.0025684191118386934
2021-11-05,1817.5764815372,,1824.858154296875,356252,,0,7.509257539323006,7.505259289148005,0.003998250175000884,0.003998250175000884,0.40062538405628256,Friday,0,0.014315314512827193,0.013484570152320074,0.0008307443605071185,-0.0008307443605071185
2021-11-06,1818.00001818,,1824.779052734375,1042661,,0,7.509214191692529,7.505492284737424,0.003721906955104437,0.003721906955104437,0.37288418518066874,Saturday,0,0.00023299558941936027,-4.334763047708634e-05,0.0002763432198964466,-0.0002763432198964466
2021-11-07,1815.5410312273,,1823.9251708984375,868369,,0,7.508746145066006,7.504138791109771,0.004607353956235016,0.004607353956235016,0.46179841308625597,Sunday,0,-0.0013534936276533571,-0.00046804662652277784,0.0008854470011305793,0.0008854470011305793
2021-11-08,1824.5539610652,,1835.9027099609375,1052177,,0,7.51529157955905,7.509090831249067,0.006200748309982629,0.006200748309982629,0.6220012747176857,Monday,1,0.004952040139296621,0.006545434493044233,0.0015933943537476125,0.0015933943537476125
2021-11-09,1829.8646382541,,1840.65869140625,562018,,0,7.517878771001802,7.511997274932528,0.00588149606927324,0.00588149606927324,0.5898826025977888,Tuesday,0,0.0029064436834609353,0.0025871914427515463,0.00031925224070938896,-0.00031925224070938896
2021-11-10,1848.9339394634,,1863.51513671875,1019090,,0,7.530219841622439,7.522364503038437,0.007855338584001892,0.007855338584001892,0.7886272702410183,Wednesday,0,0.010367228105908843,0.012341070620637495,0.001973842514728652,0.001973842514728652
2021-11-11,1862.0654676398,,1880.12744140625,499225,,0,7.5390948415085415,7.529441617068436,0.009653224440105745,0.009653224440105745,0.969996709586359,Thursday,0,0.007077114029998555,0.008874999886102408,0.0017978858561038535,0.0017978858561038535
2021-11-12,1864.7578140454,,1876.064453125,241032,,0,7.536931485652432,7.530886465224884,0.0060450204275479535,0.0060450204275479535,0.6063328435702559,Friday,0,0.0014448481564484084,-0.0021633558561093835,0.003608204012557792,-0.003608204012557792
2021-11-13,1865.1148910773,,1875.9591064453125,226150,,0,7.536875331058495,7.531077933975279,0.005797397083215472,0.005797397083215472,0.5814234511713582,Saturday,0,0.00019146875039499633,-5.615459393748523e-05,0.00024762334433248157,-0.00024762334433248157
2021-11-14,1865.6368351337,,1876.1356201171875,223691,,0,7.5369694191265575,7.531357740351103,0.005611678775454543,0.005611678775454543,0.562745373899902,Sunday,0,0.00027980637582381007,9.408806806288084e-05,0.00018571830776092924,-0.00018571830776092924
2021-11-15,1862.8872526137,,1870.1939697265625,242995,,0,7.53379743159585,7.529882849507583,0.0039145820882664495,0.0039145820882664495,0.39222540723336574,Monday,1,-0.001474890843519816,-0.0031719875307079093,0.0016970966871880933,-0.0016970966871880933
2021-11-16,1850.701631207,,1860.654296875,508062,,0,7.528683477363243,7.523320106283325,0.005363371079917911,0.005363371079917911,0.5377779702668241,Tuesday,0,-0.006562743224257872,-0.00511395423260641,0.0014487889916514618,0.0014487889916514618
2021-11-17,1866.4491951615,,1878.2322998046875,403712,,0,7.538086347435233,7.531793078676123,0.006293268759110404,0.006293268759110404,0.6313112981448125,Wednesday,0,0.00847297239279765,0.009402870071990144,0.0009298976791924929,0.0009298976791924929
2021-11-18,1858.8628449485,,1868.9381103515625,158337,,0,7.533125693130705,7.527720206058547,0.005405487072158266,0.005405487072158266,0.5420123077096453,Thursday,0,-0.004072872617576273,-0.004960654304528411,0.0008877816869521382,-0.0008877816869521382
2021-11-19,1845.2080169539,,1859.7322998046875,227174,,0,7.528187831512884,7.520347296435716,0.007840535077168198,0.007840535077168198,0.7871352561520144,Friday,0,-0.007372909622830548,-0.004937861617820616,0.002435048005009932,0.002435048005009932
2021-11-20,1845.5121757666,,1855.9227294921875,425705,,0,7.526137279662767,7.520512119991828,0.005625159670938906,0.005625159670938906,0.5641010588978171,Saturday,0,0.00016482355611202593,-0.002050551850117266,0.002215375406229292,-0.002215375406229292
2021-11-21,1844.9844098817,,1854.58349609375,210077,,0,7.525415419423128,7.520226106510309,0.0051893129128188775,0.0051893129128188775,0.5202800717793322,Sunday,0,-0.00028601348151902073,-0.0007218602396390494,0.0004358467581200287,-0.0004358467581200287
2021-11-22,1807.4855095786,,1816.7052001953125,3595643,,0,7.5047798098809135,7.499691937170135,0.005087872710778818,0.005087872710778818,0.51008379142481,Monday,1,-0.02053416934017438,-0.02063560954221444,0.00010144020204005955,-0.00010144020204005955
2021-11-23,1789.7278417904,,1791.6875,2921429,,0,7.490913192167127,7.489818843582473,0.001094348584653737,0.001094348584653737,0.10949476025582186,Tuesday,0,-0.009873093587661863,-0.013866617713786944,0.003993524126125081,-0.003993524126125081
2021-11-24,1788.9964972162,,1798.0260009765625,2854920,,0,7.494444675981823,7.489410125550514,0.0050345504313087375,0.0050345504313087375,0.504724507533306,Wednesday,0,-0.0004087180319585215,0.003531483814696479,0.003940201846655,0.003940201846655
2021-11-25,1790.8486997593,,1793.7452392578125,853851,,0,7.492061025432109,7.490444920412561,0.0016161050195480087,0.0016161050195480087,0.1617411621038589,Thursday,0,0.0010347948620470504,-0.0023836505497136784,0.003418445411760729,-0.003418445411760729
2021-11-26,1792.5603554435,,1794.328125,1916752,,0,7.492385927232124,7.491400243005104,0.000985684227019945,0.000985684227019945,0.09861701733678609,Friday,0,0.0009553225925422737,0.0003249018000142101,0.0006304207925280636,-0.0006304207925280636
2021-11-27,1792.3556033517,,1796.0079345703125,586100,,0,7.4933216667645866,7.491286013218756,0.0020356535458301295,0.0020356535458301295,0.20377268951443941,Saturday,0,-0.0001142297863472308,0.0009357395324629536,0.0010499693188101844,0.0010499693188101844
2021-11-28,1790.4853536687,,1802.7200927734375,1170005,,0,7.497051965878887,7.490242009381965,0.006809956496922176,0.006809956496922176,0.6833196976265933,Sunday,0,-0.001044003836791596,0.0037302991143004505,0.0047743029510920465,0.0047743029510920465
2021-11-29,1794.3990489398,,1801.63427734375,632954,,0,7.496449463821078,7.492425453190142,0.004024010630935493,0.004024010630935493,0.40321178325550733,Monday,1,0.0021834438081773655,-0.0006025020578093176,0.002785945865986683,-0.002785945865986683
2021-11-30,1784.6078288604,,1803.4681396484375,2120168,,0,7.497466834342492,7.486953966355678,0.010512867986814278,0.010512867986814278,1.0568322341206502,Tuesday,0,-0.005471486834464301,0.0010173705214144846,0.006488857355878785,0.006488857355878785
2021-12-01,1771.4376371403,,1803.5986328125,1002835,,0,7.497539188514096,7.479546720265211,0.017992468248884563,0.017992468248884563,1.8155307868539319,Wednesday,0,-0.007407246090466835,7.235417160345037e-05,0.007479600262070285,0.007479600262070285
2021-12-02,1781.4623169058,,1786.0003662109375,2812870,,0,7.487733966481741,7.485189832369635,0.002544134112106633,0.002544134112106633,0.2547373167578196,Thursday,0,0.005643112104423587,-0.009805222032354344,0.01544833413677793,-0.01544833413677793
2021-12-03,1768.3553517153,,1783.938720703125,1679177,,0,7.486578963168345,7.477805213790843,0.008773749377501971,0.008773749377501971,0.8812351529181717,Friday,0,-0.007384618578791802,-0.0011550033133964632,0.0062296152653953385,0.0062296152653953385
2021-12-04,1782.2816748614,,1780.319091796875,3993725,,0,7.484547892274495,7.485649662240652,-0.0011017699661568514,0.0011017699661568514,-0.11011632404724282,Saturday,0,0.00784444844980925,-0.0020310708938495736,0.009875519343658823,-0.009875519343658823
2021-12-05,1781.2130966044,,1783.981201171875,1337625,,0,7.486602775624724,7.485049926106571,0.0015528495181529323,0.0015528495181529323,0.15540558132835675,Sunday,0,-0.0005997361340810414,0.0020548833502287422,0.0026546194843097837,0.0026546194843097837
2021-12-06,1781.052920372,,1782.158447265625,1797028,,0,7.4855805194908225,7.484959996701106,0.0006205227897169152,0.0006205227897169152,0.06207153538110912,Monday,1,-8.992940546548311e-05,-0.0010222561339015002,0.000932326728436017,-0.000932326728436017
2021-12-07,1781.6047598208,,1787.9879150390625,866739,,0,7.488846196783919,7.4852697875947305,0.0035764091891881122,0.0035764091891881122,0.35828121714855615,Tuesday,0,0.0003097908936249283,0.0032656772930961253,0.002955886399471197,0.002955886399471197
2021-12-08,1784.0016441359,,1787.876708984375,882308,,0,7.488783998649249,7.486614234740371,0.0021697639088786858,0.0021697639088786858,0.21721195500085302,Wednesday,0,0.001344447145640082,-6.219813466934454e-05,0.0014066452803094265,-0.0014066452803094265
2021-12-09,1785.509908598,,1780.995849609375,1362197,,0,7.484927952916017,7.487459316499923,-0.002531363583905488,0.002531363583905488,-0.2528162384811139,Thursday,0,0.0008450817595520022,-0.003856045733232172,0.004701127492784174,-0.004701127492784174
2021-12-10,1783.760112805,,1784.414306640625,1873250,,0,7.486845520841687,7.486478838182123,0.0003666826595640771,0.0003666826595640771,0.03667498958681187,Friday,0,-0.0009804783177997933,0.001917567925669772,0.0028980462434695653,0.0028980462434695653
2021-12-11,1782.939903871,,1783.5994873046875,1516718,,0,7.486388785303565,7.486018912231175,0.00036987307239044753,0.00036987307239044753,0.03699414838690788,Saturday,0,-0.0004599259509481257,-0.00045673553812175527,3.190412826370448e-06,3.190412826370448e-06
2021-12-12,1782.6001469219,,1784.6260986328125,651596,,0,7.486964203719092,7.485828334116618,0.0011358696024741377,0.0011358696024741377,0.1136514946669801,Sunday,0,-0.00019057811455702733,0.0005754184155266628,0.0007659965300836902,0.0007659965300836902
2021-12-13,1786.06990499,,1778.554443359375,1973670,,0,7.483556202873516,7.487772901202389,-0.0042166983288725035,0.0042166983288725035,-0.42078205391781787,Monday,1,0.001944567085771176,-0.003408000845575465,0.005352567931346641,-0.005352567931346641
2021-12-14,1789.1001577629,,1772.4869384765625,1906999,,0,7.480138889395528,7.489468067275808,-0.009329177880279538,0.009329177880279538,-0.9285796110549048,Tuesday,0,0.0016951660734187968,-0.0034173134779882375,0.005112479551407034,-0.005112479551407034
2021-12-15,1772.6498562735,,1783.533203125,1950155,,0,7.48635162146053,7.480230799979792,0.006120821480737781,0.006120821480737781,0.6139591985965647,Wednesday,0,-0.009237267296015261,0.006212732065002058,0.01544999936101732,0.01544999936101732
2021-12-16,1783.1500522552,,1791.232421875,936946,,0,7.49065916576555,7.4861367715039515,0.004522394261598173,0.004522394261598173,0.45326357193428113,Thursday,0,0.00590597152415917,0.004307544305019562,0.0015984272191396087,-0.0015984272191396087
2021-12-17,1798.9299964381,,1801.3223876953125,3083341,,0,7.49627633398455,7.494947320707653,0.0013290132768970508,0.0013290132768970508,0.13298968064068228,Friday,0,0.008810549203701612,0.00561716821900049,0.003193380984701122,-0.003193380984701122
2021-12-18,1798.1601225626,,1798.2691650390625,1413519,,0,7.494579906296158,7.494519266996577,6.063929958077807e-05,6.063929958077807e-05,0.006064113818022632,Saturday,0,-0.0004280537110759042,-0.001696427688392177,0.0012683739773162728,-0.0012683739773162728
2021-12-19,1797.8998731582,,1802.8656005859375,1208123,,0,7.497132678320611,7.494374525582272,0.002758152738339348,0.002758152738339348,0.27619599410809226,Sunday,0,-0.00014474141430564913,0.0025527720244529206,0.0026975134387585697,0.0026975134387585697
2021-12-20,1790.8999003364,,1801.2816162109375,1265252,,0,7.496253699532176,7.490473510122683,0.005780189409492209,0.005780189409492209,0.5796926937450547,Monday,1,-0.0039010154595882085,-0.0008789787884353473,0.0030220366711528612,0.0030220366711528612
2021-12-21,1790.0401094287,,1792.465087890625,2019678,,0,7.491347095514575,7.4899933060858235,0.0013537894287516394,0.0013537894287516394,0.13547062153255532,Tuesday,0,-0.0004802040368598881,-0.004906604017600458,0.00442639998074057,-0.00442639998074057
2021-12-22,1804.349999152,,1800.9659423828125,3321865,,0,7.496078434604488,7.4979556946382155,-0.001877260033727346,0.001877260033727346,-0.18754990832033325,Wednesday,0,0.007962388552392063,0.004731339089913078,0.0032310494624789854,-0.0032310494624789854
2021-12-23,1808.8501248287,,1806.945556640625,1864156,,0,7.499393160996458,7.500446632227687,-0.0010534712312288974,0.0010534712312288974,-0.10529165252181315,Thursday,0,0.00249093758947172,0.0033147263919701686,0.0008237888024984485,0.0008237888024984485
2021-12-24,1808.4801442444,,1807.152587890625,339825,,0,7.499507729689364,7.500242072202437,-0.0007343425130725834,0.0007343425130725834,-0.07340729495980426,Friday,0,-0.00020456002525026662,0.00011456869290604743,0.00031912871815631405,0.00031912871815631405
2021-12-25,1814.9498874187,,1804.36376953125,344007,,0,7.497963326376355,7.503813136080151,-0.005849809703796005,0.005849809703796005,-0.583273288195632,Saturday,0,0.003571063877713776,-0.0015444033130096457,0.005115467190723422,-0.005115467190723422
2021-12-26,1808.260059622,,1803.6873779296875,371220,,0,7.497588391774908,7.500120368894891,-0.0025319771199834307,0.0025319771199834307,-0.2528774369582851,Sunday,0,-0.003692767185259349,-0.0003749346014467747,0.0033178325838125744,0.0033178325838125744
2021-12-27,1811.6998853919,,1803.4676513671875,450833,,0,7.497466563596753,7.502020846721987,-0.004554283125234093,0.004554283125234093,-0.45439281037055607,Monday,1,0.0019004778270952372,-0.00012182817815542535,0.0020223060052506625,-0.0020223060052506625
2021-12-28,1806.8401184998,,1808.928466796875,2916198,,0,7.500489941659818,7.499334807706953,0.0011551339528645954,0.0011551339528645954,0.11558013770521132,Tuesday,0,-0.0026860390150336144,0.003023378063065074,0.005709417078098689,0.005709417078098689
2021-12-29,1804.1598875359,,1805.08056640625,2127118,,0,7.49836050489898,7.497850326149701,0.0005101787492796106,0.0005101787492796106,0.051030891259169646,Wednesday,0,-0.0014844815572523373,-0.002129436760837322,0.0006449552035849848,-0.0006449552035849848
2021-12-30,1815.6099241965,,1816.665771484375,788207,,0,7.504758106228164,7.504176736637266,0.0005813695908978289,0.0005813695908978289,0.05815386189531907,Thursday,0,0.006326410487565326,0.006397601329183544,7.119084161821831e-05,7.119084161821831e-05
2021-12-31,1829.0898448932,,1825.8294677734375,2943297,,0,7.5097896656509935,7.511573769597303,-0.0017841039463091235,0.0017841039463091235,-0.1782513378916564,Friday,0,0.007397032960036576,0.005031559422829623,0.0023654735372069524,-0.0023654735372069524
2022-01-01,1829.2400733086,,1831.1380615234375,2150059,,0,7.512692944083918,7.51165589910385,0.0010370449800678472,0.0010370449800678472,0.10375828971451789,Saturday,0,8.212950654762352e-05,0.002903278432924594,0.0028211489263769707,0.0028211489263769707
2022-01-02,1829.5700601837,,1829.8076171875,1055451,,0,7.511966113089268,7.511836278442463,0.00012983464680527135,0.00012983464680527135,0.012984307568750245,Sunday,0,0.00018037933861236866,-0.0007268309946502072,0.0009072103332625758,-0.0009072103332625758
2022-01-03,1803.1101125087,,1807.726806640625,4692175,,0,7.499825427013207,7.497268293168071,0.002557133845136228,0.002557133845136228,0.2560406100491387,Monday,1,-0.014567985274391404,-0.012140686076060447,0.0024272991983309566,0.0024272991983309566
2022-01-04,1813.3701229864,,1814.1278076171875,914430,,0,7.50336008443196,7.5029423393876895,0.00041774504427039005,0.00041774504427039005,0.041783231188328274,Tuesday,0,0.005674046219618312,0.0035346574187524737,0.002139388800865838,-0.002139388800865838
2022-01-05,1810.6000129277,,1812.999267578125,2479421,,0,7.5027378067713855,7.5014135681813485,0.0013242385900369413,0.0013242385900369413,0.13251157811191677,Wednesday,0,-0.0015287712063409842,-0.0006222776605744329,0.0009064935457665513,0.0009064935457665513
2022-01-06,1790.889957692,,1793.1246337890625,2966432,,0,7.49171498250504,7.490467958348407,0.0012470241566333584,0.0012470241566333584,0.12478020145594955,Thursday,0,-0.010945609832941905,-0.011022824266345488,7.721443340358292e-05,-7.721443340358292e-05
2022-01-07,1796.6401033427,,1798.92822265625,3374890,,0,7.494946334686669,7.493673590344208,0.0012727443424607188,0.0012727443424607188,0.12735546252657004,Friday,0,0.0032056319958018165,0.003231352181629177,2.5720185827360353e-05,2.5720185827360353e-05
2022-01-08,1797.0349641905,,1799.07763671875,904547,,0,7.495029388505048,7.49389334357285,0.0011360449321982102,0.0011360449321982102,0.11366904756748425,Saturday,0,0.00021975322864165037,8.305381837914183e-05,0.00013669941026250854,-0.00013669941026250854
2022-01-09,1795.4201345955,,1797.714599609375,851077,,0,7.49427147029067,7.492994331805489,0.0012771384851806289,0.0012771384851806289,0.12779543738334548,Sunday,0,-0.0008990117673608466,-0.000757918214378428,0.00014109355298241866,0.00014109355298241866
2022-01-10,1801.4580641279,,1805.5556640625,3163291,,0,7.498623670517817,7.496351651609071,0.002272018908745288,0.002272018908745288,0.2274601899536192,Monday,1,0.003357319803582115,0.004352200227146774,0.0009948804235646591,0.0009948804235646591
2022-01-11,1821.3698777843,,1822.283935546875,3028235,,0,7.507845902971002,7.507344177050495,0.0005017259205066793,0.0005017259205066793,0.050185180600826954,Tuesday,0,0.010992525441423595,0.009222232453184986,0.0017702929882386087,-0.0017702929882386087
2022-01-12,1821.4448538445,,1829.9278564453125,2282773,,0,7.512031822350892,7.507385340856911,0.004646481493980836,0.004646481493980836,0.4657293127984432,Wednesday,0,4.116380641594475e-05,0.004185919379890102,0.004144755573474157,0.004144755573474157
2022-01-13,1821.4999286883,,1824.33642578125,2556934,,0,7.5089715975855995,7.507415577298631,0.0015560202869684403,0.0015560202869684403,0.15572315146850063,Thursday,0,3.0236441720177254e-05,-0.0030602247652922188,0.003090461207012396,-0.003090461207012396
2022-01-14,1817.5301510077,,1819.0958251953125,1195723,,0,7.5060948572819255,7.505233798545287,0.0008610587366382205,0.0008610587366382205,0.08614295541366923,Friday,0,-0.0021817787533437993,-0.002876740303674019,0.0006949615503302198,-0.0006949615503302198
2022-01-15,1817.5301510077,,1819.1673583984375,512092,,0,7.506134180002424,7.505233798545287,0.0009003814571366675,0.0009003814571366675,0.0900786922203098,Saturday,0,0.0,3.9322720498446984e-05,3.9322720498446984e-05,3.9322720498446984e-05
2022-01-16,1817.7828974623,,1820.389892578125,910933,,0,7.506805983818857,7.505372849268918,0.001433134549939652,0.001433134549939652,0.14341619780142076,Sunday,0,0.0001390507236305183,0.0006718038164335027,0.0005327530928029844,0.0005327530928029844
2022-01-17,1818.403994088,,1825.0010986328125,5446748,,0,7.509335868006993,7.505714469020743,0.003621398986249247,0.003621398986249247,0.3627964174221479,Monday,1,0.0003416197518255615,0.0025298841881351564,0.002188264436309595,0.002188264436309595
2022-01-18,1814.3900728187,,1817.445068359375,12089360,,0,7.505186985214683,7.503504642188384,0.0016823430262995487,0.0016823430262995487,0.16837589592457355,Tuesday,0,-0.002209826832359596,-0.004148882792309294,0.0019390559599496981,-0.0019390559599496981
2022-01-19,1839.3879546944,,1842.1546630859375,7069659,,0,7.518691178049333,7.517188161950037,0.0015030160992957065,0.0015030160992957065,0.15041461941057693,Wednesday,0,0.013683519761653606,0.013504192834649764,0.00017932692700384223,-0.00017932692700384223
2022-01-20,1838.5955777364,,1839.7579345703125,2515077,,0,7.517389284649868,7.516757286192561,0.0006319984573064374,0.0006319984573064374,0.06321982104099248,Thursday,0,-0.0004308757574760236,-0.0013018933994652926,0.000871017641989269,-0.000871017641989269
2022-01-21,1834.3299247815,,1835.43310546875,3342817,,0,7.515035757417815,7.514434530193394,0.0006012272244211303,0.0006012272244211303,0.06014079977359404,Friday,0,-0.002322755999167647,-0.0023535272320529543,3.077123288530714e-05,-3.077123288530714e-05
2022-01-22,1834.3699663742,,1836.3023681640625,2846085,,0,7.515509246163284,7.514456358957745,0.001052887205538866,0.001052887205538866,0.1053441685856912,Saturday,0,2.1828764351639052e-05,0.0004734887454693748,0.00045165998111773575,0.00045165998111773575
2022-01-23,1836.5999099331,,1834.8848876953125,1223234,,0,7.514737027019776,7.515671266139401,-0.000934239119625424,0.000934239119625424,-0.09338028541283938,Sunday,0,0.0012149071816560664,-0.0007722191435082237,0.00198712632516429,-0.00198712632516429
2022-01-24,1842.3198934255,,1843.4716796875,3284849,,0,7.51940585530369,7.518780868091774,0.0006249872119159505,0.0006249872119159505,0.06251825571174419,Monday,1,0.0031096019523726426,0.004668828283914017,0.0015592263315413746,0.0015592263315413746
2022-01-25,1848.7500600844,,1850.218505859375,2204393,,0,7.523059022373121,7.522265046525023,0.0007939758480981496,0.0007939758480981496,0.07942911303585917,Tuesday,0,0.0034841784332488857,0.0036531670694310847,0.00016898863618219906,0.00016898863618219906
2022-01-26,1820.2400132077,,1822.0670166015625,3414534,,0,7.507726859032359,7.506723646764892,0.00100321226746658,0.00100321226746658,0.10037156532136937,Wednesday,0,-0.015541399760130581,-0.01533216334076215,0.0002092364193684304,0.0002092364193684304
2022-01-27,1797.8100157075,,1801.43798828125,2272136,,0,7.496340507326051,7.494324545214837,0.0020159621112147974,0.0020159621112147974,0.20179955290338206,Thursday,0,-0.012399101550055747,-0.01138635170630753,0.0010127498437482174,0.0010127498437482174
2022-01-28,1791.6699887214,,1790.889892578125,1471125,,0,7.4904679219900165,7.490903418496119,-0.0004354965061024174,0.0004354965061024174,-0.04354016912632647,Friday,0,-0.0034211267187176375,-0.005872585336034852,0.002451458617317215,-0.002451458617317215
2022-01-29,1791.6699887214,,1791.487060546875,377214,,0,7.490801314026697,7.490903418496119,-0.00010210446942160445,0.00010210446942160445,-0.01020992569370858,Saturday,0,0.0,0.00033339203668081296,0.00033339203668081296,0.00033339203668081296
2022-01-30,1790.1301532029,,1788.9815673828125,605633,,0,7.489401780148101,7.4900436074779995,-0.0006418273298987032,0.0006418273298987032,-0.06416214027970926,Sunday,0,-0.000859811018119494,-0.0013995338785965927,0.0005397228604770987,-0.0005397228604770987
2022-01-31,1797.6600578092,,1803.340576171875,2353069,,0,7.497396099525836,7.494241130309235,0.003154969216600634,0.003154969216600634,0.31599513701148946,Monday,1,0.004197522831235645,0.007994319377734982,0.003796796546499337,0.003796796546499337
2022-02-01,1800.7301240361,,1802.980712890625,429181,,0,7.497196525914058,7.4959474861053925,0.0012490398086653087,0.0012490398086653087,0.12498201837599905,Tuesday,0,0.0017063557961574105,-0.00019957361177791455,0.001905929407935325,-0.001905929407935325
2022-02-02,1798.2800889573,,1807.894287109375,673058,,0,7.499918069723562,7.494585980962437,0.005332088761124787,0.005332088761124787,0.5346329646373176,Wednesday,0,-0.0013615051429551883,0.00272154380950429,0.004083048952459478,0.004083048952459478
2022-02-03,1805.8599432816,,1809.4459228515625,555570,,0,7.500775957424076,7.498792180184331,0.001983777239744633,0.001983777239744633,0.1985746227609502,Thursday,0,0.004206199221894025,0.0008578877005138708,0.003348311521380154,-0.003348311521380154
2022-02-04,1807.5400085424,,1813.351318359375,3872248,,0,7.5029319693455845,7.499722088527867,0.0032098808177174476,0.0032098808177174476,0.32150380016546165,Friday,0,0.0009299083435356792,0.002156011921508494,0.0012261035779728147,0.0012261035779728147
2022-02-05,1808.120122822,,1808.853759765625,272343,,0,7.500448641754748,7.500042978359047,0.000405663395700806,0.000405663395700806,0.04057456882234134,Saturday,0,0.000320889831179727,-0.0024833275908369146,0.0028042174220166416,-0.0028042174220166416
2022-02-06,1809.7100717785,,1809.700927734375,256742,,0,7.500916877311421,7.500921930091625,-5.052780204017893e-06,5.052780204017893e-06,-0.0005052767439116347,Sunday,0,0.000878951732578237,0.0004682355566734131,0.0004107161759048239,-0.0004107161759048239
2022-02-07,1821.3549496596,,1808.8856201171875,706631,,0,7.500466255158156,7.507335980919628,-0.006869725761471379,0.006869725761471379,-0.6846183136759183,Monday,1,0.006414050828002615,-0.00045062215326474586,0.006864672981267361,-0.006864672981267361
2022-02-08,1820.5700751076,,1812.8800048828125,1373548,,0,7.50267202262007,7.506904959106266,-0.004232936486196159,0.004232936486196159,-0.4223990237965932,Tuesday,0,-0.0004310218133616317,0.002205767461913588,0.0026367892752752198,0.0026367892752752198
2022-02-09,1833.5150041117,,1821.697998046875,1048358,,0,7.507524311088424,7.513990170794887,-0.006465859706462851,0.006465859706462851,-0.6445001016258388,Wednesday,0,0.007085211688621307,0.004852288468354615,0.0022329232202666915,-0.0022329232202666915
2022-02-10,1826.5600832327,,1811.4998779296875,838978,,0,7.501910442948813,7.510189740976369,-0.008279298027555448,0.008279298027555448,-0.824511903071838,Thursday,0,-0.0038004298185185803,-0.005613868139611178,0.0018134383210925975,-0.0018134383210925975
2022-02-11,1858.7598985935,,1830.885498046875,1593809,,0,7.512555007518052,7.527664823163548,-0.01510981564549585,0.01510981564549585,-1.4996235160720497,Friday,0,0.01747508218717897,0.010644564569238568,0.0068305176179404015,-0.0068305176179404015
2022-02-12,1858.5001197803,,1854.665771484375,4907681,,0,7.52545978171032,7.527525054187292,-0.0020652724769716357,0.0020652724769716357,-0.20631412691963572,Saturday,0,-0.00013976897625589402,0.01290477419226832,0.013044543168524214,0.013044543168524214
2022-02-13,1859.5400167433,,1856.9627685546875,654167,,0,7.526697511908146,7.528084433296677,-0.0013869213885318032,0.0013869213885318032,-0.13859600575448147,Sunday,0,0.0005593791093856382,0.0012377301978254707,0.0006783510884398325,0.0006783510884398325
2022-02-14,1862.6500481029,,1869.0562744140625,1524972,,0,7.5331889163731045,7.529755509748523,0.003433406624581359,0.003433406624581359,0.34393075165607395,Monday,1,0.001671076451845721,0.006491404464958883,0.004820328013113162,0.004820328013113162
2022-02-15,1853.7900923818,,1854.2723388671875,5064429,,0,7.525247627931013,7.524987520936027,0.0002601069949861312,0.0002601069949861312,0.026014082574363842,Tuesday,0,-0.004767988812496071,-0.007941288442091299,0.0031732996295952276,-0.0031732996295952276
2022-02-16,1869.3800593603,,1866.4066162109375,1496127,,0,7.5317702656060685,7.533362135825378,-0.0015918702193093992,0.0015918702193093992,-0.15906038659575983,Wednesday,0,0.008374614889350873,0.006522637675055343,0.0018519772142955304,-0.0018519772142955304
2022-02-17,1899.8898633846,,1897.4310302734375,4754630,,0,7.548256160927209,7.549551196834717,-0.001295035907507902,0.001295035907507902,-0.12941977103778568,Thursday,0,0.0161890610093387,0.016485895321140198,0.0002968343118014971,0.0002968343118014971
2022-02-18,1898.109843237,,1896.7901611328125,1861754,,0,7.547918347650445,7.548613850644391,-0.0006955029939463842,0.0006955029939463842,-0.0695261187801908,Friday,0,-0.0009373461903257052,-0.00033781327676418726,0.0005995329135615179,0.0005995329135615179
2022-02-19,1898.2298247592,,1897.979248046875,1124782,,0,7.548545045520467,7.5486770596998145,-0.00013201417934727289,0.00013201417934727289,-0.01320054658591274,Saturday,0,6.320905542356314e-05,0.0006266978700226744,0.0005634888145991113,0.0005634888145991113
2022-02-20,1904.1300962614,,1904.59228515625,1827708,,0,7.552023241114469,7.55178054088545,0.00024270022901884403,0.00024270022901884403,0.024272968310172525,Sunday,0,0.003103481185635637,0.003478195594001754,0.0003747144083661169,0.0003747144083661169
2022-02-21,1910.2200401566,,1908.7135009765625,4093934,,0,7.554184734399295,7.554973718675645,-0.0007889842763493249,0.0007889842763493249,-0.07886731100956836,Monday,1,0.003193177790194568,0.002161493284826399,0.001031684505368169,-0.001031684505368169
2022-02-22,1899.309980684,,1906.34130859375,6821003,,0,7.552941138798737,7.549245931131988,0.003695207666748246,0.003695207666748246,0.3702043363778757,Tuesday,0,-0.005727787543656326,-0.0012435956005587556,0.004484191943097571,0.004484191943097571
2022-02-23,1910.9048268118,,1919.4703369140625,6397818,,0,7.559804560773157,7.555332140180501,0.004472420592656512,0.004472420592656512,0.4482436792288334,Wednesday,0,0.006086209048512536,0.0068634219744208025,0.0007772129259082661,0.0007772129259082661
2022-02-24,1911.5199469974,,1910.18115234375,15599808,,0,7.554953360702284,7.555653988340927,-0.000700627638642537,0.000700627638642537,-0.07003822564095927,Thursday,0,0.00032184816042590825,-0.004851200070873141,0.005173048231299049,-0.005173048231299049
2022-02-25,1889.0700297151,,1892.806640625,2074008,,0,7.545816001578598,7.543839939188671,0.0019760623899269802,0.0019760623899269802,0.19780160878755637,Friday,0,-0.011814049152255812,-0.009137359123686295,0.002676690028569517,0.002676690028569517
2022-02-26,1889.6900964932,,1890.4632568359375,948004,,0,7.544577187456282,7.544168124499702,0.00040906295657983094,0.00040906295657983094,0.04091466342403861,Saturday,0,0.0003281853110310706,-0.0012388141223160787,0.0015669994333471493,-0.0015669994333471493
2022-02-27,1913.3999030672,,1913.5626220703125,4681314,,0,7.556722030784563,7.556636992584089,8.503820047423005e-05,8.503820047423005e-05,0.008504181632475393,Sunday,0,0.012468868084386742,0.01214484332828114,0.0003240247561056009,-0.0003240247561056009
2022-02-28,1907.2351346279,,1906.6031494140625,5644209,,0,7.5530784819064625,7.553409898800706,-0.0003314168942436524,0.0003314168942436524,-0.03313619817310697,Monday,1,-0.0032270937833827062,-0.0036435488781005887,0.00041645509471788245,-0.00041645509471788245
2022-03-01,1942.9801390513,,1944.3916015625,1411410,,0,7.572704405866817,7.571978227529675,0.0007261783371426134,0.0007261783371426134,0.07264420684655679,Tuesday,0,0.01856832872896863,0.019625923960354896,0.0010575952313862658,0.0010575952313862658
2022-03-02,1929.4079785265,,1929.4603271484375,1152517,,0,7.564995619557912,7.564968487965023,2.7131592888807177e-05,2.7131592888807177e-05,0.002713196095384929,Wednesday,0,-0.0070097395646513405,-0.007708786308905147,0.0006990467442538062,-0.0006990467442538062
2022-03-03,1935.620113648,,1936.831787109375,780946,,0,7.568808817668732,7.568183026293154,0.0006257913755778333,0.0006257913755778333,0.06259872238522485,Thursday,0,0.0032145383281303452,0.0038131981108193713,0.0005986597826890261,0.0005986597826890261
2022-03-04,1970.0198440099,,1973.6796875,900160,,0,7.58765494112277,7.585798894782773,0.0018560463399968086,0.0018560463399968086,0.18577698601505102,Friday,0,0.017615868489619046,0.018846123454038022,0.0012302549644189753,0.0012302549644189753
2022-03-05,1970.8398477802,,1972.288818359375,1202858,,0,7.586949984052706,7.586215049554202,0.0007349344985039252,0.0007349344985039252,0.07352046290351895,Saturday,0,0.00041615477142897817,-0.0007049570700639052,0.0011211118414928833,-0.0011211118414928833
2022-03-06,1989.2975790248,,1991.11279296875,1190451,,0,7.596448953875312,7.595536880043649,0.0009120738316630295,0.0009120738316630295,0.09124898974842892,Sunday,0,0.009321830489446903,0.009498969822606007,0.00017713933315910424,0.00017713933315910424
2022-03-07,1981.9048126793,,2005.5931396484375,5725010,,0,7.603695126240127,7.5918136878432625,0.011881438396864397,0.011881438396864397,1.1952303066015417,Monday,1,-0.003723192200386194,0.007246172364815173,0.010969364565201367,0.010969364565201367
2022-03-08,2009.3499069872,,2050.015380859375,10847949,,0,7.62560257496254,7.605566519378963,0.02003605558357613,0.02003605558357613,2.0238124644576407,Tuesday,0,0.013752831535700949,0.02190744872241268,0.008154617186711732,0.008154617186711732
2022-03-09,1991.1200030106,,1993.699462890625,4321338,,0,7.597747218445437,7.596452574980464,0.0012946434649725447,0.0012946434649725447,0.12954818775989854,Wednesday,0,-0.009113944398499108,-0.027855356517102692,0.018741412118603584,-0.018741412118603584
2022-03-10,1998.1401311659,,1994.7003173828125,2681352,,0,7.5982491011895625,7.599972092467773,-0.0017229912782106283,0.0017229912782106283,-0.17215077808783594,Thursday,0,0.003519517487308832,0.000501882744125659,0.003017634743183173,-0.003017634743183173
2022-03-11,1987.7400171224,,1990.9588623046875,1895977,,0,7.596371642024865,7.594753602569208,0.0016180394556570832,0.0016180394556570832,0.16193491878013477,Friday,0,-0.005218489898565437,-0.0018774591646977257,0.0033410307338677114,0.0033410307338677114
2022-03-12,1988.1948939974,,1988.4981689453125,1332235,,0,7.595134943825251,7.594982417621342,0.00015252620390882043,0.00015252620390882043,0.015253783662163352,Saturday,0,0.00022881505213412368,-0.001236698199614139,0.0014655132517482627,-0.0014655132517482627
2022-03-13,1974.5098674156,,1981.0126953125,592734,,0,7.5913634552153715,7.588075478139185,0.0032879770761864435,0.0032879770761864435,0.32933884019589516,Sunday,0,-0.006906939482156815,-0.003771488609879192,0.003135450872277623,0.003135450872277623
2022-03-14,1954.1398550536,,1951.0321044921875,2312251,,0,7.576113795891201,7.577705403763867,-0.0015916078726654348,0.0015916078726654348,-0.1590341936568975,Monday,1,-0.010370074375318339,-0.015249659324170217,0.004879584948851878,-0.004879584948851878
2022-03-15,1916.8798716304,,1921.249267578125,1786256,,0,7.560730913631198,7.558454076309252,0.002276837321946168,0.002276837321946168,0.22794312843447198,Tuesday,0,-0.019251327454615108,-0.015382882260003505,0.0038684451946116027,0.0038684451946116027
2022-03-16,1927.279875729,,1922.95068359375,2555158,,0,7.561616099702855,7.563864896959524,-0.002248797256669377,0.002248797256669377,-0.22462706064486027,Wednesday,0,0.005410820650272541,0.0008851860716569959,0.004525634578615545,-0.004525634578615545
2022-03-17,1942.0100269862,,1942.8995361328125,1758032,,0,7.571936742499135,7.571478812064615,0.00045793043452047044,0.00045793043452047044,0.04580353006688028,Thursday,0,0.007613915105090463,0.01032064279628031,0.0027067276911898475,0.0027067276911898475
2022-03-18,1944.2898733995,,1928.1148681640625,1895821,,0,7.564298052319006,7.5726520857353385,-0.008354033416332562,0.008354033416332562,-0.8319235447724828,Friday,0,0.001173273670723951,-0.007638690180129082,0.008811963850853033,-0.008811963850853033
2022-03-19,1920.0801211033,,1923.92724609375,1344089,,0,7.562123816630102,7.560122193892468,0.0020016227376338236,0.0020016227376338236,0.2003627321676286,Saturday,0,-0.012529891842870455,-0.0021742356889040693,0.010355656153966386,0.010355656153966386
2022-03-20,1918.4298955837,,1920.6038818359375,439681,,0,7.560394937359769,7.559262367754673,0.001132569605095668,0.001132569605095668,0.11332112042467936,Sunday,0,-0.0008598261377947836,-0.0017288792703329392,0.0008690531325381556,-0.0008690531325381556
2022-03-21,1936.3948510486,,1936.3968505859375,912566,,0,7.568584231636794,7.568583199029057,1.0326077370947928e-06,1.0326077370947928e-06,0.00010326082701645332,Monday,1,0.009320831274383323,0.00818929427702475,0.0011315369973585732,-0.0011315369973585732
2022-03-22,1920.8601765539,,1921.69091796875,1022872,,0,7.560960763887119,7.560528373317751,0.0004323905693679464,0.0004323905693679464,0.04324840636451033,Tuesday,0,-0.008054825711306002,-0.00762346774967515,0.0004313579616308516,0.0004313579616308516
2022-03-23,1946.8259533704,,1944.634521484375,582101,,0,7.5728293317040345,7.5739556091681575,-0.0011262774641229711,0.0011262774641229711,-0.1125643451707155,Wednesday,0,0.013427235850406838,0.01186856781691592,0.0015586680334909175,-0.0015586680334909175
2022-03-24,1958.8600218217,,1958.7298583984375,819598,,0,7.580051510732071,7.5801179614976135,-6.645076554256946e-05,6.645076554256946e-05,-0.006644855773893053,Thursday,0,0.006162352329456056,0.007222179028036457,0.0010598266985804017,0.0010598266985804017
2022-03-25,1958.1998738528,,1957.193359375,1323101,,0,7.579266766488203,7.579780898499991,-0.000514132011788071,0.000514132011788071,-0.0513999868573003,Friday,0,-0.00033706299762226166,-0.0007847442438677632,0.00044768124624550154,-0.00044768124624550154
2022-03-26,1957.9000582084,,1960.1409912109375,527747,,0,7.5807716839287105,7.579627778993244,0.0011439049354668995,0.0011439049354668995,0.1144559444258929,Saturday,0,-0.0001531195067476787,0.0015049174405072918,0.0016580369472549705,0.0016580369472549705
2022-03-27,1958.0200501253,,1956.6748046875,641330,,0,7.57900178327017,7.579689063142878,-0.0006872798727073359,0.0006872798727073359,-0.06870437499932366,Sunday,0,6.12841496341332e-05,-0.0017699006585401023,0.0018311848081742355,-0.0018311848081742355
2022-03-28,1922.8251069427,,1925.1177978515625,2192019,,0,7.56274243853875,7.56155079342504,0.0011916451137103934,0.0011916451137103934,0.11923554048594592,Monday,1,-0.01813826971783783,-0.0162593447314201,0.0018789249864177293,0.0018789249864177293
2022-03-29,1917.8599751254,,1917.6904296875,2500861,,0,7.558876839751035,7.5589652471085795,-8.840735754489515e-05,8.840735754489515e-05,-0.00884034497299437,Tuesday,0,-0.002585546316460352,-0.0038655987877156406,0.0012800524712552885,-0.0012800524712552885
2022-03-30,1932.0998292797,,1930.9444580078125,641625,,0,7.565764518683828,7.566362684907363,-0.0005981662235345908,0.0005981662235345908,-0.05979873577848816,Wednesday,0,0.007397437798783102,0.006887678932793406,0.0005097588659896957,-0.0005097588659896957
2022-03-31,1936.1901431658,,1936.04931640625,427781,,0,7.568404740862418,7.568477477458944,-7.27365965262905e-05,7.27365965262905e-05,-0.007273395128422051,Thursday,0,0.0021147925515814237,0.002640222178589724,0.0005254296270083003,0.0005254296270083003
2022-04-01,1925.1249598611,,1925.081298828125,1650604,,0,7.562723478987557,7.562746158828607,-2.2679841049644267e-05,2.2679841049644267e-05,-0.00226795838635711,Friday,0,-0.005731318630337157,-0.00568126187486051,5.005675547664623e-05,5.005675547664623e-05
2022-04-02,1924.3499545853,,1923.9251708984375,241244,,0,7.5621227380048905,7.562343503763438,-0.0002207657585477918,0.0002207657585477918,-0.022074139158028167,Saturday,0,-0.00040265506516856675,-0.0006007409826667143,0.00019808591749814752,-0.00019808591749814752
2022-04-03,1923.6299666923,,1923.1732177734375,520276,,0,7.561731818377366,7.561969287724825,-0.00023746934745894066,0.00023746934745894066,-0.023744115384516637,Sunday,0,-0.0003742160386135396,-0.00039091962752468845,1.670358891114887e-05,-1.670358891114887e-05
2022-04-04,1932.0998292797,,1931.823974609375,606550,,0,7.56621990017102,7.566362684907363,-0.00014278473634288247,0.00014278473634288247,-0.014277454308762559,Monday,1,0.004393397182537839,0.0044880817936538975,9.468461111605819e-05,9.468461111605819e-05
2022-04-05,1921.9001288442,,1924.3536376953125,3551390,,0,7.562345417711823,7.56106962608037,0.0012757916314534157,0.0012757916314534157,0.12766057997966707,Tuesday,0,-0.005293058826993047,-0.0038744824591967486,0.0014185763677962981,0.0014185763677962981
2022-04-06,1920.2198574928,,1926.0244140625,3532863,,0,7.5632132683226425,7.560194967576993,0.0030183007456496824,0.0030183007456496824,0.3022860401661996,Wednesday,0,-0.0008746585033767573,0.0008678506108195094,0.0017425091141962668,0.0017425091141962668
2022-04-07,1932.3600551032,,1929.2916259765625,1073720,,0,7.564908181353005,7.566497361333916,-0.0015891799809111262,0.0015891799809111262,-0.15879179030502355,Thursday,0,0.006302393756922875,0.0016949130303620663,0.004607480726560809,-0.004607480726560809
2022-04-08,1947.1201119983,,1942.1397705078125,1982082,,0,7.571545618716482,7.574106694274896,-0.0025610755584137834,0.0025610755584137834,-0.25577988023431386,Friday,0,0.007609332940980096,0.006637437363477439,0.0009718955775026572,-0.0009718955775026572
2022-04-09,1947.2998351027,,1941.3680419921875,615336,,0,7.571148179822037,7.574198992027561,-0.003050812205524167,0.003050812205524167,-0.3046163206910354,Saturday,0,9.229775266561546e-05,-0.0003974388944447682,0.0004897366471103837,-0.0004897366471103837
2022-04-10,1945.35989839,,1941.1087646484375,318203,,0,7.571014616966649,7.573202276667825,-0.002187659701175626,0.002187659701175626,-0.21852685177075362,Sunday,0,-0.0009967153597365552,-0.00013356285538801416,0.0008631525043485411,0.0008631525043485411
2022-04-11,1953.0899054158,,1950.468505859375,4657267,,0,7.575824882115185,7.577167964336222,-0.0013430822210365179,0.0013430822210365179,-0.1342180689765546,Monday,1,0.003965687668396889,0.004810265148535997,0.0008445774801391082,0.0008445774801391082
2022-04-12,1965.3999205585,,1967.4139404296875,5209281,,0,7.584475238765503,7.583451025508309,0.0010242132571933737,0.0010242132571933737,0.1024737942705886,Tuesday,0,0.006283061172087656,0.008650356650317548,0.0023672954782298916,0.0023672954782298916
2022-04-13,1978.7400214614,,1975.7462158203125,2254076,,0,7.588701436770236,7.59021556833293,-0.0015141315626934215,0.0015141315626934215,-0.15129858438282065,Wednesday,0,0.0067645428246203565,0.004226198004733561,0.0025383448198867953,-0.0025383448198867953
2022-04-14,1970.310183962,,1971.0404052734375,2027599,,0,7.586316806827653,7.5859462631253045,0.0003705437023482361,0.0003705437023482361,0.037061236214544845,Thursday,0,-0.004269305207625251,-0.0023846299425835937,0.0018846752650416576,0.0018846752650416576
2022-04-15,1972.3301799061,,1971.8349609375,709286,,0,7.586719840452112,7.586970955176531,-0.00025111472441885496,0.00025111472441885496,-0.025108319775527303,Friday,0,0.0010246920512262392,0.00040303362445914814,0.000621658426767091,-0.000621658426767091
2022-04-16,1974.3999305011,,1973.7984619140625,1021874,,0,7.587715118486444,7.588019798511058,-0.0003046800246142567,0.0003046800246142567,-0.03046336143685257,Saturday,0,0.0010488433345274828,0.000995278034332081,5.356530019540173e-05,-5.356530019540173e-05
2022-04-17,1979.8000995839,,1984.7525634765625,358469,,0,7.593249532191018,7.590751158785686,0.0024983734053316553,0.0024983734053316553,0.2501496940879743,Sunday,0,0.0027313602746277255,0.0055344137045736375,0.002803053429945912,0.002803053429945912
2022-04-18,1976.6400676802,,1979.3818359375,2656227,,0,7.590539870870774,7.589153746747558,0.0013861241232167032,0.0013861241232167032,0.13870852372823594,Monday,1,-0.001597412038128354,-0.002709661320243306,0.0011122492821149521,-0.0011122492821149521
2022-04-19,1948.8500907482,,1952.273193359375,6071376,,0,7.576749712794598,7.574994780565897,0.001754932228701378,0.001754932228701378,0.17564730234641912,Tuesday,0,-0.014158966181661015,-0.01379015807617634,0.0003688081054846748,0.0003688081054846748
2022-04-20,1955.2100482155,,1953.8671875,4046972,,0,7.577565860743052,7.578252908190493,-0.0006870474474407473,0.0006870474474407473,-0.06868114843852839,Wednesday,0,0.0032581276245959856,0.0008161479484538603,0.0024419796761421253,-0.0024419796761421253
2022-04-21,1952.1599771675,,1950.546630859375,4847061,,0,7.575864935792125,7.576691719131006,-0.0008267833388808654,0.0008267833388808654,-0.08264416477106398,Thursday,0,-0.0015611890594868783,-0.0017009249509269964,0.0001397358914401181,-0.0001397358914401181
2022-04-22,1931.5299668182,,1938.8594970703125,5706319,,0,7.569855191075317,7.566067696776663,0.0037874942986535487,0.0037874942986535487,0.37946759191039064,Friday,0,-0.010624022354342344,-0.00600974471680793,0.004614277637534414,0.004614277637534414
2022-04-23,1931.6400319261,,1937.6788330078125,987074,,0,7.569246057875294,7.5661246785341145,0.0031213793411790647,0.0031213793411790647,0.3126255918237044,Saturday,0,5.6981757451168846e-05,-0.0006091332000233152,0.000666114957474484,-0.000666114957474484
2022-04-24,1931.8348219409,,1934.8148193359375,837557,,0,7.567766900282705,7.566225515227678,0.0015413850550274333,0.0015413850550274333,0.15425735995604378,Sunday,0,0.00010083669356308889,-0.0014791575925885425,0.0015799942861516314,-0.0015799942861516314
2022-04-25,1898.7978710678,,1905.0064697265625,14408059,,0,7.552240683736957,7.548976265477777,0.003264418259179891,0.003264418259179891,0.3269752275038612,Monday,1,-0.017249249749900386,-0.015526216545747928,0.0017230332041524576,0.0017230332041524576
2022-04-26,1900.3299732966,,1905.5743408203125,1643018,,0,7.552538733365708,7.549782820231721,0.0027559131339867093,0.0027559131339867093,0.27597141535450564,Tuesday,0,0.0008065547539439777,0.0002980496287507961,0.0005085051251931816,-0.0005085051251931816
2022-04-27,1884.7299182027,,1892.753173828125,6315620,,0,7.545787753816312,7.541539810148564,0.0042479436677487215,0.0042479436677487215,0.425697896973805,Wednesday,0,-0.008243010083157642,-0.00675097954939563,0.0014920305337620121,0.0014920305337620121
2022-04-28,1894.0498801824,,1895.3331298828125,33686333,,0,7.547149896199959,7.546472609292799,0.0006772869071598464,0.0006772869071598464,0.0677516317726975,Thursday,0,0.004932799144235389,0.001362142383646514,0.003570656760588875,-0.003570656760588875
2022-04-29,1896.960159284,,1901.0133056640625,7548725,,0,7.5501423417611795,7.548007967755588,0.0021343740055916882,0.0021343740055916882,0.21366534031966256,Friday,0,0.0015353584627888495,0.0029924455612206913,0.0014570870984318418,0.0014570870984318418
2022-04-30,1896.960159284,,1894.9483642578125,276623,,0,7.546946868732518,7.548007967755588,-0.0010610990230697226,0.0010610990230697226,-0.10605362565689162,Saturday,0,0.0,-0.003195473028661411,0.003195473028661411,-0.003195473028661411
2022-05-01,1898.6900747305,,1901.47802734375,462665,,0,7.5503867718683395,7.54891949303301,0.0014672788353298216,0.0014672788353298216,0.14683558155986154,Sunday,0,0.0009115252774218874,0.0034399031358214316,0.002528377858399544,0.002528377858399544
2022-05-02,1862.3999332516,,1870.737548828125,76996232,,0,7.534088043227039,7.529621221697127,0.0044668215299124014,0.0044668215299124014,0.44768126478442055,Monday,1,-0.01929827133588269,-0.01629872864130011,0.00299954269458258,0.00299954269458258
2022-05-03,1868.8549712477,,1870.2950439453125,8686984,,0,7.5338514749139325,7.533081207466538,0.0007702674473941684,0.0007702674473941684,0.07705641795473925,Tuesday,0,0.003459985769411311,-0.00023656831310692183,0.003696554082518233,-0.003696554082518233
2022-05-04,1887.2400491966,,1889.76171875,1075133,,0,7.54420602537015,7.542870749358649,0.0013352760115017404,0.0013352760115017404,0.13361678894391127,Wednesday,0,0.009789541892110343,0.010354550456217915,0.0005650085641075719,0.0005650085641075719
2022-05-05,1876.850104991,,1876.1866455078125,5838920,,0,7.536996615826103,7.537350174575566,-0.00035355874946318977,0.00035355874946318977,-0.0353496254934414,Thursday,0,-0.0055205747830822105,-0.007209409544047141,0.0016888347609649301,-0.0016888347609649301
2022-05-06,1873.8399759399,,1881.8077392578125,11434512,,0,7.539988157253023,7.535745067444657,0.004243089808365852,0.004243089808365852,0.42521044594088464,Friday,0,-0.0016051071309091114,0.0029915414269199303,0.004596648557829042,0.004596648557829042
2022-05-07,1882.9600961213,,1882.498779296875,155700,,0,7.540355311225963,7.540600336781677,-0.0002450255557135961,0.0002450255557135961,-0.024499553940376968,Saturday,0,0.004855269337019408,0.00036715397293995977,0.004488115364079448,-0.004488115364079448
2022-05-08,1880.6901455786,,1879.50341796875,801007,,0,7.538762881554721,7.53939408717177,-0.000631205617048991,0.000631205617048991,-0.06310064486912036,Sunday,0,-0.0012062496099067843,-0.0015924296712421793,0.00038618006133539495,-0.00038618006133539495
2022-05-09,1854.5949351383,,1851.029541015625,2523041,,0,7.523497271935949,7.525421587389841,-0.0019243154538921559,0.0019243154538921559,-0.19224651459586845,Monday,1,-0.013972499781928605,-0.01526560961877177,0.0012931098368431648,-0.0012931098368431648
2022-05-10,1838.3998714591,,1835.96484375,1852266,,0,7.515325422712792,7.516650837174504,-0.0013254144617125263,0.0013254144617125263,-0.13245364879009752,Tuesday,0,-0.00877075021533713,-0.008171849223157501,0.0005989009921796296,0.0005989009921796296
2022-05-11,1853.3599376975,,1850.2451171875,7881273,,0,7.523073405072608,7.52475545334624,-0.0016820482736328302,0.0016820482736328302,-0.16806344232679016,Wednesday,0,0.00810461617173619,0.007747982359815886,0.00035663381192030386,-0.00035663381192030386
2022-05-12,1820.7000118163,,1821.0196533203125,16193341,,0,7.507151872267014,7.506976327999896,0.00017554426711807736,0.00017554426711807736,0.01755596759147505,Thursday,0,-0.01777912534634485,-0.01592153280559394,0.0018575925407509075,0.0018575925407509075
2022-05-13,1811.4501401066,,1805.471435546875,1624746,,0,7.498577019793069,7.5018829858639275,-0.003305966070858979,0.003305966070858979,-0.33005073820983777,Friday,0,-0.005093342135968015,-0.008574852473945072,0.0034815103379770562,-0.0034815103379770562
2022-05-14,1811.3198798153,,1808.4569091796875,319584,,0,7.500229224279253,7.501811073879098,-0.0015818495998454196,0.0015818495998454196,-0.15805991352032706,Saturday,0,-7.191198482914274e-05,0.0016522044861844165,0.0017241164710135592,0.0017241164710135592
2022-05-15,1811.6700173504,,1810.7115478515625,720483,,0,7.501475167368287,7.502004360388931,-0.0005291930206432482,0.0005291930206432482,-0.052905302271288306,Sunday,0,0.0001932865098321912,0.0012459430890343626,0.0010526565792021714,0.0010526565792021714
2022-05-16,1827.4650081569,,1826.544921875,426979,,0,7.510181440444257,7.510685044057255,-0.0005036036129979493,0.0005036036129979493,-0.05034768259820035,Monday,1,0.00868068366832464,0.00870627307596994,2.5589407645298934e-05,2.5589407645298934e-05
2022-05-17,1813.9398374202,,1815.5411376953125,431630,,0,7.5041388497523505,7.503256464425088,0.0008823853272623694,0.0008823853272623694,0.08827747437256739,Tuesday,0,-0.007428579632167143,-0.006042590691906824,0.0013859889402603187,0.0013859889402603187
2022-05-18,1816.8898443307,,1815.6312255859375,413124,,0,7.504188468928546,7.504881441534019,-0.0006929726054734076,0.0006929726054734076,-0.06927325554104737,Wednesday,0,0.0016249771089311693,4.9619176195392356e-05,0.001575357932735777,-0.001575357932735777
2022-05-19,1844.0899406922,,1846.5479736328125,453544,,0,7.521073214801486,7.519741177705939,0.0013320370955476335,0.0013320370955476335,0.13329246510015455,Thursday,0,0.01485973617191938,0.01688474587294042,0.002025009701021041,0.002025009701021041
2022-05-20,1846.6449969032,,1839.5675048828125,5175633,,0,7.517285771279929,7.521125756475417,-0.003839985195488005,0.003839985195488005,-0.3832621880359487,Friday,0,0.001384578769478395,-0.0037874435215572433,0.005172022291035638,-0.005172022291035638
2022-05-21,1846.6149885307,,1844.6597900390625,162252,,0,7.520050143828876,7.5211095061314825,-0.0010593623026062815,0.0010593623026062815,-0.10588013764543155,Saturday,0,-1.6250343934487432e-05,0.002764372548947236,0.0027806228928817234,0.0027806228928817234
2022-05-22,1846.3398435892,,1849.3135986328125,192200,,0,7.522569821458491,7.520960495404562,0.001609326053928939,0.001609326053928939,0.16106217140565435,Sunday,0,-0.00014901072692019568,0.0025196776296150247,0.0026686883565352204,0.0026686883565352204
2022-05-23,1854.3899622613,,1849.9383544921875,2521920,,0,7.522907595621069,7.525311059640132,-0.0024034640190633283,0.0024034640190633283,-0.24005780120186496,Monday,1,0.004350564235569898,0.00033777416257763093,0.004012790072992267,-0.004012790072992267
2022-05-24,1866.6498917063,,1863.6646728515625,3661063,,0,7.530300082523352,7.53190060142884,-0.0016005189054881797,0.0016005189054881797,-0.15992387581629927,Tuesday,0,0.006589541788708075,0.007392486902283224,0.0008029451135751486,0.0008029451135751486
2022-05-25,1853.2599862451,,1852.07763671875,4843637,,0,7.524063334801973,7.524701522026344,-0.0006381872243714781,0.0006381872243714781,-0.06379836262183297,Wednesday,0,-0.007199079402496089,-0.006236747721379388,0.0009623316811167015,0.0009623316811167015
2022-05-26,1852.1680924039,,1848.301025390625,692264,,0,7.522022131463477,7.524112173724541,-0.002090042261063907,0.002090042261063907,-0.2087859643589846,Thursday,0,-0.0005893483018031276,-0.0020412033384955564,0.0014518550366924288,-0.0014518550366924288
2022-05-27,1852.8901565952,,1854.3509521484375,848122,,0,7.525290022790288,7.524501945842502,0.0007880769477859317,0.0007880769477859317,0.07883875620137706,Friday,0,0.00038977211796087374,0.0032678913268107124,0.0028781192088498386,0.0028781192088498386
2022-05-28,1852.8901565952,,1855.4371337890625,287287,,0,7.525875598918358,7.524501945842502,0.0013736530758556853,0.0013736530758556853,0.13745969693868043,Saturday,0,0.0,0.0005855761280697536,0.0005855761280697536,0.0005855761280697536
2022-05-29,1850.019989466,,1861.3709716796875,1339474,,0,7.529068576744271,7.5229517231307526,0.006116853613518103,0.006116853613518103,0.6135599765580879,Sunday,0,-0.0015502227117494272,0.0031929778259129904,0.0047432005376624176,0.0047432005376624176
2022-05-30,1852.8499890033,,1862.8936767578125,826772,,0,7.529886297989517,7.524480267262611,0.0054060307269061525,0.0054060307269061525,0.5420669678669107,Monday,1,0.0015285441318582116,0.0008177212452462612,0.0007108228866119504,-0.0007108228866119504
2022-05-31,1837.7650424744,,1843.118408203125,1442900,,0,7.519214203138934,7.516305461487682,0.0029087416512521003,0.0029087416512521003,0.29129761449359154,Tuesday,0,-0.008174805774928906,-0.010672094850582958,0.0024972890756540522,-0.0024972890756540522
2022-06-01,1846.9198916966,,1850.042724609375,520365,,0,7.522964012189146,7.521274607139855,0.0016894050492908264,0.0016894050492908264,0.16908328979587586,Wednesday,0,0.00496914565217299,0.0037498090502117165,0.001219336601961274,-0.001219336601961274
2022-06-02,1869.1798412692,,1875.3126220703125,892255,,0,7.536530656277147,7.533255026084401,0.0032756301927463483,0.0032756301927463483,0.32810009319104133,Thursday,0,0.011980418944546045,0.013566644088001567,0.001586225143455522,0.001586225143455522
2022-06-03,1851.1600664789,,1852.2823486328125,3231475,,0,7.524173859651113,7.523567784512109,0.0006060751390037922,0.0006060751390037922,0.060625883965137774,Friday,0,-0.009687241572291505,-0.012356796626034061,0.002669555053742556,-0.002669555053742556
2022-06-04,1850.5999552525,,1849.404541015625,962071,,0,7.52261899653991,7.523265165634934,-0.0006461690950239074,0.0006461690950239074,-0.06459603727332103,Saturday,0,-0.0003026188771757532,-0.0015548631112034528,0.0012522442340276996,-0.0012522442340276996
2022-06-05,1852.1001704673,,1846.5157470703125,91229,,0,7.521055762320328,7.524075501468761,-0.0030197391484323433,0.0030197391484323433,-0.3015184322119256,Sunday,0,0.0008103358338269473,-0.0015632342195814886,0.002373570053408436,-0.002373570053408436
2022-06-06,1839.4498720479,,1839.409423828125,1120879,,0,7.51719983377184,7.517221823316166,-2.1989544325862198e-05,2.1989544325862198e-05,-0.0021989302557080333,Monday,1,-0.006853678152594966,-0.0038559285484884853,0.002997749604106481,0.002997749604106481
2022-06-07,1851.7218884082,,1854.1593017578125,19290347,,0,7.525186665712823,7.523871235683632,0.0013154300291908783,0.0013154300291908783,0.1316295586756755,Tuesday,0,0.006649412367466745,0.007986831940983485,0.0013374195735167405,0.0013374195735167405
2022-06-08,1854.0299937556,,1854.1739501953125,107720,,0,7.525194565993895,7.525116923856644,7.764213725103275e-05,7.764213725103275e-05,0.0077645151479457135,Wednesday,0,0.0012456881730118496,7.900281072004134e-06,0.0012377878919398455,-0.0012377878919398455
2022-06-09,1846.4898504916,,1847.8056640625,990140,,0,7.5217540865325745,7.521041737657744,0.0007123488748304041,0.0007123488748304041,0.07126026555465091,Thursday,0,-0.004075186198900127,-0.0034404794613207557,0.0006347067375793713,0.0006347067375793713
2022-06-10,1871.2200186112,,1870.4808349609375,5203720,,0,7.533950807791277,7.534345913487219,-0.0003951056959419219,0.0003951056959419219,-0.03950276519653151,Friday,0,0.013304175829475184,0.012196721258702858,0.001107454570772326,-0.001107454570772326
2022-06-11,1871.2200186112,,1874.4385986328125,175939,,0,7.5360644795086715,7.534345913487219,0.0017185660214522613,0.0017185660214522613,0.17200436023559224,Saturday,0,0.0,0.0021136717173941832,0.0021136717173941832,0.0021136717173941832
2022-06-12,1875.8650082519,,1873.43115234375,540331,,0,7.535526869409994,7.536825169755323,-0.0012983003453292952,0.0012983003453292952,-0.12974579180503473,Sunday,0,0.0024792562681037467,-0.0005376100986778098,0.0030168663667815565,-0.0030168663667815565
2022-06-13,1820.7199017248,,1820.8216552734375,2586507,,0,7.507043137135363,7.5069872522596475,5.5884875715506155e-05,5.5884875715506155e-05,0.005588643730493428,Monday,1,-0.029837917495675548,-0.028483732274630746,0.0013541852210448013,0.0013541852210448013
2022-06-14,1809.6599648926,,1823.2308349609375,32625873,,0,7.508365390338337,7.500894241910867,0.007471148427470098,0.007471148427470098,0.749912709106255,Tuesday,0,-0.006093010348780403,0.0013222532029741885,0.007415263551754592,0.007415263551754592
2022-06-15,1833.3499557063,,1837.9019775390625,21750276,,0,7.516379970448358,7.513900149260241,0.0024798211881167376,0.0024798211881167376,0.2482898487871482,Wednesday,0,0.013005907349374013,0.008014580110020653,0.00499132723935336,-0.00499132723935336
2022-06-16,1851.484983531,,1853.8636474609375,390608,,0,7.525027198362404,7.523743289886535,0.0012839084758695662,0.0012839084758695662,0.12847330392068368,Thursday,0,0.009843140626293767,0.008647227914046596,0.0011959127122471713,-0.0011959127122471713
2022-06-17,1839.4200970625,,1840.825927734375,100281,,0,7.51796962365802,7.517205636288273,0.0007639873697469213,0.0007639873697469213,0.07642792824326035,Friday,0,-0.006537653598261528,-0.007057574704384173,0.000519921106122645,-0.000519921106122645
2022-06-18,1839.4200970625,,1841.6463623046875,462145,,0,7.518415212664138,7.517205636288273,0.0012095763758646072,0.0012095763758646072,0.12103082084091708,Saturday,0,0.0,0.0004455890061176859,0.0004455890061176859,0.0004455890061176859
2022-06-19,1838.4600323385,,1839.824462890625,292325,,0,7.517425445449184,7.516683561227625,0.0007418842215587418,0.0007418842215587418,0.07421594857242811,Sunday,0,-0.000522075060648497,-0.0009897672149543624,0.0004676921543058654,-0.0004676921543058654
2022-06-20,1837.2700518735,,1837.993896484375,303237,,0,7.516429982172564,7.516036081418548,0.0003939007540161299,0.0003939007540161299,0.039397834310575634,Monday,1,-0.0006474798090767564,-0.0009954632766193683,0.0003479834675426119,-0.0003479834675426119
2022-06-21,1830.8600245262,,1832.4166259765625,421952,,0,7.513390935305065,7.512541094196923,0.0008498411081419022,0.0008498411081419022,0.08502023254154975,Tuesday,0,-0.003494987221625223,-0.003039046867499451,0.0004559403541257723,0.0004559403541257723
2022-06-22,1837.3500561586,,1836.7791748046875,492412,,0,7.515768868302202,7.516079625666802,-0.0003107573646001782,0.0003107573646001782,-0.031070908453123665,Wednesday,0,0.00353853146987948,0.0023779329971373997,0.0011605984727420804,-0.0011605984727420804
2022-06-23,1823.9750947145,,1826.0474853515625,94979,,0,7.509909065938124,7.5087735163275156,0.0011355496106082441,0.0011355496106082441,0.11361945911804294,Thursday,0,-0.00730610933928677,-0.005859802364078348,0.0014463069752084223,0.0014463069752084223
2022-06-24,1827.2299285644,,1827.2904052734375,180377,,0,7.51058949572975,7.510556398795806,3.309693394371038e-05,3.309693394371038e-05,0.0033097481653508866,Friday,0,0.0017828824682908362,0.0006804297916263025,0.0011024526766645337,-0.0011024526766645337
2022-06-25,1827.2299285644,,1832.30419921875,408596,,0,7.513329579058185,7.510556398795806,0.002773180262378716,0.002773180262378716,0.27770290837653944,Saturday,0,0.0,0.0027400833284350057,0.0027400833284350057,0.0027400833284350057
2022-06-26,1831.0179196231,,1835.387451171875,382970,,0,7.515010883253484,7.512627331422415,0.002383551831068864,0.002383551831068864,0.2386394749033636,Sunday,0,0.0020709326266086237,0.0016813041952987717,0.0003896284313098519,-0.0003896284313098519
2022-06-27,1822.8499712445,,1826.4361572265625,109733,,0,7.510121892011832,7.50815647356547,0.0019654184463622215,0.0019654184463622215,0.19673511471786786,Monday,1,-0.00447085785694501,-0.004888991241651652,0.00041813338470664263,-0.00041813338470664263
2022-06-28,1818.6199402583,,1825.5045166015625,379002,,0,7.509611675264947,7.505833217851904,0.003778457413043057,0.003778457413043057,0.3785604782428994,Tuesday,0,-0.0023232557135663967,-0.0005102167468855612,0.0018130389666808355,0.0018130389666808355
2022-06-29,1818.4198658734,,1825.2108154296875,336242,,0,7.509450774649151,7.505723197398036,0.003727577251114944,0.003727577251114944,0.3734533307589909,Wednesday,0,-0.00011002045386732107,-0.00016090061579543402,5.0880161928112955e-05,-5.0880161928112955e-05
2022-06-30,1805.7999404808,,1821.8809814453125,528167,,0,7.50762475265954,7.49875895291336,0.008865799746179626,0.008865799746179626,0.8905217352167449,Thursday,0,-0.00696424448467603,-0.0018260219896113483,0.0051382224950646815,0.0051382224950646815
2022-07-01,1810.5200266146,,1842.16748046875,6045511,,0,7.518698135846352,7.501369390516848,0.017328745329503903,0.017328745329503903,1.747975906862843,Friday,0,0.0026104376034874477,0.011073383186811725,0.008462945583324277,0.008462945583324277
2022-07-02,1810.5200266146,,1817.0692138671875,633285,,0,7.504980160057679,7.501369390516848,0.0036107695408311713,0.0036107695408311713,0.361729622225358,Saturday,0,0.0,-0.013717975788672732,0.013717975788672732,-0.013717975788672732
2022-07-03,1809.6999191788,,1813.9593505859375,125948,,0,7.503267221706218,7.500916320006156,0.0023509017000620247,0.0023509017000620247,0.2353667236206961,Sunday,0,-0.0004530705106917665,-0.0017129383514609131,0.0012598678407691466,-0.0012598678407691466
2022-07-04,1808.789923159,,1815.56396484375,1183958,,0,7.504151422865931,7.5004133499392855,0.0037380729266454082,0.0037380729266454082,0.3745068234855807,Monday,1,-0.0005029700668703896,0.000884201159712994,0.0013871712265833835,0.0013871712265833835
2022-07-05,1767.7501560923,,1799.939697265625,4865801,,0,7.49550844180397,7.477462918784332,0.018045523019638132,0.018045523019638132,1.8209327297971614,Tuesday,0,-0.02295043115495332,-0.008642981061960597,0.014307450092992724,0.014307450092992724
2022-07-06,1739.6550542372,,1774.8685302734375,9995102,,0,7.481481631714803,7.461442127864234,0.020039503850568963,0.020039503850568963,2.0241642704092224,Wednesday,0,-0.01602079092009845,-0.014026810089167618,0.0019939808309308305,0.0019939808309308305
2022-07-07,1739.879944804,,1744.4910888671875,3606517,,0,7.464218152483767,7.461571392589075,0.0026467598946915416,0.0026467598946915416,0.26502656559484733,Thursday,0,0.00012926472484142693,-0.017263479231035994,0.01739274395587742,-0.01739274395587742
2022-07-08,1742.4301429263,,1744.0953369140625,399779,,0,7.463991268636545,7.463036051688322,0.0009552169482232031,0.0009552169482232031,0.09556733132301437,Friday,0,0.0014646590992466457,-0.00022688384722169275,0.0016915429464683385,-0.0016915429464683385
2022-07-09,1741.8999041607,,1745.2415771484375,156168,,0,7.464648264681259,7.462731695463436,0.0019165692178226834,0.0019165692178226834,0.19184070105035855,Saturday,0,-0.0003043562248858933,0.000656996044713587,0.0009613522695994803,0.0009613522695994803
2022-07-10,1743.9650090861,,1747.65673828125,232624,,0,7.466031162950608,7.463916540670229,0.0021146222803789527,0.0021146222803789527,0.2116859670874099,Sunday,0,0.0011848452067928505,0.0013828982693491199,0.0001980530625562693,0.0001980530625562693
2022-07-11,1733.9400736439,,1733.02783203125,979939,,0,7.457625349616218,7.458151597137697,-0.0005262475214786733,0.0005262475214786733,-0.052610907753741526,Monday,1,-0.005764943532532207,-0.008405813334389833,0.002640869801857626,-0.002640869801857626
2022-07-12,1726.0601072815,,1729.77197265625,1117469,,0,7.455744871091274,7.453596695649699,0.0021481754415750842,0.0021481754415750842,0.21504844235095016,Tuesday,0,-0.004554901487997753,-0.001880478524943996,0.0026744229630537575,0.0026744229630537575
2022-07-13,1732.4489066168,,1739.2215576171875,536277,,0,7.461192911424203,7.457291239498912,0.003901671925291339,0.003901671925291339,0.3909293356081342,Wednesday,0,0.0036945438492130833,0.005448040332929338,0.0017534964837162548,0.0017534964837162548
2022-07-14,1711.0179632932,,1717.482666015625,575297,,0,7.448614931478253,7.44484377254731,0.0037711589309425975,0.0037711589309425975,0.37782786978942157,Thursday,0,-0.012447466951601704,-0.012577979945950446,0.00013051299434874153,-0.00013051299434874153
2022-07-15,1707.21996983,,1717.9229736328125,171165,,0,7.448871266633855,7.442621577895897,0.006249688737957726,0.006249688737957726,0.6269258790288279,Friday,0,-0.0022221946514129343,0.0002563351556021942,0.0024785298070151285,0.0024785298070151285
2022-07-16,1707.6750601742,,1725.6805419921875,739337,,0,7.453376768760973,7.442888110449839,0.010488658311134103,0.010488658311134103,1.0543857106017969,Saturday,0,0.00026653255394126774,0.004505502127117644,0.004238969573176377,0.004238969573176377
2022-07-17,1709.669996078,,1716.431884765625,169429,,0,7.448002929480382,7.444055646123045,0.00394728335733685,0.00394728335733685,0.3955084140879176,Sunday,0,0.001167535673206821,-0.005373839280590431,0.006541374953797252,-0.006541374953797252
2022-07-18,1708.4998551192,,1717.7998046875,183430,,0,7.44879956763291,7.443370986755343,0.005428580877566702,0.005428580877566702,0.5443342321882235,Monday,1,-0.0006846593677023449,0.0007966381525275068,0.0014812975202298517,0.0014812975202298517
2022-07-19,1710.4499081916,,1717.2154541015625,1408291,,0,7.448459335903179,7.444511719096478,0.003947616806700971,0.003947616806700971,0.39554189091194086,Tuesday,0,0.0011407323411347647,-0.0003402317297309665,0.0014809640708657312,-0.0014809640708657312
2022-07-20,1695.5049451097,,1695.3026123046875,1094216,,0,7.4356165362127,7.435735878169933,-0.00011934195723384278,0.00011934195723384278,-0.011933483626577309,Wednesday,0,-0.008775840926544376,-0.01284279969047919,0.004066958763934814,-0.004066958763934814
2022-07-21,1718.1900311302,,1720.1707763671875,913479,,0,7.450178853464288,7.449026708260806,0.0011521452034815027,0.0011521452034815027,0.11528091777395857,Thursday,0,0.013290830090872952,0.014562317251588297,0.0012714871607153455,0.0012714871607153455
2022-07-22,1727.659974403,,1723.7794189453125,882451,,0,7.452274495790193,7.454523155929105,-0.0022486601389122285,0.0022486601389122285,-0.22461337966855546,Friday,0,0.005496447668298821,0.0020956423259050894,0.0034008053423937312,-0.0034008053423937312
2022-07-23,1727.0399536877,,1728.0009765625,717004,,0,7.454720514504177,7.45416421261428,0.0005563018898966376,0.0005563018898966376,0.05564566544901824,Saturday,0,-0.0003589433148247778,0.0024460187139840883,0.002804962028808866,0.002804962028808866
2022-07-24,1724.390048752,,1727.784912109375,182424,,0,7.4545954694577725,7.452628672009657,0.001966797448115898,0.001966797448115898,0.19687328628647532,Sunday,0,-0.0015355406046237974,-0.00012504504640453717,0.0014104955582192602,0.0014104955582192602
2022-07-25,1718.9150964234,,1717.685791015625,208458,,0,7.448733193509811,7.4494486129026765,-0.0007154193928657904,0.0007154193928657904,-0.07151635414296069,Monday,1,-0.00318005910698016,-0.005862275947961848,0.0026822168409816882,-0.0026822168409816882
2022-07-26,1718.1498824614,,1721.043701171875,113870,,0,7.4506861887839015,7.449003341149397,0.0016828476345045473,0.0016828476345045473,0.16842644172168147,Tuesday,0,-0.00044527175327946367,0.001952995274090874,0.0023982670273703377,0.0023982670273703377
2022-07-27,1738.1449821493,,1738.043701171875,496343,,0,7.460515450026984,7.46057372130434,-5.827127735624771e-05,5.827127735624771e-05,-0.0058269579617984575,Wednesday,0,0.011570380154942939,0.009829261243082144,0.001741118911860795,-0.001741118911860795
2022-07-28,1755.1588506518,,1745.4022216796875,489074,,0,7.464740307605499,7.4703146449958036,-0.005574337390304329,0.005574337390304329,-0.5558829600232109,Thursday,0,0.009740923691463621,0.0042248575785155396,0.0055160661129480815,-0.0055160661129480815
2022-07-29,1766.269862367,,1756.9417724609375,304168,,0,7.471329947319753,7.476625179436994,-0.005295232117240367,0.005295232117240367,-0.5281237088856795,Friday,0,0.006310534441190008,0.00658963971425397,0.00027910527306396204,0.00027910527306396204
2022-07-30,1766.269862367,,1763.2939453125,331953,,0,7.474938898682865,7.476625179436994,-0.0016862807541286884,0.0016862807541286884,-0.16848597815692917,Saturday,0,0.0,0.0036089513631116787,0.0036089513631116787,0.0036089513631116787
2022-07-31,1762.4800773658,,1753.7659912109375,363565,,0,7.469520749670716,7.4744772310002965,-0.004956481329580598,0.004956481329580598,-0.4944218244944153,Sunday,0,-0.002147948436697078,-0.005418149012148987,0.0032702005754519092,-0.0032702005754519092
2022-08-01,1771.8498768299,,1764.6639404296875,368183,,0,7.475715549215791,7.4797794079541635,-0.004063858738372339,0.004063858738372339,-0.4055612438831012,Monday,1,0.005302176953867033,0.006194799545075291,0.0008926225912082586,0.0008926225912082586
2022-08-02,1757.5801355481,,1749.7601318359375,534491,,0,7.467233990000627,7.471693218974272,-0.004459228973645146,0.004459228973645146,-0.44493013740872334,Tuesday,0,-0.008086188979891773,-0.00848155921516458,0.00039537023527280724,-0.00039537023527280724
2022-08-03,1764.0999658999,,1756.35205078125,226277,,0,7.470994238600303,7.475395904972333,-0.0044016663720301,0.0044016663720301,-0.43919932364477676,Wednesday,0,0.003702685998061561,0.0037602485996766077,5.756260161504656e-05,5.756260161504656e-05
2022-08-04,1792.7399053505,,1781.4354248046875,336093,,0,7.4851747367350905,7.491500401928535,-0.006325665193444685,0.006325665193444685,-0.630570029264921,Thursday,0,0.016104496956201864,0.014180498134787278,0.0019239988214145853,-0.0019239988214145853
2022-08-05,1774.8799116252,,1766.1961669921875,152494,,0,7.4765834548320225,7.481488044198362,-0.004904589366339529,0.004904589366339529,-0.48925815071404705,Friday,0,-0.010012357730173171,-0.008591281903068015,0.001421075827105156,0.001421075827105156
2022-08-06,1775.5599849859,,1767.505859375,115019,,0,7.4773247128288824,7.481871136653845,-0.004546423824962176,0.004546423824962176,-0.4536104484785364,Saturday,0,0.0003830924554826254,0.0007412579968599786,0.00035816554137735324,0.00035816554137735324
2022-08-07,1774.6301360236,,1769.5533447265625,136228,,0,7.478482446110747,7.481347306125412,-0.002864860014664572,0.002864860014664572,-0.2860760219260698,Sunday,0,-0.000523830528432967,0.0011577332818646369,0.0016815638102976038,0.0016815638102976038
2022-08-08,1789.2198786623,,1781.4822998046875,86536,,0,7.485201049439243,7.489534981860432,-0.004333932421189068,0.004333932421189068,-0.4324554488740377,Monday,1,0.008187675735020328,0.006718603328495831,0.0014690724065244964,-0.0014690724065244964
2022-08-09,1793.7898636164,,1787.4305419921875,102813,,0,7.488534416186437,7.492085902879889,-0.0035514866934525102,0.0035514866934525102,-0.3545187623812123,Tuesday,0,0.0025509210194574194,0.0033333667471939776,0.0007824457277365582,0.0007824457277365582
2022-08-10,1791.2101021384,,1788.6568603515625,217878,,0,7.489220259830327,7.490646705140459,-0.0014264453101322516,0.0014264453101322516,-0.14254284205908913,Wednesday,0,-0.0014391977394305755,0.0006858436438896831,0.0021250413833202586,0.0021250413833202586
2022-08-11,1787.6401487531,,1783.1168212890625,228844,,0,7.486118135228364,7.488651676391498,-0.002533541163134423,0.002533541163134423,-0.2530334456401959,Thursday,0,-0.0019950287489605145,-0.003102124601962686,0.0011070958530021713,-0.0011070958530021713
2022-08-12,1801.5998927688,,1786.9322509765625,195166,,0,7.488255602284371,7.496430378425387,-0.008174776141015805,0.008174776141015805,-0.8141453522011128,Friday,0,0.007778702033888862,0.0021374670560074804,0.005641234977881382,-0.005641234977881382
2022-08-13,1802.2850090258,,1790.7926025390625,387574,,0,7.490413595544711,7.496810588273328,-0.006396992728617157,0.006396992728617157,-0.6376575530054259,Saturday,0,0.00038020984794062684,0.002157993260339275,0.001777783412398648,0.001777783412398648
2022-08-14,1800.0400328903,,1792.6290283203125,239325,,0,7.491438552209706,7.495564184131551,-0.004125631921844786,0.004125631921844786,-0.4117133194025511,Sunday,0,-0.0012464041417770133,0.0010249566649953579,0.002271360806772371,0.002271360806772371
2022-08-15,1779.229945721,,1775.0908203125,251352,,0,7.481606866973801,7.483935934917883,-0.0023290679440819417,0.0023290679440819417,-0.23263577698062055,Monday,1,-0.011628249213667452,-0.009831685235904608,0.001796563977762844,0.001796563977762844
2022-08-16,1775.3998466765,,1770.2608642578125,121041,,0,7.478882195644989,7.48178094227424,-0.0028987466292509367,0.0028987466292509367,-0.28945493198658623,Tuesday,0,-0.002154992643643716,-0.002724671328812711,0.000569678685168995,-0.000569678685168995
2022-08-17,1763.7300209073,,1760.3663330078125,180185,,0,7.473277210127731,7.475186175481207,-0.0019089653534765105,0.0019089653534765105,-0.1907144437988988,Wednesday,0,-0.006594766793032392,-0.0056049855172579655,0.0009897812757744262,0.0009897812757744262
2022-08-18,1758.1799321343,,1750.9920654296875,163592,,0,7.4679378008248065,7.472034423482243,-0.004096622657436377,0.004096622657436377,-0.4088242945582396,Thursday,0,-0.003151751998964336,-0.005339409302924203,0.002187657303959867,-0.002187657303959867
2022-08-19,1747.0401209511,,1741.4720458984375,716914,,0,7.462486037939319,7.465678275497769,-0.003192237558449662,0.003192237558449662,-0.31871477854963687,Friday,0,-0.0063561479844738145,-0.005451762885487099,0.0009043850989867153,0.0009043850989867153
2022-08-20,1746.310046871,,1741.934326171875,123312,,0,7.46275145645601,7.465260296162371,-0.0025088397063610657,0.0025088397063610657,-0.25056951982640546,Saturday,0,-0.00041797933539822196,0.0002654185166903744,0.0006833978520885964,0.0006833978520885964
2022-08-21,1746.5781477574,,1740.7237548828125,167997,,0,7.462056256806981,7.465413808597919,-0.003357551790938551,0.003357551790938551,-0.33519215169985916,Sunday,0,0.00015351243554828642,-0.000695199649029199,0.0008487120845774854,-0.0008487120845774854
2022-08-22,1735.2350584115,,1730.6351318359375,604589,,0,7.456243748345612,7.458898163556775,-0.0026544152111629415,0.0026544152111629415,-0.2650895366172118,Monday,1,-0.0065156450411443245,-0.005812508461368715,0.0007031365797756095,0.0007031365797756095
2022-08-23,1745.6948546342,,1740.61669921875,134282,,0,7.461994754253291,7.464907952875053,-0.002913198621762092,0.002913198621762092,-0.29089593762445687,Tuesday,0,0.006009789318278003,0.005751005907678852,0.00025878341059915044,-0.00025878341059915044
2022-08-24,1752.3449441957,,1745.51416015625,239478,,0,7.464804438890444,7.46871013807329,-0.003905699182846334,0.003905699182846334,-0.3898081860010294,Wednesday,0,0.0038021851982374955,0.0028096846371532536,0.000992500561084242,-0.000992500561084242
2022-08-25,1756.5900231308,,1750.734375,501357,,0,7.4677906217492644,7.4711297218191595,-0.003339100069895018,0.003339100069895018,-0.3333531475012861,Thursday,0,0.002419583745869147,0.002986182858820463,0.0005665991129513159,0.0005665991129513159
2022-08-26,1737.954972715,,1731.477294921875,200070,,0,7.456730250803498,7.460464397960963,-0.0037341471574645624,0.0037341471574645624,-0.3727183899940535,Friday,0,-0.01066532385819663,-0.011060370945766174,0.00039504708756954443,-0.00039504708756954443
2022-08-27,1738.0398525586,,1730.8414306640625,117814,,0,7.456362945355699,7.4605132356882224,-0.004150290332523454,0.004150290332523454,-0.41416897799785807,Saturday,0,4.8837727259609665e-05,-0.0003673054477992821,0.00041614317505889176,-0.00041614317505889176
2022-08-28,1734.6998604954,,1730.6279296875,96059,,0,7.456239586773197,7.458589686347345,-0.0023500995741478903,0.0023500995741478903,-0.23473402521269685,Sunday,0,-0.0019235493408773507,-0.00012335858250178688,0.0018001907583755639,0.0018001907583755639
2022-08-29,1737.4899421051,,1730.0137939453125,235794,,0,7.455884660838831,7.460196788705703,-0.004312127866872295,0.004312127866872295,-0.43028439927137546,Monday,1,0.0016071023583581479,-0.00035492593436625697,0.001962028292724405,-0.001962028292724405
2022-08-30,1723.0999118807,,1719.0784912109375,204448,,0,7.44954366531246,7.4518802220090725,-0.0023365566966129236,0.0023365566966129236,-0.23338290728441624,Tuesday,0,-0.008316566696630723,-0.006340995526371351,0.0019755711702593715,0.0019755711702593715
2022-08-31,1708.9199984483,,1704.769287109375,412903,,0,7.441185065083279,7.443616870111336,-0.002431805028057177,0.002431805028057177,-0.24288505855709266,Wednesday,0,-0.008263351897736193,-0.008358600229180446,9.524833144425315e-05,-9.524833144425315e-05
2022-09-01,1696.5200471836,,1693.6397705078125,543026,,0,7.434635202367217,7.436334400944093,-0.0016991985768752826,0.0016991985768752826,-0.16977557563018245,Thursday,0,-0.0072824691672437325,-0.006549862716061838,0.0007326064511818942,0.0007326064511818942
2022-09-02,1712.3399090611,,1709.8052978515625,174938,,0,7.4441347821085415,7.44561608200656,-0.0014812998980184844,0.0014812998980184844,-0.1480203314847197,Friday,0,0.009281681062467406,0.009499579741324204,0.00021789867885679826,0.00021789867885679826
2022-09-03,1712.069904499,,1710.3642578125,97559,,0,7.444461643076583,7.445458387935254,-0.0009967448586714056,0.0009967448586714056,-0.09962482735183785,Saturday,0,-0.00015769407130594715,0.00032686096804113163,0.0004845550393470788,0.0004845550393470788
2022-09-04,1709.1399334393,,1707.4041748046875,82453,,0,7.442729469697199,7.443745560067444,-0.0010160903702445268,0.0010160903702445268,-0.10155743252219271,Sunday,0,-0.0017128278678102404,-0.0017321733793833616,1.9345511573121144e-05,-1.9345511573121144e-05
2022-09-05,1713.1501404783,,1710.073974609375,80002,,0,7.444291908566501,7.446089142164722,-0.0017972335982214815,0.0017972335982214815,-0.17956195410089396,Monday,1,0.002343582097278585,0.00156243886930163,0.0007811432279769548,-0.0007811432279769548
2022-09-06,1701.7600793973,,1701.074951171875,203660,,0,7.439015654430333,7.439418335270591,-0.0004026808402572968,0.0004026808402572968,-0.04025997752089587,Tuesday,0,-0.006670806894131687,-0.005276254136167502,0.0013945527579641848,0.0013945527579641848
2022-09-07,1716.7600069082,,1714.966796875,99352,,0,7.447148998989884,7.4481940764677494,-0.0010450774778654193,0.0010450774778654193,-0.10445315745847869,Wednesday,0,0.008775741197158737,0.008133344559550615,0.0006423966376081225,-0.0006423966376081225
2022-09-08,1709.7901386486,,1705.3648681640625,121521,,0,7.4415343657463175,7.444125916028771,-0.00259155028245317,0.00259155028245317,-0.2588195115007076,Thursday,0,-0.00406816043897873,-0.00561463324356648,0.0015464728045877507,-0.0015464728045877507
2022-09-09,1716.9799010333,,1706.4219970703125,516761,,0,7.442154057996646,7.448322154966003,-0.006168096969356718,0.006168096969356718,-0.6149113310315141,Friday,0,0.0041962389372320885,0.0006196922503285407,0.003576546686903548,-0.003576546686903548
2022-09-10,1716.9799010333,,1710.6796875,145224,,0,7.444646048593399,7.448322154966003,-0.003676106372603627,0.003676106372603627,-0.36693577656374377,Saturday,0,0.0,0.002491990596753091,0.002491990596753091,0.002491990596753091
2022-09-11,1716.9799010333,,1711.5814208984375,211489,,0,7.445173029668626,7.448322154966003,-0.0031491252973765427,0.0031491252973765427,-0.31441720031862724,Sunday,0,0.0,0.0005269810752270843,0.0005269810752270843,0.0005269810752270843
2022-09-12,1724.8799267961,,1721.70361328125,160683,,0,7.451069552450869,7.4529127193883005,-0.0018431669374310289,0.0018431669374310289,-0.1841469348391103,Monday,1,0.0045905644222976605,0.005896522782243174,0.0013059583599455138,0.0013059583599455138
2022-09-13,1702.074931466,,1699.1451416015625,268850,,0,7.437880545687448,7.439603333702414,-0.00172278801496617,0.00172278801496617,-0.17213048675324888,Tuesday,0,-0.013309385685886355,-0.013189006763421496,0.00012037892246485882,0.00012037892246485882
2022-09-14,1697.8900150993,,1693.0712890625,127264,,0,7.4342994893756735,7.437141591569237,-0.0028421021935631785,0.0028421021935631785,-0.2838067244607787,Wednesday,0,-0.0024617421331774025,-0.003581056311774411,0.0011193141785970084,-0.0011193141785970084
2022-09-15,1662.520064539,,1657.8536376953125,369045,,0,7.41327905537845,7.41608984135282,-0.0028107859743693453,0.0028107859743693453,-0.2806839413984146,Thursday,0,-0.02105175021641692,-0.021020433997223087,3.1316219193833206e-05,3.1316219193833206e-05
2022-09-16,1675.3949157126,,1667.0205078125,464821,,0,7.418793184902177,7.42380418704434,-0.005011002142162546,0.005011002142162546,-0.49984680158457967,Friday,0,0.007714345691519853,0.005514129523726652,0.002200216167793201,-0.002200216167793201
2022-09-17,1674.7400301051,,1668.5406494140625,229623,,0,7.419704660743963,7.423413226306081,-0.0037085655621176272,0.0037085655621176272,-0.37016973259118047,Saturday,0,-0.00039096073825906075,0.0009114758417858582,0.001302436580044919,0.001302436580044919
2022-09-18,1678.7100120783,,1673.97900390625,207785,,0,7.422958708501379,7.425780927496143,-0.002822218994763759,0.002822218994763759,-0.281824027855344,Sunday,0,0.0023677011900620215,0.00325404775741589,0.0008863465673538684,0.0008863465673538684
2022-09-19,1675.6349441603,,1669.7889404296875,343917,,0,7.420452514447565,7.423947443570332,-0.0034949291227670543,0.0034949291227670543,-0.3488828966587354,Monday,1,-0.0018334839258109525,-0.002506194053814248,0.0006727101280032954,-0.0006727101280032954
2022-09-20,1665.6001273851,,1667.54833984375,1153058,,0,7.419109766781138,7.417940774340709,0.0011689924404292285,0.0011689924404292285,0.11696759784166147,Tuesday,0,-0.006006669229623007,-0.0013427476664267246,0.004663921563196283,0.004663921563196283
2022-09-21,1670.720112112,,1667.2724609375,415055,,0,7.418944313269025,7.421010017326188,-0.0020657040571636642,0.0020657040571636642,-0.20635719588852383,Wednesday,0,0.0030692429854797254,-0.00016545351211316728,0.0032346964975928927,-0.0032346964975928927
2022-09-22,1672.1401387207,,1667.9124755859375,277538,,0,7.419328108871652,7.4218596051567065,-0.0025314962850542244,0.0025314962850542244,-0.2528294750460867,Thursday,0,0.0008495878305181392,0.00038379560262757906,0.0004657922278905602,-0.0004657922278905602
2022-09-23,1643.0000721277,,1645.26611328125,229356,,0,7.405657421107597,7.404279161937267,0.0013782591703304092,0.0013782591703304092,0.13792094060078364,Friday,0,-0.017580443219439523,-0.01367068776405489,0.003909755455384634,0.003909755455384634
2022-09-24,1643.6600825479,,1643.5440673828125,242973,,0,7.404610205877034,7.404680791797375,-7.058592034159261e-05,7.058592034159261e-05,-0.007058342921342184,Saturday,0,0.0004016298601081658,-0.001047215230563836,0.0014488450906720018,-0.0014488450906720018
2022-09-25,1644.0348824745,,1643.876708984375,136949,,0,7.404812578268843,7.404908793441208,-9.621517236446664e-05,9.621517236446664e-05,-0.009621054383398256,Sunday,0,0.00022800164383252053,0.0002023723918096465,2.5629252022874027e-05,-2.5629252022874027e-05
2022-09-26,1644.8999793894,,1626.883544921875,347339,,0,7.39442152808809,7.4054348585481105,-0.011013330460020399,0.011013330460020399,-1.0952905765256804,Monday,1,0.0005260651069027844,-0.010391050180753147,0.010917115287655932,-0.010917115287655932
2022-09-27,1628.6700654839,,1629.1807861328125,417910,,0,7.395832582267944,7.395519050018398,0.00031353224954600023,0.00031353224954600023,0.03135814059188648,Tuesday,0,-0.009915808529712855,0.0014110541798535436,0.011326862709566399,0.011326862709566399
2022-09-28,1657.7801362463,,1654.32958984375,369620,,0,7.411151124078014,7.4132347190892,-0.0020835950111859347,0.0020835950111859347,-0.20814258339244782,Wednesday,0,0.017715669070802242,0.015318541810070307,0.002397127260731935,-0.002397127260731935
2022-09-29,1663.3150867668,,1660.74853515625,258549,,0,7.415023704507479,7.416567930137606,-0.0015442256301270163,0.0015442256301270163,-0.15430339272272142,Thursday,0,0.003333211048405893,0.0038725804294648114,0.0005393693810589184,0.0005393693810589184
2022-09-30,1660.9499537508,,1660.8238525390625,230722,,0,7.415069054946388,7.415144978967198,-7.592402080991434e-05,7.592402080991434e-05,-0.007592113865484782,Friday,0,-0.0014229511704080267,4.535043890907531e-05,0.001468301609317102,0.001468301609317102
2022-10-01,1660.6299998456,,1658.874267578125,65194,,0,7.413894499240098,7.414952327331133,-0.0010578280910351623,0.0010578280910351623,-0.10572687881335462,Saturday,0,-0.0001926516360644115,-0.0011745557062896594,0.000981904070225248,-0.000981904070225248
2022-10-02,1663.0000287699,,1657.386962890625,454128,,0,7.412997522383416,7.416378496492928,-0.0033809741095112145,0.0033809741095112145,-0.337526505241665,Sunday,0,0.0014261691617942773,-0.0008969768566817748,0.002323146018476052,-0.002323146018476052
2022-10-03,1701.7050574164,,1694.974853515625,318277,,0,7.435423184020504,7.439386002351819,-0.003962818331315177,0.003962818331315177,-0.3954976728454385,Monday,1,0.02300750585889144,0.02242566163708748,0.0005818442218039621,-0.0005818442218039621
2022-10-04,1724.9099769483,,1722.0660400390625,195737,,0,7.451280035029924,7.452930140827309,-0.0016501057973847821,0.0016501057973847821,-0.16487451213361307,Tuesday,0,0.013544138475490186,0.01585685100942058,0.0023127125339303944,0.0023127125339303944
2022-10-05,1718.2499624133,,1713.8653564453125,107670,,0,7.446506540906011,7.4490615881267255,-0.0025550472207145347,0.0025550472207145347,-0.2551785865794072,Wednesday,0,-0.0038685527005837272,-0.00477349412391348,0.0009049414233297526,-0.0009049414233297526
2022-10-06,1710.8999898544,,1708.5408935546875,108672,,0,7.443395006624293,7.444774820900625,-0.0013798142763317145,0.0013798142763317145,-0.1378862770297451,Thursday,0,-0.004286767226100885,-0.0031115342817180647,0.0011752329443828202,0.0011752329443828202
2022-10-07,1695.0000042375,,1696.9010009765625,375072,,0,7.436558925864023,7.435438022314551,0.0011209035494719188,0.0011209035494719188,0.11215319966430849,Friday,0,-0.009336798586073947,-0.006836080760270313,0.0025007178258036333,0.0025007178258036333
2022-10-08,1694.7699061741,,1693.365478515625,336279,,0,7.434473235099605,7.435302262030027,-0.0008290269304218612,0.0008290269304218612,-0.08286833825398014,Saturday,0,-0.00013576028452355615,-0.002085690764417336,0.00194993047989378,-0.00194993047989378
2022-10-09,1696.8899739935,,1693.9781494140625,194213,,0,7.434834976317748,7.436552427536256,-0.0017174512185080815,0.0017174512185080815,-0.1715977243111851,Sunday,0,0.0012501655062289174,0.0003617412181426971,0.0008884242880862203,-0.0008884242880862203
2022-10-10,1669.3899982171,,1668.367919921875,241965,,0,7.419601134088226,7.420213568154589,-0.0006124340663626882,0.0006124340663626882,-0.06122465668995714,Monday,1,-0.016338859381667348,-0.015233842229521954,0.0011050171521453933,0.0011050171521453933
2022-10-11,1665.1300291714,,1664.1566162109375,623331,,0,7.4170737372711875,7.41765849496368,-0.0005847576924926656,0.0005847576924926656,-0.0584586755033779,Tuesday,0,-0.00255507319090853,-0.0025273968170385075,2.767637387002253e-05,2.767637387002253e-05
2022-10-12,1674.4999775617,,1671.2099609375,197869,,0,7.42130317057494,7.423269878834259,-0.0019667082593191054,0.0019667082593191054,-0.19647755558592,Wednesday,0,0.005611383870578912,0.004229433303752472,0.0013819505668264398,-0.0013819505668264398
2022-10-13,1664.2701176972,,1662.6348876953125,1581403,,0,7.416158904694533,7.4171419385538835,-0.0009830338593506127,0.0009830338593506127,-0.09825508398541333,Thursday,0,-0.0061279402803755545,-0.005144265880407062,0.0009836743999684927,0.0009836743999684927
2022-10-14,1643.69007106,,1639.7593994140625,246449,,0,7.402304802381268,7.404699036590719,-0.0023942342094507296,0.0023942342094507296,-0.23913703167913425,Friday,0,-0.012442901963164665,-0.013854102313264782,0.001411200350100117,-0.001411200350100117
2022-10-15,1643.8900224424,,1639.7899169921875,130545,,0,7.402323413217808,7.404820677053892,-0.0024972638360836186,0.0024972638360836186,-0.24941482667562442,Saturday,0,0.00012164046317320043,1.8610836540311482e-05,0.00010302962663288895,-0.00010302962663288895
2022-10-16,1646.6001001133,,1643.008544921875,95527,,0,7.404284318828293,7.406467895664336,-0.0021835768360425334,0.0021835768360425334,-0.21811945664146565,Sunday,0,0.0016472186104437014,0.0019609056104847866,0.0003136870000410852,0.0003136870000410852
2022-10-17,1650.6801049634,,1647.7147216796875,216816,,0,7.407144589707994,7.4089426667961,-0.001798077088105643,0.001798077088105643,-0.17964615159508918,Monday,1,0.0024747711317640864,0.002860270879700977,0.00038549974793689046,0.00038549974793689046
2022-10-18,1652.8600511825,,1649.111083984375,123774,,0,7.407991684744552,7.410262430705407,-0.0022707459608550806,0.0022707459608550806,-0.22681697675752346,Tuesday,0,0.0013197639093069924,0.0008470950365575547,0.0004726688727494377,-0.0004726688727494377
2022-10-19,1626.9000769361,,1627.0692138671875,336496,,0,7.394535647105346,7.394431689805123,0.00010395730022239036,0.00010395730022239036,0.010396270397010613,Wednesday,0,-0.01583074090028358,-0.013456037639206109,0.002374703261077471,0.002374703261077471
2022-10-20,1626.0699336905,,1625.0313720703125,253761,,0,7.393282400466904,7.3939212988326215,-0.0006388983657172886,0.0006388983657172886,-0.06386943136143992,Thursday,0,-0.0005103909725017175,-0.0012532466384413965,0.000742855665939679,-0.000742855665939679
2022-10-21,1657.8999679528,,1653.065185546875,189414,,0,7.410386531736101,7.413307000915424,-0.002920469179322538,0.002920469179322538,-0.29162087576942053,Friday,0,0.019385702082802325,0.017104131269197076,0.0022815708136052493,-0.0022815708136052493
2022-10-22,1657.6199296307,,1656.0738525390625,136984,,0,7.412204930894669,7.41313807517743,-0.0009331442827607006,0.0009331442827607006,-0.09327090390267695,Saturday,0,-0.00016892573799420774,0.0018183991585676296,0.0019873248965618373,0.0019873248965618373
2022-10-23,1656.9299937136,,1658.9888916015625,205719,,0,7.413963594328101,7.4127217677190895,0.0012418266090117314,0.0012418266090117314,0.12425979949509021,Sunday,0,-0.00041630745834009275,0.0017586634334323392,0.002174970891772432,0.002174970891772432
2022-10-24,1651.6498660842,,1649.296875,248742,,0,7.408104339709087,7.409529986147696,-0.001425646438608652,0.001425646438608652,-0.1424630687482604,Monday,1,-0.0031917815713935482,-0.005859254619013932,0.0026674730476203834,-0.0026674730476203834
2022-10-25,1651.6700531408,,1650.0633544921875,808585,,0,7.408568962819425,7.409542208431394,-0.000973245611969098,0.000973245611969098,-0.09727721620654692,Tuesday,0,1.2222283698015701e-05,0.00046462311033756976,0.00045240082663955405,0.00045240082663955405
2022-10-26,1664.9298673267,,1663.8382568359375,332773,,0,7.416882415236079,7.417538279801693,-0.0006558645656147277,0.0006558645656147277,-0.06556495334637445,Wednesday,0,0.00799607137029934,0.00831345241665371,0.00031738104635437026,0.00031738104635437026
2022-10-27,1662.8700571811,,1658.143798828125,157919,,0,7.413454062228792,7.41630033854598,-0.0028462763171885896,0.0028462763171885896,-0.28422295131027847,Thursday,0,-0.001237941255713082,-0.003428353007286944,0.002190411751573862,-0.002190411751573862
2022-10-28,1644.5299234554,,1642.40087890625,215033,,0,7.403914400839901,7.405209861544684,-0.0012954607047825917,0.0012954607047825917,-0.1294621957791154,Friday,0,-0.011090477001296506,-0.009539661388890508,0.001550815612405998,0.001550815612405998
2022-10-29,1644.3849761753,,1642.1126708984375,173075,,0,7.403738905745007,7.405121718625443,-0.0013828128804362905,0.0013828128804362905,-0.13818572352488984,Saturday,0,-8.814291924075235e-05,-0.00017549509489445114,8.73521756536988e-05,-8.73521756536988e-05
2022-10-30,1644.2600607751,,1641.438720703125,338477,,0,7.403328404964358,7.405045750925155,-0.0017173459607970898,0.0017173459607970898,-0.17158721660155926,Sunday,0,-7.596770028772681e-05,-0.00041050078064852613,0.0003345330803607993,-0.0003345330803607993
2022-10-31,1632.4299846699,,1631.202880859375,207153,,0,7.39707298535688,7.397824971820377,-0.0007519864634968343,0.0007519864634968343,-0.07517037925354943,Monday,1,-0.007220779104778252,-0.006255419607477997,0.0009653594973002555,0.0009653594973002555
2022-11-01,1647.0899050848,,1644.374267578125,111488,,0,7.405115206383968,7.406765315867414,-0.0016501094834460162,0.0016501094834460162,-0.16487488013200788,Tuesday,0,0.00894034404703703,0.008042221027087848,0.0008981230199491819,-0.0008981230199491819
2022-11-02,1632.2999514391,,1636.462158203125,215013,,0,7.400291970058314,7.397745312410004,0.002546657648309747,0.002546657648309747,0.2549903135361562,Wednesday,0,-0.009020003457409942,-0.004823236325654179,0.004196767131755763,0.004196767131755763
2022-11-03,1629.5400411394,,1633.365966796875,665375,,0,7.398398174902574,7.3960530706295335,0.0023451042730400218,0.0023451042730400218,0.23478561808151746,Thursday,0,-0.0016922417804705603,-0.0018937951557402855,0.00020155337526972517,-0.00020155337526972517
2022-11-04,1680.5900753425,,1678.8326416015625,351811,,0,7.4258539746833065,7.426900246051535,-0.0010462713682288793,0.0010462713682288793,-0.10457242171797458,Friday,0,0.030847175422001882,0.02745579978073298,0.003391375641268901,-0.003391375641268901
2022-11-05,1680.5900753425,,1680.1669921875,165554,,0,7.426648467569048,7.426900246051535,-0.00025177848248780776,0.00025177848248780776,-0.025174678894486654,Saturday,0,0.0,0.0007944928857410716,0.0007944928857410716,0.0007944928857410716
2022-11-06,1675.7399606838,,1672.4932861328125,254833,,0,7.4220707777239605,7.424010114281019,-0.0019393365570588017,0.0019393365570588017,-0.19374572589787323,Sunday,0,-0.0028901317705161134,-0.004577689845087107,0.001687558074570994,-0.001687558074570994
2022-11-07,1673.7499765675,,1670.84375,591184,,0,7.421084017341246,7.4228218830053825,-0.001737865664136251,0.001737865664136251,-0.1736356449999787,Monday,1,-0.0011882312756368307,-0.0009867603827142801,0.0002014708929225506,0.0002014708929225506
2022-11-08,1712.5099882145,,1703.206298828125,1202616,,0,7.440267811804069,7.445715402653386,-0.00544759084931723,0.00544759084931723,-0.5432779633638958,Tuesday,0,0.02289351964800357,0.01918379446282259,0.0037097251851809787,-0.0037097251851809787
2022-11-09,1708.2549884889,,1706.2513427734375,768053,,0,7.442054045906404,7.443227653890138,-0.0011736079837341151,0.0011736079837341151,-0.11729195752179974,Wednesday,0,-0.0024877487632481987,0.001786234102334916,0.004273982865583115,0.004273982865583115
2022-11-10,1753.499985972,,1737.30859375,782413,,0,7.460092409500179,7.469369061580233,-0.009276652080053793,0.009276652080053793,-0.9233756687499995,Thursday,0,0.026141407690094987,0.01803836359377531,0.008103044096319678,-0.008103044096319678
2022-11-11,1770.230145851,,1737.694091796875,236062,,0,7.460314278709121,7.4788648430197595,-0.018550564310638507,0.018550564310638507,-1.83795616238837,Friday,0,0.009495781439526674,0.0002218692089419605,0.009273912230584713,-0.009273912230584713
2022-11-12,1770.230145851,,1753.500732421875,668808,,0,7.469369487271549,7.4788648430197595,-0.009495355748210699,0.009495355748210699,-0.9450417206110104,Saturday,0,0.0,0.009055208562427808,0.009055208562427808,0.009055208562427808
2022-11-13,1764.2798606572,,1752.97705078125,1054896,,0,7.46907079343865,7.475497875149184,-0.006427081710533855,0.006427081710533855,-0.6406472197522975,Sunday,0,-0.0033669678705754436,-0.00029869383289859996,0.0030682740376768436,0.0030682740376768436
2022-11-14,1770.3498618507,,1751.52001953125,176795,,0,7.468239272507276,7.478932468097845,-0.01069319559056936,0.01069319559056936,-1.063622661554911,Monday,1,0.0034345929486612192,-0.0008315209313742855,0.004266113880035505,-0.004266113880035505
2022-11-15,1779.4550525669,,1763.64697265625,150765,,0,7.4751390876586035,7.484062446169263,-0.008923358510659618,0.008923358510659618,-0.8883663505771848,Tuesday,0,0.005129978071417796,0.006899815151327537,0.0017698370799097418,0.0017698370799097418
2022-11-16,1774.5000789653,,1767.015380859375,128792,,0,7.477047176786269,7.481274016586578,-0.004226839800309357,0.004226839800309357,-0.4217919285914737,Wednesday,0,-0.0027884295826847705,0.001908089127665491,0.0046965187103502615,0.0046965187103502615
2022-11-17,1759.5900295998,,1755.658447265625,86986,,0,7.470599249163325,7.472836123170604,-0.0022368740072797877,0.0022368740072797877,-0.2234374068980766,Thursday,0,-0.008437893415973896,-0.006447927622944327,0.001989965793029569,0.001989965793029569
2022-11-18,1750.814916803,,1751.4447021484375,107909,,0,7.468196270428289,7.46783662527302,0.00035964515526920593,0.00035964515526920593,0.035970983534200876,Friday,0,-0.0049994978975842486,-0.002402978735035255,0.0025965191625489936,0.0025965191625489936
2022-11-19,1750.9599200021,,1746.7625732421875,86865,,0,7.465519395484334,7.467919442247807,-0.0024000467634728295,0.0024000467634728295,-0.23971689539915342,Saturday,0,8.281697478640382e-05,-0.0026768749439556316,0.0027596919187420355,-0.0027596919187420355
2022-11-20,1750.9099478999,,1741.102783203125,290166,,0,7.462273974902735,7.4678909020083974,-0.005616927105662306,0.005616927105662306,-0.5601181664732746,Sunday,0,-2.854023940912498e-05,-0.0032454205815986015,0.0032168803421894765,-0.0032168803421894765
2022-11-21,1746.2716227718,,1733.3310546875,281773,,0,7.45780030129718,7.465238292897832,-0.007437991600651728,0.007437991600651728,-0.7410398196679031,Monday,1,-0.0026526091105658622,-0.004473673605555284,0.0018210644949894217,-0.0018210644949894217
2022-11-22,1746.7550967257,,1732.618408203125,190181,,0,7.4573890740118145,7.465515115261822,-0.00812604125000771,0.00812604125000771,-0.8093114225957775,Tuesday,0,0.0002768223639906253,-0.00041122728536535647,0.0006880496493559818,-0.0006880496493559818
2022-11-23,1743.4915894837,,1740.1923828125,264904,,0,7.461750950931504,7.463645042177314,-0.0018940912458100811,0.0018940912458100811,-0.18922985869848377,Wednesday,0,-0.0018700730845084834,0.004361876919689145,0.006231950004197628,0.006231950004197628
2022-11-24,1755.3717447289,,1745.8360595703125,246574,,0,7.464988837128785,7.470435933827549,-0.005447096698763865,0.005447096698763865,-0.5432288167575697,Thursday,0,0.006790891650235054,0.00323788619728127,0.0035530054529537836,-0.0035530054529537836
2022-11-25,1755.1480686789,,1744.7724609375,340354,,0,7.464379431256153,7.470308501958657,-0.005929070702504369,0.005929070702504369,-0.5911528449682162,Friday,0,-0.0001274318688917475,-0.0006094058726322515,0.00048197400374050403,-0.00048197400374050403
2022-11-26,1754.0997696867,,1741.1884765625,318408,,0,7.46232319155522,7.469711052549743,-0.007387860994523265,0.007387860994523265,-0.7360637831054567,Saturday,0,-0.0005974494089135973,-0.002056239700932494,0.0014587902920188967,-0.0014587902920188967
2022-11-27,1754.5974400774,,1744.72900390625,115769,,0,7.464354523955388,7.4699947307153325,-0.00564020675994481,0.00564020675994481,-0.5624330655990657,Sunday,0,0.0002836781655890519,0.002031332400167507,0.0017476542345784551,0.0017476542345784551
2022-11-28,1741.5701473978,,1736.0386962890625,157131,,0,7.459361185460957,7.462542368867252,-0.0031811834062951405,0.0031811834062951405,-0.31761288036559143,Monday,1,-0.00745236184808018,-0.00499333849443051,0.0024590233536496697,0.0024590233536496697
2022-11-29,1749.3398865938,,1740.792236328125,212528,,0,7.462095596821787,7.466993788096169,-0.004898191274381958,0.004898191274381958,-0.4886214698001541,Tuesday,0,0.0044514192289168975,0.00273441136083008,0.0017170078680868173,-0.0017170078680868173
2022-11-30,1753.7801415616,,1750.0814208984375,215709,,0,7.467417592062927,7.469528818189348,-0.0021112261264208954,0.0021112261264208954,-0.21089990561012187,Wednesday,0,0.0025350300931785696,0.005321995241139632,0.0027869651479610624,0.0027869651479610624
2022-12-01,1776.9548502427,,1777.870849609375,707323,,0,7.483171775420606,7.482656419977449,0.0005153554431576168,0.0005153554431576168,0.05154882615896442,Thursday,0,0.013127601788101018,0.01575418335767953,0.002626581569578512,0.002626581569578512
2022-12-02,1797.9050450834,,1778.9859619140625,411030,,0,7.483798796636423,7.494377402226204,-0.010578605589781631,0.010578605589781631,-1.0522848924126496,Friday,0,0.011720982248755618,0.0006270212158163702,0.011093961032939248,-0.011093961032939248
2022-12-03,1797.9050450834,,1781.4462890625,108713,,0,7.485180835314098,7.494377402226204,-0.009196566912106796,0.009196566912106796,-0.9154407829216853,Saturday,0,0.0,0.001382038677674835,0.001382038677674835,0.001382038677674835
2022-12-04,1798.8251513172,,1785.4234619140625,103129,,0,7.487410899643608,7.494889037074318,-0.007478137430710241,0.007478137430710241,-0.7450245730288996,Sunday,0,0.0005116348481140065,0.0022300643295105615,0.001718429481396555,0.001718429481396555
2022-12-05,1769.4101193626,,1765.9400634765625,187747,,0,7.4764384414467155,7.478401504125618,-0.0019630626789028938,0.0019630626789028938,-0.19611371315585674,Monday,1,-0.01648753294869998,-0.010972458196892632,0.005515074751807347,0.005515074751807347
2022-12-06,1772.2100451701,,1762.0498046875,124016,,0,7.474233072094095,7.479982659789272,-0.00574958769517675,0.00574958769517675,-0.5733090448443374,Tuesday,0,0.0015811556636533552,-0.002205369352620501,0.003786525016273856,-0.003786525016273856
2022-12-07,1787.1398488759,,1772.64697265625,735264,,0,7.480229173251544,7.488371771121357,-0.00814259786981264,0.00814259786981264,-0.8109536715196616,Wednesday,0,0.008389111332085086,0.005996101157449196,0.00239301017463589,-0.00239301017463589
2022-12-08,1789.1065595445,,1776.567626953125,249754,,0,7.482438482258696,7.489471645482494,-0.007033163223797878,0.007033163223797878,-0.7008488412544501,Thursday,0,0.001099874361137232,0.002209309007151994,0.001109434646014762,0.001109434646014762
2022-12-09,1797.159948134,,1784.946533203125,189181,,0,7.4871437403775225,7.493962891244359,-0.0068191508668364875,0.0068191508668364875,-0.679595321693886,Friday,0,0.0044912457618648816,0.004705258118826272,0.00021401235696139054,0.00021401235696139054
2022-12-10,1796.4693628318,,1783.870849609375,120544,,0,7.486540916802685,7.493578552598971,-0.007037635796286246,0.007037635796286246,-0.7012929629128666,Saturday,0,-0.0003843386453876718,-0.00060282357483743,0.00021848492944975817,-0.00021848492944975817
2022-12-11,1797.3001316882,,1779.83056640625,314744,,0,7.484273451343302,7.4940408910280025,-0.009767439684700285,0.009767439684700285,-0.9719893174180613,Sunday,0,0.00046233842903120603,-0.0022674654593828336,0.0027298038884140396,-0.0027298038884140396
2022-12-12,1782.1401400156,,1763.8450927734375,309299,,0,7.475251416822622,7.485570246922699,-0.010318830100077392,0.010318830100077392,-1.0265773623168848,Monday,1,-0.008470644105303293,-0.0090220345206804,0.0005513904153771065,-0.0005513904153771065
2022-12-13,1809.5099883142,,1788.6239013671875,900735,,0,7.489201832993535,7.50081136291904,-0.011609529925505235,0.011609529925505235,-1.1542399368831697,Tuesday,0,0.015241115996341037,0.013950416170913194,0.0012906998254278435,-0.0012906998254278435
2022-12-14,1807.3920164603,,1789.147216796875,391198,,0,7.489494370115747,7.499640210317621,-0.010145840201874812,0.010145840201874812,-1.009454479009856,Wednesday,0,-0.0011711526014188678,0.0002925371222115558,0.0014636897236304236,0.0014636897236304236
2022-12-15,1776.4500984509,,1770.8558349609375,255336,,0,7.479218231285302,7.482372325255636,-0.0031540939703331716,0.0031540939703331716,-0.31491250414750155,Thursday,0,-0.017267885061985844,-0.010276138830444204,0.00699174623154164,0.00699174623154164
2022-12-16,1792.5878999958,,1789.5025634765625,473552,,0,7.489692962715008,7.4914156089260295,-0.0017226462110215834,0.0017226462110215834,-0.17211633076652325,Friday,0,0.009043283670393976,0.010474731429705564,0.0014314477593115882,0.0014314477593115882
2022-12-17,1793.1549180053,,1777.9395751953125,249986,,0,7.483210430791808,7.491731871437318,-0.008521440645509415,0.008521440645509415,-0.8485236081505457,Saturday,0,0.0003162625112880235,-0.006482531923199808,0.0067987944344878315,-0.0067987944344878315
2022-12-18,1790.7001064392,,1775.9632568359375,316436,,0,7.482098234619597,7.490361943282708,-0.00826370866311077,0.00826370866311077,-0.8229658081925658,Sunday,0,-0.0013699281546095676,-0.001112196172210922,0.0002577319823986457,0.0002577319823986457
2022-12-19,1787.1899940236,,1772.082763671875,281159,,0,7.479910836435422,7.4883998296105885,-0.008488993175166826,0.008488993175166826,-0.8453063413651587,Monday,1,-0.0019621136721195143,-0.0021873981841755707,0.00022528451205605649,-0.00022528451205605649
2022-12-20,1816.800059155,,1794.986572265625,1728120,,0,7.492752820262435,7.5048320233513435,-0.012079203088908308,0.012079203088908308,-1.2006542370722195,Tuesday,0,0.016432193740754997,0.012841983827013514,0.0035902099137414822,-0.0035902099137414822
2022-12-21,1815.0098409834,,1796.8656005859375,722036,,0,7.493799092993773,7.5038461687136735,-0.010047075719900711,0.010047075719900711,-0.9996772462474159,Wednesday,0,-0.0009858546376699806,0.0010462727313376163,0.002032127369007597,0.002032127369007597
2022-12-22,1793.6801473688,,1777.4622802734375,799490,,0,7.482941940790314,7.492024736516242,-0.009082795725927184,0.009082795725927184,-0.9041671737936586,Thursday,0,-0.011821432197431925,-0.010857152203458398,0.0009642799939735269,0.0009642799939735269
2022-12-23,1798.4249753751,,1782.703369140625,800658,,0,7.485886237864946,7.494666547155822,-0.008780309290875365,0.008780309290875365,-0.8741874945990448,Friday,0,0.0026418106395800223,0.002944297074631841,0.0003024864350518186,0.0003024864350518186
2022-12-24,1797.6700757682,,1786.00634765625,252676,,0,7.487737315548969,7.494246703070917,-0.006509387521947296,0.006509387521947296,-0.6488247353711805,Saturday,0,-0.00041984408490503,0.0018510776840230392,0.002270921768928069,0.002270921768928069
2022-12-25,1797.6700757682,,1788.91845703125,298072,,0,7.48936650227497,7.494246703070917,-0.004880200795946976,0.004880200795946976,-0.4868311963868056,Sunday,0,0.0,0.00162918672600032,0.00162918672600032,0.00162918672600032
2022-12-26,1801.7599230576,,1791.882080078125,482381,,0,7.4910217878418965,7.496519201244692,-0.005497413402795637,0.005497413402795637,-0.5482330277783175,Monday,1,0.0022724981737756167,0.0016552855669269562,0.0006172126068486605,-0.0006172126068486605
2022-12-27,1805.7200516364,,1796.8753662109375,515390,,0,7.493804527790043,7.4987147117935065,-0.004910184003463769,0.004910184003463769,-0.48981487564737547,Tuesday,0,0.0021955105488142834,0.0027827399481461512,0.0005872293993318678,0.0005872293993318678
2022-12-28,1805.9199500699,,1804.7249755859375,1525675,,0,7.49816349106135,7.498825408559303,-0.0006619174979531905,0.0006619174979531905,-0.06616984788923472,Wednesday,0,0.0001106967657964475,0.004358963271307026,0.004248266505510578,0.004248266505510578
2022-12-29,1814.969981304,,1813.8289794921875,1411957,,0,7.5031953481116505,7.503824207335731,-0.0006288592240801805,0.0006288592240801805,-0.06286615335602715,Thursday,0,0.004998798776427726,0.0050318570503007365,3.305827387301008e-05,3.305827387301008e-05
2022-12-30,1824.0699158702,,1817.151123046875,875749,,0,7.505025236675005,7.5088255009688485,-0.0038002642938437248,0.0038002642938437248,-0.37930524280503286,Friday,0,0.005001293633117854,0.0018298885633543094,0.0031714050697635443,-0.0031714050697635443
2022-12-31,1824.0699158702,,1814.804931640625,228027,,0,7.50373326524293,7.5088255009688485,-0.005092235725918215,0.005092235725918215,-0.5079292273265206,Saturday,0,0.0,-0.0012919714320744902,0.0012919714320744902,-0.0012919714320744902
2023-01-01,1824.0699158702,,1817.2100830078125,146364,,0,7.505057682520422,7.5088255009688485,-0.003767818448426219,0.003767818448426219,-0.3760729127049351,Sunday,0,0.0,0.001324417277491996,0.001324417277491996,0.001324417277491996
2023-01-02,1829.2798929944,,1817.010986328125,577827,,0,7.504948114788528,7.511677667297637,-0.00672955250910956,0.00672955250910956,-0.6706959778687337,Monday,1,0.002852166328788819,-0.00010956773189452207,0.002961734060683341,-0.002961734060683341
2023-01-03,1836.3999069313,,1833.5185546875,961512,,0,7.5139921072788285,7.515562361695094,-0.0015702544162659038,0.0015702544162659038,-0.15690222118420802,Tuesday,0,0.003884694397457089,0.009043992490300745,0.005159298092843656,0.005159298092843656
2023-01-04,1854.7999533332,,1850.59423828125,620667,,0,7.523262076377278,7.525532127357288,-0.0022700509800106516,0.0022700509800106516,-0.2267476362823918,Wednesday,0,0.009969765662193986,0.009269969098449238,0.0006997965637447479,-0.0006997965637447479
2023-01-05,1832.8650668565,,1830.7003173828125,565213,,0,7.51245385972387,7.513635631849427,-0.0011817721255571456,0.0011817721255571456,-0.11810741078721705,Thursday,0,-0.011896495507861538,-0.010808216653408032,0.001088278854453506,0.001088278854453506
2023-01-06,1865.4868333007,,1841.61279296875,1269176,,0,7.518396984603324,7.531277334636144,-0.01288035003281962,0.01288035003281962,-1.2797753329466541,Friday,0,0.01764170278671706,0.0059431248794545866,0.011698577907262475,-0.011698577907262475
2023-01-07,1866.0100301771,,1846.0186767578125,348003,,0,7.520786532431884,7.531557756621728,-0.010771224189844553,0.010771224189844553,-1.0713422273185778,Saturday,0,0.00028042198558431153,0.0023895478285593796,0.002109125842975068,0.002109125842975068
2023-01-08,1869.3601404562,,1846.9464111328125,786185,,0,7.521288965773351,7.533351480415782,-0.012062514642431132,0.012062514642431132,-1.1990054157203587,Sunday,0,0.0017937237940541806,0.0005024333414676008,0.0012912904525865798,-0.0012912904525865798
2023-01-09,1870.5000445179,,1862.476806640625,1881348,,0,7.529662497365775,7.5339610775882,-0.00429858022242513,0.00429858022242513,-0.4289354550292432,Monday,1,0.0006095971724180416,0.008373531592424044,0.007763934420006002,0.007763934420006002
2023-01-10,1877.2500014549,,1880.6171875,1071980,,0,7.539355293171626,7.53756321975501,0.0017920734166159136,0.0017920734166159136,0.1793680139827058,Tuesday,0,0.003602142166809763,0.009692795805850807,0.006090653639041044,0.006090653639041044
2023-01-11,1876.9899612946,,1874.1728515625,505965,,0,7.535922695237728,7.537424688300816,-0.0015019930630879585,0.0015019930630879585,-0.15008656360405284,Wednesday,0,-0.00013853145419417956,-0.0034325979338980517,0.003294066479703872,-0.003294066479703872
2023-01-12,1898.0201372344,,1889.7864990234375,1411248,,0,7.544219138193171,7.54856658882613,-0.004347450632959493,0.004347450632959493,-0.4338014149291201,Thursday,0,0.011141900525314163,0.008296442955442629,0.0028454575698715345,-0.0028454575698715345
2023-01-13,1919.8600498818,,1900.856689453125,360811,,0,7.550059952720403,7.56000757167861,-0.009947618958206839,0.009947618958206839,-0.9898305050852537,Friday,0,0.011440982852479742,0.005840814527232396,0.0056001683252473455,-0.0056001683252473455
2023-01-14,1920.3149931089,,1904.355224609375,170957,,0,7.5518987654966905,7.5602445104765215,-0.008345744979830982,0.008345744979830982,-0.8311015930613957,Saturday,0,0.0002369387979115345,0.0018388127762873907,0.0016018739783758562,0.0016018739783758562
2023-01-15,1920.316468154,,1910.0281982421875,185191,,0,7.554873284409282,7.560245278602864,-0.0053719941935828075,0.0053719941935828075,-0.5357590835901419,Sunday,0,7.68126342975961e-07,0.002974518912591151,0.002973750786248175,0.002973750786248175
2023-01-16,1918.1399260058,,1908.169921875,228628,,0,7.553899905629319,7.559111206904259,-0.005211301274940183,0.005211301274940183,-0.5197746001544707,Monday,1,-0.0011340716986056876,-0.0009733787799630633,0.00016069291864262425,0.00016069291864262425
2023-01-17,1908.6300616869,,1887.3939208984375,693384,,0,7.542952278695343,7.55414101850718,-0.011188739811837323,0.011188739811837323,-1.1126378660144045,Tuesday,0,-0.004970188397078523,-0.010947626933975663,0.0059774385368971394,-0.0059774385368971394
2023-01-18,1906.9899955491,,1891.6939697265625,460319,,0,7.545227986912962,7.553281359414188,-0.008053372501226619,0.008053372501226619,-0.8021030974592611,Wednesday,0,-0.0008596590929919046,0.0022757082176187993,0.003135367310610704,0.003135367310610704
2023-01-19,1931.8699032442,,1911.4483642578125,726888,,0,7.55561653956617,7.566243674639846,-0.010627135073676186,0.010627135073676186,-1.0570866574448687,Thursday,0,0.012962315225657939,0.010388552653208372,0.002573762572449567,-0.002573762572449567
2023-01-20,1926.4099828106,,1921.1610107421875,971757,,0,7.560684975363516,7.563413437207906,-0.0027284618443896846,0.0027284618443896846,-0.27247429754046176,Friday,0,-0.002830237431940219,0.005068435797346282,0.007898673229286501,0.007898673229286501
2023-01-21,1926.4099828106,,1920.378173828125,522013,,0,7.5602774111621445,7.563413437207906,-0.003136026045761575,0.003136026045761575,-0.3131113852345545,Saturday,0,0.0,-0.00040756420137189053,0.00040756420137189053,-0.00040756420137189053
2023-01-22,1926.4099828106,,1915.1656494140625,238549,,0,7.557559398873261,7.563413437207906,-0.00585403833464504,0.00585403833464504,-0.5836936839442775,Sunday,0,0.0,-0.0027180122888834646,0.0027180122888834646,-0.0027180122888834646
2023-01-23,1931.4650529405,,1922.0194091796875,627239,,0,7.561131687907807,7.566034088720027,-0.0049024008122202645,0.0049024008122202645,-0.48904036583174726,Monday,1,0.002620651512120986,0.0035722890345457614,0.0009516375224247753,0.0009516375224247753
2023-01-24,1936.9799693027,,1921.0108642578125,745473,,0,7.56060681827459,7.568885322260444,-0.008278503985853725,0.008278503985853725,-0.8244331535672167,Tuesday,0,0.002851233540416942,-0.0005248696332165181,0.00337610317363346,-0.00337610317363346
2023-01-25,1948.449862001,,1921.962158203125,1152159,,0,7.561101900576331,7.574789392859813,-0.013687492283482428,0.013687492283482428,-1.359424448862792,Wednesday,0,0.005904070599369149,0.000495082301740446,0.005408988297628703,-0.005408988297628703
2023-01-26,1930.3700094627,,1907.513427734375,458919,,0,7.553555802575185,7.5654669782715205,-0.011911175696335263,0.011911175696335263,-1.1840518458265348,Thursday,0,-0.009322414588292638,-0.007546098001145474,0.0017763165871471642,0.0017763165871471642
2023-01-27,1928.4699635018,,1913.920654296875,538038,,0,7.5569091157183195,7.564482202469588,-0.007573086751268221,0.007573086751268221,-0.7544483181115144,Friday,0,-0.0009847758019327912,0.003353313143134251,0.004338088945067042,0.004338088945067042
2023-01-28,1928.4699635018,,1914.524658203125,667538,,0,7.557224650543534,7.564482202469588,-0.007257551926053374,0.007257551926053374,-0.7231279492345617,Saturday,0,0.0,0.0003155348252148471,0.0003155348252148471,0.0003155348252148471
2023-01-29,1928.2000021596,,1911.13916015625,607625,,0,7.555454762183566,7.564342205350289,-0.00888744316672252,0.00888744316672252,-0.8848066582430094,Sunday,0,-0.00013999711929901792,-0.0017698883599681636,0.0016298912406691457,-0.0016298912406691457
2023-01-30,1921.9998639224,,1913.7872314453125,978476,,0,7.556839401489544,7.561121518730236,-0.0042821172406917185,0.0042821172406917185,-0.4272962049189335,Monday,1,-0.003220686620053037,0.001384639305977764,0.004605325926030801,0.004605325926030801
2023-01-31,1923.6351471994,,1916.6795654296875,1745533,,0,7.558349574890044,7.561971980810404,-0.0036224059203604497,0.0036224059203604497,-0.361585292296158,Tuesday,0,0.0008504620801685903,0.001510173400499859,0.0006597113203312688,0.0006597113203312688
2023-02-01,1952.9899690529,,1931.7760009765625,2218703,,0,7.566195066527207,7.577116794689858,-0.010921728162650801,0.010921728162650801,-1.0862302629554845,Wednesday,0,0.015144813879453878,0.007845491637163526,0.007299322242290351,-0.007299322242290351
2023-02-02,1915.089893362,,1912.1180419921875,1411312,,0,7.555966829149281,7.557519842216413,-0.0015530130671317366,0.0015530130671317366,-0.15518077663683108,Thursday,0,-0.01959695247344495,-0.010228237377925886,0.009368715095519065,0.009368715095519065
2023-02-03,1864.8999350642,,1868.218994140625,1386383,,0,7.532740846468011,7.53096267651741,0.001778169950600983,0.001778169950600983,0.17797518322669315,Friday,0,-0.02655716569900335,-0.02322598268127063,0.0033311830177327195,0.0033311830177327195
2023-02-04,1865.6949629781,,1863.8359375,1698778,,0,7.530391975009208,7.531388896971607,-0.0009969219623986447,0.0009969219623986447,-0.09964252007908687,Saturday,0,0.00042622045419715704,-0.0023488714588024706,0.0027750919129996277,-0.0027750919129996277
2023-02-05,1865.4099275624,,1862.619384765625,1679208,,0,7.529739047402469,7.531236108226924,-0.0014970608244553318,0.0014970608244553318,-0.1495940787889757,Sunday,0,-0.0001527887446828302,-0.0006529276067395173,0.0005001388620566871,-0.0005001388620566871
2023-02-06,1868.0000201744,,1864.0443115234375,1359617,,0,7.5305037672395025,7.532623629588788,-0.0021198623492857394,0.0021198623492857394,-0.21176170279662487,Monday,1,0.0013875213618641524,0.0007647198370337449,0.0006228015248304075,-0.0006228015248304075
2023-02-07,1872.8401471004,,1869.359375,1978028,,0,7.533351070940721,7.535211352886489,-0.0018602819457678166,0.0018602819457678166,-0.18585526937731323,Tuesday,0,0.002587723297700961,0.002847303701218884,0.0002595804035179228,0.0002595804035179228
2023-02-08,1875.090121519,,1869.5631103515625,1632172,,0,7.533460051724657,7.536412002059569,-0.0029519503349115794,0.0029519503349115794,-0.2947597613580312,Wednesday,0,0.0012006491730796043,0.00010898078393584143,0.0010916683891437629,-0.0010916683891437629
2023-02-09,1862.3101025667,,1858.24365234375,1323724,,0,7.52738704766724,7.529572986702159,-0.0021859390349190377,0.0021859390349190377,-0.21835516100918978,Thursday,0,-0.006839015357409828,-0.006073004057417286,0.0007660112999925417,0.0007660112999925417
2023-02-10,1865.6949629781,,1856.0023193359375,1278933,,0,7.526180162987573,7.531388896971607,-0.005208733984034097,0.005208733984034097,-0.5195192051486629,Friday,0,0.00181591026944794,-0.0012068846796671195,0.0030227949491150596,-0.0030227949491150596
2023-02-11,1865.3500777105,,1851.629638671875,1446181,,0,7.523821416088777,7.5312040236908935,-0.007382607602116842,0.007382607602116842,-0.7355423093270131,Saturday,0,-0.0001848732807134823,-0.002358746898796227,0.0021738736180827445,-0.0021738736180827445
2023-02-12,1862.600089144,,1854.761474609375,1383452,,0,7.5255113816575205,7.529728687947537,-0.004217306290016154,0.004217306290016154,-0.4208425941946296,Sunday,0,-0.001475335743356787,0.0016899655687439008,0.003165301312100688,0.003165301312100688
2023-02-13,1854.3098425654,,1844.437744140625,1691186,,0,7.519929764306975,7.525267853287432,-0.0053380889804568454,0.0053380889804568454,-0.5323866701326007,Monday,1,-0.004460834660104496,-0.005581617350545187,0.0011207826904406915,-0.0011207826904406915
2023-02-14,1857.5648958872,,1847.8843994140625,2963471,,0,7.5217966958154,7.527021713202189,-0.005225017386789155,0.005225017386789155,-0.5211390726951676,Tuesday,0,0.0017538599147570721,0.0018669315084247629,0.0001130715936676907,0.0001130715936676907
2023-02-15,1834.7001237689,,1840.4429931640625,1713025,,0,7.5177615787800605,7.514636326844692,0.0031252519353683894,0.0031252519353683894,0.3130140626668313,Wednesday,0,-0.012385386357497197,-0.004035117035339653,0.008350269322157544,0.008350269322157544
2023-02-16,1834.3699663742,,1832.1343994140625,1715543,,0,7.513236904668786,7.514456358957745,-0.0012194542889591986,0.0012194542889591986,-0.12187110567211684,Thursday,0,-0.00017996788694674137,-0.004524674111274329,0.004344706224327588,-0.004344706224327588
2023-02-17,1842.3198934255,,1837.308837890625,1839838,,0,7.51605719187408,7.518780868091774,-0.002723676217693871,0.002723676217693871,-0.2719970376891309,Friday,0,0.004324509134028709,0.0028202872052940364,0.0015042219287346725,-0.0015042219287346725
2023-02-18,1841.9201501828,,1841.3309326171875,1682095,,0,7.518243922067964,7.518563866354897,-0.0003199442869323832,0.0003199442869323832,-0.031989311021651354,Saturday,0,-0.0002170017368774424,0.0021867301938840455,0.002403731930761488,0.002403731930761488
2023-02-19,1842.5649831212,,1836.68798828125,1682383,,0,7.515719222276033,7.518913892435422,-0.0031946701593890126,0.0031946701593890126,-0.3189572630428825,Sunday,0,0.00035002608052536743,-0.002524699791931262,0.0028747258724566294,-0.0028747258724566294
2023-02-20,1841.8200718605,,1839.41552734375,1717797,,0,7.517203151959417,7.518509531186675,-0.0013063792272580699,0.0013063792272580699,-0.13055262853776814,Monday,1,-0.0004043612487469872,0.0014839296833839555,0.0018882909321309427,0.0018882909321309427
2023-02-21,1835.749945157,,1837.796630859375,1471621,,0,7.516322649818491,7.515208366456736,0.0011142833617547865,0.0011142833617547865,0.11149044061118049,Tuesday,0,-0.003301164729938577,-0.0008805021409257208,0.0024206625890128564,0.0024206625890128564
2023-02-22,1825.0699640571,,1829.2611083984375,1456861,,0,7.511667398397573,7.509373601751412,0.002293796646160473,0.002293796646160473,0.22964294103118835,Wednesday,0,-0.005834764705324069,-0.004655251420918383,0.0011795132844056866,0.0011795132844056866
2023-02-23,1823.179983234,,1825.462646484375,3722460,,0,7.509588738812593,7.5083374989517235,0.001251239860869724,0.001251239860869724,0.1252022988057349,Thursday,0,-0.0010361027996887984,-0.0020786595849795475,0.0010425567852907491,-0.0010425567852907491
2023-02-24,1810.4498805013,,1809.7342529296875,2817713,,0,7.500935291894719,7.5013306461389,-0.0003953542441808011,0.0003953542441808011,-0.03952761019898028,Friday,0,-0.0070068528128235386,-0.008653446917874064,0.001646594105050525,-0.001646594105050525
2023-02-25,1810.9849639351,,1811.6849365234375,1659700,,0,7.502012595393906,7.501626155217859,0.0003864401760473868,0.0003864401760473868,0.03865148536719404,Saturday,0,0.0002955090789589221,0.00107730349918711,0.0007817944202281879,0.0007817944202281879
2023-02-26,1811.750105308,,1810.0860595703125,1250065,,0,7.5011296698534915,7.502048566114406,-0.0009188962609147922,0.0009188962609147922,-0.09184742050309483,Sunday,0,0.00042241089654737607,-0.0008829255404148029,0.001305336436962179,-0.001305336436962179
2023-02-27,1817.1899628603,,1812.4954833984375,1906721,,0,7.502459894807622,7.505046610460518,-0.0025867156528960322,0.0025867156528960322,-0.2583372986758817,Monday,1,0.002998044346111506,0.0013302249541302658,0.00166781939198124,-0.00166781939198124
2023-02-28,1825.6400557112,,1822.5072021484375,1780901,,0,7.5079684156711295,7.509685919988493,-0.001717504317363172,0.001717504317363172,-0.17160302508491904,Tuesday,0,0.004639309527974866,0.0055085208635077265,0.0008692113355328601,0.0008692113355328601
2023-03-01,1836.1999474847,,1836.3287353515625,1579534,,0,7.515523604908695,7.51545346910961,7.013579908488055e-05,7.013579908488055e-05,0.007013825865689947,Wednesday,0,0.005767549121117099,0.007555189237565152,0.0017876401164480527,0.0017876401164480527
2023-03-02,1836.3999069313,,1837.1798095703125,664179,,0,7.515986962608054,7.515562361695094,0.0004246009129600381,0.0004246009129600381,0.042469106868765386,Thursday,0,0.00010889258548463232,0.0004633576993597899,0.00035446511387515756,0.00035446511387515756
2023-03-03,1855.4349028086,,1854.2320556640625,2231419,,0,7.525225903160679,7.525874396516098,-0.0006484933554187222,0.0006484933554187222,-0.06482831290479832,Friday,0,0.010312034821003735,0.009238940552624975,0.0010730942683787603,-0.0010730942683787603
2023-03-04,1855.1598767506,,1855.8477783203125,426887,,0,7.52609689399144,7.525726158255202,0.0003707357362374708,0.0003707357362374708,0.037080446722327035,Saturday,0,-0.00014823826089571668,0.0008709908307604763,0.001019229091656193,0.001019229091656193
2023-03-05,1852.3300274182,,1852.356201171875,316838,,0,7.52421372995861,7.524199599880077,1.4130078533014512e-05,1.4130078533014512e-05,0.0014130178363258583,Sunday,0,-0.0015265583751258305,-0.0018831640328302868,0.0003566056577044563,-0.0003566056577044563
2023-03-06,1846.2798476524,,1849.4088134765625,428091,,0,7.522621306719164,7.520928000351282,0.001693306367881675,0.001693306367881675,0.16947408206514195,Monday,1,-0.003271599528794411,-0.0015924232394457505,0.0016791762893486606,0.0016791762893486606
2023-03-07,1814.0500717729,,1822.38134765625,740175,,0,7.507899357596778,7.503317233256035,0.004582124340743121,0.004582124340743121,0.4592638325141504,Tuesday,0,-0.017610767095247226,-0.01472194912238578,0.002888817972861446,0.002888817972861446
2023-03-08,1815.2898963506,,1816.8642578125,1582283,,0,7.5048673588429615,7.504000456451887,0.0008669023910741203,0.0008669023910741203,0.08672782595579201,Wednesday,0,0.0006832231958524559,-0.003031998753816545,0.003715221949669001,-0.003715221949669001
2023-03-09,1831.2499507852,,1831.1585693359375,8962544,,0,7.512704143511254,7.512754045890401,-4.990237914714868e-05,4.990237914714868e-05,-0.004990113404421743,Thursday,0,0.008753589438513565,0.007836784668292296,0.0009168047702212689,-0.0009168047702212689
2023-03-10,1867.2699691452,,1858.186767578125,7066588,,0,7.527356435085164,7.532232733594344,-0.004876298509180366,0.004876298509180366,-0.4864428667073356,Friday,0,0.01947868770394301,0.014652291573909793,0.004826396130033217,-0.004826396130033217
2023-03-11,1867.3100670234,,1872.0291748046875,62793935,,0,7.5347782417476585,7.532254207429588,0.002524034318070356,0.002524034318070356,0.2527222374380479,Saturday,0,2.147383524420121e-05,0.007421806662494923,0.007400332827250722,0.007400332827250722
2023-03-12,1875.9698764261,,1896.4227294921875,89846841,,0,7.547724616556319,7.536881072095086,0.010843544461233812,0.010843544461233812,1.090254876856133,Sunday,0,0.004626864665497443,0.012946374808660899,0.008319510143163455,0.008319510143163455
2023-03-13,1911.0801176384,,1910.38134765625,13310554,,0,7.555058159570348,7.555423867819029,-0.0003657082486814289,0.0003657082486814289,-0.036564138557074,Monday,1,0.018542795723943684,0.007333543014028443,0.01120925270991524,-0.01120925270991524
2023-03-14,1903.5700885941,,1906.068115234375,9627413,,0,7.552797820844408,7.551486396050432,0.001311424793976279,0.001311424793976279,0.13122850875009656,Tuesday,0,-0.003937471768597156,-0.002260338725939448,0.001677133042657708,0.001677133042657708
2023-03-15,1921.1299317807,,1918.554931640625,6764155,,0,7.559327541875812,7.560668798055784,-0.001341256179971495,0.001341256179971495,-0.13403570979127832,Wednesday,0,0.009182402005351697,0.006529721031403923,0.002652680973947774,-0.002652680973947774
2023-03-16,1919.5000086378,,1916.99267578125,6098526,,0,7.558512922371288,7.559820018940878,-0.0013070965695902714,0.0013070965695902714,-0.13062426909439448,Thursday,0,-0.0008487791149054402,-0.0008146195045242166,3.4159610381223615e-05,3.4159610381223615e-05
2023-03-17,1987.7107793357,,1981.216552734375,7128113,,0,7.591466355582459,7.594738893401268,-0.003272537818808985,0.003272537818808985,-0.3267188903355118,Friday,0,0.03491887446038966,0.032953433211170946,0.0019654412492187134,-0.0019654412492187134
2023-03-18,1988.1881740579,,1984.20947265625,6964133,,0,7.592975863247472,7.594979037695723,-0.002003174448251599,0.002003174448251599,-0.20011694333385804,Saturday,0,0.00024014429445529117,0.001509507665012677,0.001269363370557386,0.001269363370557386
2023-03-19,1976.492390109,,1984.0487060546875,7780065,,0,7.592894836966211,7.589079032544152,0.003815804422059088,0.003815804422059088,0.38230938725095137,Sunday,0,-0.005900005151571186,-8.102628126049893e-05,0.005818978870310687,0.005818978870310687
2023-03-20,1976.3673893056,,1973.826416015625,7552099,,0,7.587729280977779,7.589015786787704,-0.0012865058099249538,0.0012865058099249538,-0.12856786160936276,Monday,1,-6.32457564480049e-05,-0.005165555988432047,0.005102310231984042,-0.005102310231984042
2023-03-21,1942.3034864736,,1952.850341796875,8726155,,0,7.577045298036144,7.571629911859696,0.005415386176448322,0.005415386176448322,0.5430075885011956,Tuesday,0,-0.01738587492800825,-0.010683982941634973,0.006701891986373276,0.006701891986373276
2023-03-22,1969.0919512776,,1969.3291015625,6766838,,0,7.585448206146644,7.58532777702949,0.00012042911715415272,0.00012042911715415272,0.012043636903100641,Wednesday,0,0.013697865169794099,0.00840290811049993,0.00529495705929417,-0.00529495705929417
2023-03-23,1991.6859063525,,1990.0374755859375,6658541,,0,7.595908749493952,7.596736748178249,-0.0008279986842971709,0.0008279986842971709,-0.08276559879772631,Thursday,0,0.01140897114875905,0.010460543347307727,0.0009484278014513237,-0.0009484278014513237
2023-03-24,1978.5477934048,,1983.340576171875,10324733,,0,7.592537861716263,7.590118416917241,0.00241944479902223,0.00241944479902223,0.24223740174744005,Friday,0,-0.006618331261008414,-0.0033708877776890134,0.003247443483319401,0.003247443483319401
2023-03-25,1979.5814095926,,1976.8890380859375,6730173,,0,7.589279695184716,7.590640692041819,-0.0013609968571026698,0.0013609968571026698,-0.13600711209025912,Saturday,0,0.0005222751245783641,-0.003258166531546536,0.0037804416561249,-0.0037804416561249
2023-03-26,1976.0342612724,,1979.526611328125,6457485,,0,7.590613009915345,7.588847216858107,0.0017657930572383407,0.0017657930572383407,0.17673529878354313,Sunday,0,-0.00179347518371209,0.0013333147306289206,0.0031267899143410105,0.0031267899143410105
2023-03-27,1957.5784910672,,1962.8651123046875,6929885,,0,7.582160476838899,7.579463524668836,0.0026969521700630494,0.0026969521700630494,0.27005922171761193,Monday,1,-0.009383692189270931,-0.008452533076446223,0.0009311591128247088,0.0009311591128247088
2023-03-28,1972.1734218865,,1976.2330322265625,6828892,,0,7.588947802643212,7.586891473429011,0.002056329214200403,0.002056329214200403,0.20584449090584206,Tuesday,0,0.007427948760175163,0.006787325804312516,0.0006406229558626464,-0.0006406229558626464
2023-03-29,1963.8579439429,,1965.2332763671875,6890759,,0,7.583366232965702,7.582666156330499,0.0007000766352023291,0.0007000766352023291,0.07003217460455599,Wednesday,0,-0.004225317098511816,-0.00558156967750989,0.001356252578998074,-0.001356252578998074
2023-03-30,1979.323589915,,1982.8779296875,7367939,,0,7.592304568222327,7.5905104440676965,0.0017941241546308717,0.0017941241546308717,0.17957345583157935,Thursday,0,0.007844287737197142,0.008938335256625685,0.0010940475194285426,0.0010940475194285426
2023-03-31,1968.6818159357,,1978.3309326171875,6615897,,0,7.5900088048705525,7.585119468798683,0.004889336071869366,0.004889336071869366,0.49013083797401047,Friday,0,-0.005390975269013332,-0.0022957633517748377,0.003095211917238494,0.003095211917238494
2023-04-01,1968.9070203349,,1973.375732421875,6628118,,0,7.587500925003719,7.585233855754158,0.0022670692495614375,0.0022670692495614375,0.226964099412626,Saturday,0,0.00011438695547472122,-0.002507879866833207,0.002622266822307928,-0.002622266822307928
2023-04-02,1968.9070203349,,1965.183349609375,6769759,,0,7.583340827639719,7.585233855754158,-0.0018930281144386996,0.0018930281144386996,-0.18912374668111806,Sunday,0,0.0,-0.004160097364000137,0.004160097364000137,-0.004160097364000137
2023-04-03,1984.3136040969,,1983.8524169921875,7507290,,0,7.592795898481318,7.593028341934711,-0.00023244345339268335,0.00023244345339268335,-0.023241644050633975,Monday,1,0.007794486180553228,0.009455070841599245,0.0016605846610460162,0.0016605846610460162
2023-04-04,2020.9283295956,,2020.18212890625,6795680,,0,7.610942949155704,7.611312253932445,-0.00036930477674079754,0.00036930477674079754,-0.036923659212560064,Tuesday,0,0.018283911997733604,0.01814705067438549,0.00013686132334811418,-0.00013686132334811418
2023-04-05,2020.2309972527,,2021.75732421875,11066624,,0,7.611722374681747,7.610967138932801,0.0007552357489464256,0.0007552357489464256,0.0755521011273269,Wednesday,0,-0.0003451149996438474,0.0007794255260433758,0.0011245405256872232,0.0011245405256872232
2023-04-06,2007.9462464758,,2016.93896484375,6262705,,0,7.6093362771313355,7.604867710769939,0.004468566361396142,0.004468566361396142,0.44785652921403046,Thursday,0,-0.006099428162861464,-0.0023860975504117476,0.0037133306124497167,0.0037133306124497167
2023-04-07,2007.8660159039,,2012.335693359375,6477299,,0,7.607051362908501,7.604827753437938,0.0022236094705627707,0.0022236094705627707,0.22260835235377183,Friday,0,-3.995733200135021e-05,-0.002284914222834722,0.0022449568908333717,-0.0022449568908333717
2023-04-08,2008.0659995068,,2011.8038330078125,6436489,,0,7.606787027961278,7.604927348551748,0.001859679409530024,0.001859679409530024,0.18614096857028709,Saturday,0,9.95951138103024e-05,-0.00026433494722244433,0.0003639300610327467,-0.0003639300610327467
2023-04-09,2004.6789206007,,2005.0457763671875,6992713,,0,7.603422170585873,7.603239187565722,0.00018298302015029577,0.00018298302015029577,0.018299976256428773,Sunday,0,-0.0016881609860259772,-0.0033648573754057054,0.0016766963893797282,-0.0016766963893797282
2023-04-10,1992.2433995482,,1995.3607177734375,7205490,,0,7.598580123893645,7.597016619208346,0.0015635046852988665,0.0015635046852988665,0.15647275960078535,Monday,1,-0.006222568357376446,-0.004842046692227875,0.0013805216651485708,0.0013805216651485708
2023-04-11,2004.3590801275,,2005.7427978515625,4167396,,0,7.603769743876509,7.603079627853981,0.0006901160225272207,0.0006901160225272207,0.06903542073781087,Tuesday,0,0.00606300864563547,0.0051896199828638245,0.0008733886627716458,-0.0008733886627716458
2023-04-12,2024.5656749872,,2020.4337158203125,5515922,,0,7.61106747815032,7.613110475048393,-0.0020429968980737456,0.0020429968980737456,-0.2040911400374146,Wednesday,0,0.01003084719441194,0.007297734273810974,0.0027331129206009663,-0.0027331129206009663
2023-04-13,2025.8420463112,,2041.5048828125,7479698,,0,7.62144250253365,7.613740718448107,0.0077017840855431174,0.0077017840855431174,0.7731519113160902,Thursday,0,0.0006302433997138479,0.010375024383330711,0.009744780983616863,0.009744780983616863
2023-04-14,2037.479434192,,2008.113525390625,5790687,,0,7.604951015762605,7.619468751415979,-0.014517735653373443,0.014517735653373443,-1.4412861454486625,Friday,0,0.005728032967871499,-0.01649148677104506,0.02221951973891656,-0.02221951973891656
2023-04-15,2004.1389477549,,2006.0548095703125,6704561,,0,7.603925290965326,7.602969795008217,0.000955495957108532,0.000955495957108532,0.09559525887956201,Saturday,0,-0.016498956407761334,-0.0010257247972793593,0.015473231610481974,0.015473231610481974
2023-04-16,2004.2341450548,,2006.900634765625,6907217,,0,7.604346838236194,7.603017294229329,0.0013295440068645803,0.0013295440068645803,0.13304282423310287,Sunday,0,4.749922111191296e-05,0.0004215472708679613,0.00037404804975604833,0.00037404804975604833
2023-04-17,2007.6785674491,,1998.282470703125,6669411,,0,7.600043325944042,7.60473439202653,-0.004691066082488149,0.004691066082488149,-0.4680080217180092,Monday,1,0.0017170977972007506,-0.004303512292151979,0.006020610089352729,-0.006020610089352729
2023-04-18,2003.6779512473,,2008.542724609375,6289122,,0,7.60516472547221,7.60273974632024,0.0024249791519697084,0.0024249791519697084,0.24279217920458412,Tuesday,0,-0.0019946457062900436,0.005121399528167814,0.007116045234457857,0.007116045234457857
2023-04-19,2004.0839222167,,1996.9300537109375,6609094,,0,7.599366307119346,7.602942338681566,-0.0035760315622201944,0.0035760315622201944,-0.3569645176260767,Wednesday,0,0.0002025923613260261,-0.005798418352863877,0.006001010714189903,-0.006001010714189903
2023-04-20,2003.6498485641,,2007.2391357421875,7171480,,0,7.604515492541583,7.602725720672924,0.001789771868658363,0.001789771868658363,0.1791374466281982,Thursday,0,-0.0002166180086415892,0.005149185422236968,0.005365803430878557,0.005365803430878557
2023-04-21,1987.895703064,,1985.8453369140625,6876541,,0,7.593799964892845,7.59483192259279,-0.0010319576999444635,0.0010319576999444635,-0.10314254147122157,Friday,0,-0.007893798080134573,-0.0107155276487374,0.0028217295686028265,-0.0028217295686028265
2023-04-22,1983.2636348383,,1984.6964111328125,6680372,,0,7.5932212399297425,7.592499067155732,0.0007221727740107653,0.0007221727740107653,0.07224336035533006,Saturday,0,-0.002332855437058079,-0.0005787249631028502,0.0017541304739552288,0.0017541304739552288
2023-04-23,1983.3781014827,,1986.3115234375,6794436,,0,7.594034692040824,7.592556781792969,0.001477910247855263,0.001477910247855263,0.14790028954172071,Sunday,0,5.771463723736048e-05,0.0008134521110818582,0.0007557374738444977,0.0007557374738444977
2023-04-24,1983.7298445609,,1995.6981201171875,6964471,,0,7.598749203006862,7.592734111517244,0.006015091489617319,0.006015091489617319,0.6033218479372525,Monday,1,0.00017732972427531024,0.004714510966037366,0.004537181241762056,0.004537181241762056
2023-04-25,1981.4433863977,,1999.64208984375,3772765,,0,7.600723488449587,7.591580841138654,0.009142647310932617,0.009142647310932617,0.9184568971781564,Tuesday,0,-0.0011532703785901433,0.0019742854427251544,0.0031275558213152976,0.0031275558213152976
2023-04-26,1999.6824504269,,1996.0577392578125,7930517,,0,7.598929383936892,7.600743672149481,-0.0018142882125893323,0.0018142882125893323,-0.18126433866105526,Wednesday,0,0.009162831010827155,-0.001794104512694794,0.010956935523521949,-0.010956935523521949
2023-04-27,2000.7050484591,,1989.8065185546875,7372469,,0,7.59579268613476,7.6012549216495655,-0.0054622355148055135,0.0054622355148055135,-0.544734463123703,Thursday,0,0.0005112495000840767,-0.0031366978021321046,0.0036479473022161812,-0.0036479473022161812
2023-04-28,1983.7133169254,,1992.3623046875,5578782,,0,7.59707630146961,7.592725779886607,0.004350521583003086,0.004350521583003086,0.435999884071214,Friday,0,-0.008529141762958936,0.0012836153348496637,0.0098127570978086,0.0098127570978086
2023-04-29,1988.803038891,,1993.7891845703125,5958345,,0,7.597792220043002,7.595288248757592,0.0025039712854093565,0.0025039712854093565,0.25071088397436125,Saturday,0,0.002562468870985768,0.0007159185733920381,0.0018465502975937298,-0.0018465502975937298
2023-04-30,1990.8250835201,,1990.869873046875,5876645,,0,7.596326944342598,7.59630444662378,2.2497718818570434e-05,2.2497718818570434e-05,0.002249797189407173,Sunday,0,0.0010161978661873405,-0.0014652757004034456,0.002481473566590786,-0.002481473566590786
2023-05-01,1988.4558208863,,1985.714111328125,5531179,,0,7.5937338822430975,7.595113647094576,-0.0013797648514781713,0.0013797648514781713,-0.1378813413592939,Monday,1,-0.0011907995292039786,-0.0025930620995007203,0.0014022625702967417,-0.0014022625702967417
2023-05-02,1988.1356019816,,2015.114501953125,8915616,,0,7.608431297556949,7.59495259514262,0.013478702414329469,0.013478702414329469,1.3569949627497597,Tuesday,0,-0.00016105195195592614,0.014697415313851714,0.01485846726580764,0.01485846726580764
2023-05-03,2016.3396096608,,2047.5238037109375,14440758,,0,7.6243864414036935,7.609039072176959,0.015347369226734742,0.015347369226734742,1.5465744907616727,Wednesday,0,0.014086477034338962,0.015955143846744235,0.001868666812405273,0.001868666812405273
2023-05-04,2039.9949163327,,2047.5328369140625,7204040,,0,7.62439085316349,7.620702594841383,0.003688258322107174,0.003688258322107174,0.36950683165982284,Thursday,0,0.011663522664424164,4.4117597965964706e-06,0.011659110904627568,-0.011659110904627568
2023-05-05,2049.4352473761,,2014.434814453125,7404749,,0,7.608093945931208,7.625319545093536,-0.017225599162327576,0.017225599162327576,-1.707808674013304,Friday,0,0.004616950252152918,-0.016296907232281832,0.02091385748443475,-0.02091385748443475
2023-05-06,2032.9169919334,,2015.90625,6998708,,0,7.608824125133772,7.617226982461958,-0.008402857328185576,0.008402857328185576,-0.8367652000007091,Saturday,0,-0.008092562631578204,0.0007301792025637965,0.008822741834142,0.008822741834142
2023-05-07,2016.4595527452,,2016.0238037109375,6868229,,0,7.608882436517851,7.609098555964574,-0.00021611944672361716,0.00021611944672361716,-0.021609609459770442,Sunday,0,-0.008128426497383323,5.831138407863534e-05,0.008186737881461958,0.008186737881461958
2023-05-08,2024.2308530028,,2022.0552978515625,7945662,,0,7.6118697473031816,7.612945081710967,-0.0010753344077851779,0.0010753344077851779,-0.10747564429275076,Monday,1,0.0038465257463924374,0.0029873107853308767,0.0008592149610615607,-0.0008592149610615607
2023-05-09,2032.0449423316,,2034.9945068359375,6687079,,0,7.618248398529532,7.616797925742962,0.0014504727865700673,0.0014504727865700673,0.14515252310085144,Tuesday,0,0.0038528440319955948,0.00637865122635084,0.002525807194355245,0.002525807194355245
2023-05-10,2031.2000451739,,2031.390380859375,7139130,,0,7.616475754266945,7.616382052630474,9.370163647126617e-05,9.370163647126617e-05,0.009370602660592425,Wednesday,0,-0.000415873112488363,-0.0017726442625871641,0.0013567711500988011,-0.0013567711500988011
2023-05-11,2028.7535236913,,2017.8717041015625,6436971,,0,7.609798623125217,7.615176855705321,-0.005378232580103948,0.005378232580103948,-0.5363795780345993,Thursday,0,-0.0012051969251531958,-0.00667713114172841,0.005471934216575214,-0.005471934216575214
2023-05-12,2007.1055550861,,2014.2947998046875,6782332,,0,7.608024437842108,7.604448940879269,0.0035754969628385425,0.0035754969628385425,0.3581896677217451,Friday,0,-0.01072791482605151,-0.00177418528310902,0.00895372954294249,0.00895372954294249
2023-05-13,2011.5487034161,,2011.6767578125,6706940,,0,7.606723861162043,7.60666020358298,6.365757906312552e-05,6.365757906312552e-05,0.006365960524974367,Saturday,0,0.002211262703710304,-0.001300576680065113,0.003511839383775417,-0.003511839383775417
2023-05-14,2011.5159286918,,2011.765869140625,6965371,,0,7.60676815722211,7.606643910171216,0.00012424705089397747,0.00012424705089397747,0.012425476987778584,Sunday,0,-1.629341176379029e-05,4.429606006706166e-05,6.058947183085195e-05,6.058947183085195e-05
2023-05-15,2015.2307106651,,2014.3804931640625,6988079,,0,7.608066979547833,7.608488964434537,-0.0004219848867039744,0.0004219848867039744,-0.0421895863604124,Monday,1,0.0018450542633212663,0.0012988223257233145,0.0005462319375979519,-0.0005462319375979519
2023-05-16,2016.4192990685,,1995.1961669921875,12630744,,0,7.598497653809345,7.6090785932143,-0.010580939404954748,0.010580939404954748,-1.0525158178220562,Tuesday,0,0.0005896287797630961,-0.009569325738487677,0.010158954518250773,-0.010158954518250773
2023-05-17,1987.5855407127,,1987.4927978515625,8555581,,0,7.594629222799437,7.594675884954623,-4.6662155186005805e-05,4.6662155186005805e-05,-0.004666106652413012,Wednesday,0,-0.014402708259677155,-0.003868431009908413,0.010534277249768742,0.010534277249768742
2023-05-18,1984.3183291087,,1964.2967529296875,9851375,,0,7.582889573696909,7.593030723113857,-0.010141149416948103,0.010141149416948103,-1.0089901345620111,Thursday,0,-0.0016451618407655744,-0.011739649102527672,0.010094487261762097,-0.010094487261762097
2023-05-19,1965.2079583061,,1977.5809326171875,7242730,,0,7.589629625538688,7.583353349902668,0.006276275636019513,0.006276275636019513,0.6296012724145674,Friday,0,-0.009677373211189,0.006740051841778616,0.016417425052967616,0.016417425052967616
2023-05-20,1976.2845849802,,1976.8387451171875,6959382,,0,7.589254254399963,7.58897388867679,0.00028036572317269304,0.00028036572317269304,0.028040502931570455,Saturday,0,0.005620538774121719,-0.0003753711387251002,0.00599590991284682,-0.00599590991284682
2023-05-21,1976.6220951562,,1977.6844482421875,6687747,,0,7.589681968739488,7.589144654244576,0.0005373144949123443,0.0005373144949123443,0.05374588742030497,Sunday,0,0.00017076556778583551,0.00042771433952548676,0.00025694877173965125,0.00025694877173965125
2023-05-22,1980.1239121942,,1972.462890625,6426618,,0,7.587038239171699,7.5909147036466775,-0.0038764644749784694,0.0038764644749784694,-0.38689606857536646,Monday,1,0.00177004940210157,-0.0026437295677892436,0.004413778969890814,-0.004413778969890814
2023-05-23,1967.871738843,,1974.708740234375,10200014,,0,7.5881761931609155,7.58470790213619,0.0034682910247259002,0.0034682910247259002,0.34743125054454904,Tuesday,0,-0.006206801510487914,0.0011379539892164559,0.00734475549970437,0.00734475549970437
2023-05-24,1976.5173921671,,1960.895263671875,6932769,,0,7.581156415117718,7.589091682175435,-0.007935267057717077,0.007935267057717077,-0.7903865939725733,Wednesday,0,0.004383780039245444,-0.007019778043197533,0.011403558082442977,-0.011403558082442977
2023-05-25,1957.3386301526,,1944.594970703125,3912580,,0,7.57280899308358,7.579340987763214,-0.006531994679633613,0.006531994679633613,-0.6510707576686133,Thursday,0,-0.009750694412221428,-0.008347422034137963,0.0014032723780834644,0.0014032723780834644
2023-05-26,1953.2375400536,,1956.9410400390625,4866228,,0,7.579137839215637,7.577243551772212,0.0018942874434246804,0.0018942874434246804,0.18960827393071997,Friday,0,-0.0020974359910015394,0.0063288461320567535,0.008426282123058293,0.008426282123058293
2023-05-27,1945.8277658336,,1949.8287353515625,5677778,,0,7.575496819675846,7.573442752063117,0.0020540676127289714,0.0020540676127289714,0.20561786547682306,Saturday,0,-0.003800799709095415,-0.003641019539791124,0.00015978016930429106,0.00015978016930429106
2023-05-28,1945.5252918288,,1943.1651611328125,6126897,,0,7.572073448921239,7.573287292509113,-0.0012138435878732423,0.0012138435878732423,-0.12131071777375384,Sunday,0,-0.00015545955400408928,-0.003423370754606303,0.0032679112006022137,-0.0032679112006022137
2023-05-29,1945.4492149237,,1943.92138671875,5867858,,0,7.572462545272025,7.573248188215328,-0.0007856429433035217,0.0007856429433035217,-0.07853344066912608,Monday,1,-3.9104293784397726e-05,0.0003890963507853229,0.0004282006445697206,0.0004282006445697206
2023-05-30,1938.6269480778,,1958.049072265625,5171463,,0,7.579703885220537,7.569735242755145,0.009968642465391753,0.009968642465391753,1.0018494897681305,Tuesday,0,-0.0035129454601827703,0.007241339948512504,0.010754285408695274,0.010754285408695274
2023-05-31,1957.1133830153,,1962.85986328125,5657727,,0,7.582157802671213,7.579225902874299,0.0029318997969136618,0.0029318997969136618,0.29362020186568766,Wednesday,0,0.00949066011915356,0.002453917450675469,0.007036742668478091,-0.007036742668478091
2023-06-01,1967.756731745,,1973.65283203125,5913351,,0,7.58764133422818,7.584649458053425,0.002991876174754715,0.002991876174754715,0.2996356303160164,Thursday,0,0.005423555179126183,0.005483531556967236,5.997637784105336e-05,5.997637784105336e-05
2023-06-02,1979.2836299587,,1952.9503173828125,4139560,,0,7.577096491424995,7.590490255170904,-0.013393763745908949,0.013393763745908949,-1.3304466412646958,Friday,0,0.005840797117478758,-0.010544842803184906,0.016385639920663664,-0.016385639920663664
2023-06-03,1948.6636259719,,1950.845947265625,4853104,,0,7.576018376596065,7.574899096604276,0.0011192799917889573,0.0011192799917889573,0.11199066194077063,Saturday,0,-0.01559115856662796,-0.0010781148289300546,0.014513043737697906,0.014513043737697906
2023-06-04,1948.70881477,,1951.468994140625,4348849,,0,7.576337698275452,7.574922285970337,0.0014154123051151046,0.0014154123051151046,0.14164144738837678,Sunday,0,2.31893660611604e-05,0.0003193216793873077,0.0002961323133261473,0.0002961323133261473
2023-06-05,1942.658547649,,1959.88623046875,8174009,,0,7.580641704860638,7.571812699322363,0.008829005538275148,0.008829005538275148,0.88680961667705,Monday,1,-0.0031095866479740053,0.004304006585186038,0.007413593233160043,0.007413593233160043
2023-06-06,1964.0380701283,,1960.592529296875,5573620,,0,7.581002017403593,7.582757872702257,-0.0017558552986640663,0.0017558552986640663,-0.17543146865783002,Tuesday,0,0.01094517337989398,0.000360312542954766,0.010584860836939214,-0.010584860836939214
2023-06-07,1961.709394332,,1943.568359375,5541205,,0,7.572280923007901,7.58157151209679,-0.009290589088888801,0.009290589088888801,-0.9247564909163049,Wednesday,0,-0.0011863606054669518,-0.008721094395691686,0.007534733790224735,-0.007534733790224735
2023-06-08,1945.6827634299,,1961.55078125,6710081,,0,7.581490654302512,7.57336822963658,0.008122424665931938,0.008122424665931938,0.8155501049990015,Thursday,0,-0.008203282460209849,0.00920973129461089,0.01741301375482074,0.01741301375482074
2023-06-09,1964.1082781468,,1961.6929931640625,7412951,,0,7.581563151410672,7.582793618834037,-0.0012304674233654112,0.0012304674233654112,-0.12297107087275773,Friday,0,0.009425389197456724,7.249710815937505e-05,0.009352892089297349,-0.009352892089297349
2023-06-10,1960.8169940087,,1957.6854248046875,7313739,,0,7.579518148694093,7.581116499051448,-0.001598350357355116,0.001598350357355116,-0.1597073675708171,Saturday,0,-0.0016771197825891093,-0.0020450027165788143,0.00036788293398970495,-0.00036788293398970495
2023-06-11,1960.8896634839,,1958.9212646484375,7140088,,0,7.58014922553318,7.581153559179374,-0.0010043336461942332,0.0010043336461942332,-0.10038294719577709,Sunday,0,3.706012792648039e-05,0.0006310768390873633,0.000594016711160883,0.000594016711160883
2023-06-12,1964.2957813016,,1959.0928955078125,8544417,,0,7.580236836681313,7.58288907905254,-0.002652242371227409,0.002652242371227409,-0.2648728283853457,Monday,1,0.0017355198731658916,8.761114813271575e-05,0.0016479087250331759,-0.0016479087250331759
2023-06-13,1965.2454208308,,1945.28564453125,6482699,,0,7.573164106211051,7.583372412601593,-0.010208306390541821,0.010208306390541821,-1.0156378479748367,Tuesday,0,0.00048333354905238934,-0.007072730470262023,0.007556064019314412,-0.007556064019314412
2023-06-14,1944.7273482534,,1945.6357421875,7038696,,0,7.573344062382044,7.572877065379712,0.0004669970023316594,0.0004669970023316594,0.0467106062408158,Wednesday,0,-0.01049534722188028,0.00017995617099320071,0.01067530339287348,0.01067530339287348
2023-06-15,1934.0429465841,,1956.2939453125,7104613,,0,7.578807118093658,7.567367881859811,0.011439236233846906,0.011439236233846906,1.1504914494116896,Thursday,0,-0.005509183519901484,0.005463055711613762,0.010972239231515246,0.010972239231515246
2023-06-16,1964.7782069945,,1957.3863525390625,6528781,,0,7.57936536872825,7.583134646174341,-0.003769277446091124,0.003769277446091124,-0.3762182636759106,Friday,0,0.015766764314530057,0.000558250634592028,0.01520851367993803,-0.01520851367993803
2023-06-17,1956.8334286637,,1957.1788330078125,8359405,,0,7.579259344420769,7.579082848118807,0.0001764963019619259,0.0001764963019619259,0.017651187835049383,Saturday,0,-0.004051798055534128,-0.0001060243074810785,0.00394577374805305,0.00394577374805305
2023-06-18,1957.2934233375,,1954.9488525390625,6698766,,0,7.578119309693114,7.579317891434116,-0.0011985817410025135,0.0011985817410025135,-0.119786372880135,Sunday,0,0.00023504331530954659,-0.0011400347276548928,0.0013750780429644394,-0.0013750780429644394
2023-06-19,1956.6684041882,,1952.3897705078125,6909827,,0,7.576809424554384,7.578998512154421,-0.0021890876000369985,0.0021890876000369985,-0.21866932952099194,Monday,1,-0.0003193792796949424,-0.0013098851387294275,0.000990505859034485,-0.000990505859034485
2023-06-20,1952.3471116977,,1938.7818603515625,7239184,,0,7.569815147805914,7.576787574779917,-0.006972426974003021,0.006972426974003021,-0.6948176000496966,Tuesday,0,-0.002210937374504063,-0.006994276748470085,0.004783339373966022,-0.004783339373966022
2023-06-21,1935.1949650871,,1934.329345703125,8643833,,0,7.567515954019318,7.567963357539178,-0.0004474035198596127,0.0004474035198596127,-0.04473034498288832,Wednesday,0,-0.008824217240739785,-0.0022991937865963763,0.006525023454143408,0.006525023454143408
2023-06-22,1930.0458733303,,1919.353271484375,7163736,,0,7.559743570510689,7.565299050181386,-0.005555479670697139,0.005555479670697139,-0.5540076530655184,Thursday,0,-0.002664307357791884,-0.00777238350862941,0.005108076150837526,-0.005108076150837526
2023-06-23,1918.4574987803,,1926.89453125,6696005,,0,7.563664934819988,7.559276756082379,0.004388178737609216,0.004388178737609216,0.4397820892599375,Friday,0,-0.006022294099007119,0.003921364309299236,0.009943658408306355,0.009943658408306355
2023-06-24,1920.1225191777,,1926.6580810546875,7052325,,0,7.563542216788395,7.560144275057643,0.003397941730752585,0.003397941730752585,0.34037212790912624,Saturday,0,0.0008675189752640478,-0.00012271803159258354,0.0009902370068566313,-0.0009902370068566313
2023-06-25,1920.3076179179,,1929.671875,6939905,,0,7.565105254491723,7.560240669853921,0.0048645846378017055,0.0048645846378017055,0.4876435939077962,Sunday,0,9.639479627843173e-05,0.0015630377033275522,0.0014666429070491205,0.0014666429070491205
2023-06-26,1931.1659085875,,1925.8177490234375,7028091,,0,7.563105961205419,7.56587919721909,-0.0027732360136711875,0.0027732360136711875,-0.2769394146966051,Monday,1,0.005638527365168677,-0.0019992932863042157,0.007637820651472893,-0.007637820651472893
2023-06-27,1923.228562252,,1919.6351318359375,7035172,,0,7.559890411460677,7.561760595651156,-0.0018701841904791294,0.0018701841904791294,-0.1868436485705503,Tuesday,0,-0.004118601567933311,-0.003215549744741253,0.0009030518231920581,0.0009030518231920581
2023-06-28,1916.0993735121,,1913.69482421875,5292749,,0,7.5567911153185126,7.558046822275681,-0.0012557069571688118,0.0012557069571688118,-0.1254918887083972,Wednesday,0,-0.0037137733754750712,-0.0030992961421647536,0.0006144772333103177,0.0006144772333103177
2023-06-29,1908.45740533,,1912.2503662109375,1090182,,0,7.556036029709834,7.5540505535343385,0.001985476175495826,0.001985476175495826,0.19874485384606283,Thursday,0,-0.0039962687413428455,-0.0007550856086782076,0.003241183132664638,0.003241183132664638
2023-06-30,1905.4907095895,,1922.5137939453125,4079697,,0,7.561388876358123,7.5524948447258025,0.008894031632320498,0.008894031632320498,0.8933701051462868,Friday,0,-0.0015557088085360604,0.005352846648288612,0.006908555456824672,0.006908555456824672
2023-07-01,1919.3857965451,,1918.3189697265625,13531069,,0,7.559204544915043,7.559760516210904,-0.0005559712958609353,0.0005559712958609353,-0.05558167724580353,Saturday,0,0.007265671485101599,-0.0021843314430798344,0.009450002928181434,-0.009450002928181434
2023-07-02,1919.3979539602,,1920.501953125,18465668,,0,7.560341864773206,7.559766850204111,0.0005750145690948116,0.0005750145690948116,0.0575179921663503,Sunday,0,6.333993207263688e-06,0.0011373198581630106,0.001130985864955747,0.001130985864955747
2023-07-03,1914.7089087193,,1924.608642578125,5033534,,0,7.5624779234963,7.557320884169975,0.0051570393263249414,0.0051570393263249414,0.5170359741756558,Monday,1,-0.002445966034136049,0.002136058723094081,0.00458202475723013,0.00458202475723013
2023-07-04,1929.7412101253,,1926.249755859375,6156020,,0,7.5633302598903205,7.56514118489035,-0.0018109250000293287,0.0018109250000293287,-0.18092862647102725,Tuesday,0,0.00782030072037454,0.00085233639402027,0.00696796432635427,-0.00696796432635427
2023-07-05,1923.8157423149,,1918.0230712890625,6118003,,0,7.559050284197452,7.562065858612002,-0.0030155744145501373,0.0030155744145501373,-0.3011032137031635,Wednesday,0,-0.00307532627834739,-0.004279975692868199,0.0012046494145208086,-0.0012046494145208086
2023-07-06,1923.9160464603,,1910.5120849609375,6658805,,0,7.555126592415725,7.562117995377728,-0.006991402962003512,0.006991402962003512,-0.6967019961200362,Thursday,0,5.213676572601855e-05,-0.0039236917817273564,0.003975828547453375,-0.003975828547453375
2023-07-07,1915.8842514698,,1924.6505126953125,6240690,,0,7.562499678392762,7.557934545155746,0.004565133237016461,0.004565133237016461,0.45755693324309316,Friday,0,-0.004183450221982632,0.007373085977037341,0.011556536199019973,0.011556536199019973
2023-07-08,1925.8905751345,,1924.37939453125,6592470,,0,7.562358802290968,7.563143776172152,-0.0007849738811840368,0.0007849738811840368,-0.07846658697857381,Saturday,0,0.005209231016405802,-0.00014087610179469578,0.005350107118200498,-0.005350107118200498
2023-07-09,1926.0660293956,,1924.75390625,6248906,,0,7.562553397640448,7.563234874945702,-0.0006814773052541412,0.0006814773052541412,-0.06812451523335213,Sunday,0,9.10987735505131e-05,0.00019459534948040869,0.00010349657592989558,0.00010349657592989558
2023-07-10,1923.0769230769,,1925.3631591796875,7071211,,0,7.562869883048252,7.561681746388789,0.001188136659463268,0.001188136659463268,0.1188842773449565,Monday,1,-0.0015531285569130304,0.00031648540780437884,0.0018696139647174093,0.0018696139647174093
2023-07-11,1934.6127959546,,1932.774169921875,6270968,,0,7.5667116435793185,7.567662479990296,-0.0009508364109773737,0.0009508364109773737,-0.09503845092773322,Tuesday,0,0.005980733601506749,0.0038417605310661074,0.0021389730704406418,-0.0021389730704406418
2023-07-12,1934.1978166001,,1952.0003662109375,6194089,,0,7.576609954581082,7.567447954443481,0.009162000137600934,0.009162000137600934,0.9204099734809225,Wednesday,0,-0.00021452554681467007,0.009898311001763638,0.010112836548578308,0.010112836548578308
2023-07-13,1960.6120874088,,1959.1658935546875,6265049,,0,7.580274097133373,7.581011992966634,-0.0007378958332617813,0.0007378958332617813,-0.07376236550820911,Thursday,0,0.013564038523153243,0.003664142552290528,0.009899895970862715,-0.009899895970862715
2023-07-14,1956.4536460372,,1955.00830078125,5697863,,0,7.578149718334365,7.578888749081122,-0.0007390307467565194,0.0007390307467565194,-0.0738757730793999,Friday,0,-0.002123243885512771,-0.002124378799007509,1.1349134947380435e-06,-1.1349134947380435e-06
2023-07-15,1956.0682714772,,1953.8837890625,4541006,,0,7.5775743574781815,7.578691753603846,-0.001117396125664527,0.001117396125664527,-0.11167720710740933,Saturday,0,-0.00019699547727558553,-0.0005753608561835932,0.0003783653789080077,-0.0003783653789080077
2023-07-16,1956.2557733999,,1954.11328125,2374191,,0,7.577691804949935,7.578787605542844,-0.0010958005929087022,0.0010958005929087022,-0.10952004226810977,Sunday,0,9.585193899752653e-05,0.00011744747175335135,2.159553275582482e-05,2.159553275582482e-05
2023-07-17,1957.1187454399,,1955.23779296875,337452,,0,7.578267098254842,7.579228642836787,-0.0009615445819450841,0.0009615445819450841,-0.09610824460869832,Monday,1,0.00044103729394340263,0.0005752933049070208,0.00013425601096361817,0.00013425601096361817
2023-07-18,1963.9281390838,,1976.827880859375,3997356,,0,7.5892487586114505,7.582701899183814,0.006546859427636775,0.006546859427636775,0.6568336956357719,Tuesday,0,0.0034732563470267763,0.010981660356608636,0.007508404009581859,0.007508404009581859
2023-07-19,1975.6594800736,,1977.3740234375,4525382,,0,7.589524992650488,7.588657535559679,0.0008674570908091539,0.0008674570908091539,0.08678334405259695,Wednesday,0,0.005955636375865048,0.00027623403903742627,0.005679402336827621,-0.005679402336827621
2023-07-20,1984.8862818951,,1969.2191162109375,6098117,,0,7.585392355439475,7.593316902762396,-0.00792454732292125,0.00792454732292125,-0.7893230875274122,Thursday,0,0.004659367202717313,-0.0041326372110130905,0.008792004413730403,-0.008792004413730403
2023-07-21,1972.4037052787,,1965.3291015625,2592093,,0,7.583414991991061,7.587008232911733,-0.003593240920672258,0.003593240920672258,-0.358679295585708,Friday,0,-0.006308669850662696,-0.001977363448413705,0.004331306402248991,0.004331306402248991
2023-07-22,1961.7659660285,,1964.5550537109375,1101597,,0,7.583021062892397,7.581600349640706,0.0014207132516910193,0.0014207132516910193,0.14217229428665154,Saturday,0,-0.0054078832710278135,-0.00039392909866453607,0.0050139541723632775,0.0050139541723632775
2023-07-23,1962.0600374675,,1963.1123046875,4675357,,0,7.582286403382475,7.581750239793474,0.0005361635890004379,0.0005361635890004379,0.05363073503898354,Sunday,0,0.00014989015276878348,-0.0007346595099217978,0.0008845496626905813,-0.0008845496626905813
2023-07-24,1961.3911912352,,1957.662109375,4977469,,0,7.5795062389315575,7.58140929188828,-0.0019030529567221066,0.0019030529567221066,-0.19012432995845283,Monday,1,-0.00034094790519478835,-0.002780164450917333,0.0024392165457225445,-0.0024392165457225445
2023-07-25,1962.4835936372,,1969.3116455078125,4500201,,0,7.585439342147205,7.58196608969153,0.003473252455674647,0.003473252455674647,0.3479291186306185,Tuesday,0,0.0005567978032505749,0.0059331032156473285,0.0053763054123967535,0.0053763054123967535
2023-07-26,1963.803951095,,1971.0833740234375,3125808,,0,7.586338606625126,7.5826386626972155,0.0036999439279101765,0.0036999439279101765,0.37067971700426383,Wednesday,0,0.0006725730056853507,0.0008992644779208803,0.00022669147223552955,0.00022669147223552955
2023-07-27,1977.6415754051,,1948.3916015625,1485070,,0,7.5747594914953105,7.589660290204352,-0.01490079870904193,0.01490079870904193,-1.4790331173437428,Thursday,0,0.007021627507136863,-0.011579115129815243,0.018600742636952106,-0.018600742636952106
2023-07-28,1950.4971622217,,1960.2137451171875,1049077,,0,7.580808799909866,7.57583957404778,0.00496922586208548,0.00496922586208548,0.49815929413709,Friday,0,-0.01382071615657221,0.006049308414555199,0.01987002457112741,0.01987002457112741
2023-07-29,1959.3501462557,,1955.35205078125,1393039,,0,7.578325533333486,7.58036813921424,-0.0020426058807538894,0.0020426058807538894,-0.204052118101016,Saturday,0,0.004528565166459941,-0.002483266576379428,0.0070118317428393695,-0.0070118317428393695
2023-07-30,1959.3501462557,,1957.8250732421875,2037648,,0,7.579589479590857,7.58036813921424,-0.0007786596233829712,0.0007786596233829712,-0.07783565466473723,Sunday,0,0.0,0.0012639462573709181,0.0012639462573709181,0.0012639462573709181
2023-07-31,1956.6783584721,,1967.0111083984375,2362392,,0,7.584270465754118,7.579003599505226,0.005266866248891944,0.005266866248891944,0.5280760571403279,Monday,1,-0.0013645397090140676,0.004680986163260847,0.006045525872274915,0.006045525872274915
2023-08-01,1961.2061653261,,1951.3408203125,1342588,,0,7.5762720154293675,7.581314953421995,-0.005042937992627117,0.005042937992627117,-0.5030243728588167,Tuesday,0,0.0023113539167685104,-0.00799845032475055,0.01030980424151906,-0.01030980424151906
2023-08-02,1947.3699891979,,1937.4610595703125,1058948,,0,7.5691336627392385,7.5742350177233835,-0.00510135498414499,0.00510135498414499,-0.5088365170744373,Wednesday,0,-0.007079935698611095,-0.0071383526901289684,5.8416991517873385e-05,-5.8416991517873385e-05
2023-08-03,1937.8293946628,,1934.1519775390625,733754,,0,7.567424254900534,7.569323756925956,-0.0018995020254219952,0.0018995020254219952,-0.18976991131757734,Thursday,0,-0.004911260797427097,-0.0017094078387041023,0.003201852958722995,0.003201852958722995
2023-08-04,1936.6701126484,,1940.33203125,1175662,,0,7.5706143875417276,7.5687253405127874,0.0018890470289401051,0.0018890470289401051,0.18908324023198683,Friday,0,-0.000598416413168934,0.0031901326411931663,0.0037885490543621003,0.0037885490543621003
2023-08-05,1942.8548114314,,1943.4962158203125,845315,,0,7.5722438031950965,7.571913722669566,0.0003300805255301853,0.0003300805255301853,0.0330135008101738,Saturday,0,0.0031883821567788573,0.0016294156533689375,0.0015589665034099198,-0.0015589665034099198
2023-08-06,1942.3774311282,,1940.4498291015625,888765,,0,7.570675095850433,7.571667981732706,-0.00099288588227342,0.00099288588227342,-0.09923931341798331,Sunday,0,-0.00024574093685991727,-0.0015687073446635225,0.0013229664078036052,-0.0013229664078036052
2023-08-07,1942.2616121509,,1941.7213134765625,870809,,0,7.571330133649523,7.57160835252338,-0.00027821887385659494,0.00027821887385659494,-0.027818017457448812,Monday,1,-5.9629209326672594e-05,0.0006550377990901524,0.000714667008416825,0.000714667008416825
2023-08-08,1932.04010297,,1931.0743408203125,898637,,0,7.5658317802997415,7.566331771787884,-0.0004999914881427259,0.0004999914881427259,-0.04998665132275482,Tuesday,0,-0.0052765807354955285,-0.0054983533497816595,0.00022177261428613093,-0.00022177261428613093
2023-08-09,1927.3173919772,,1921.6832275390625,1149218,,0,7.560956761971409,7.563884362675704,-0.002927600704295763,0.002927600704295763,-0.29233194602978935,Wednesday,0,-0.002447409112179777,-0.004875018328332814,0.002427609216153037,-0.002427609216153037
2023-08-10,1918.7567684145,,1917.3590087890625,1221685,,0,7.558704001875237,7.559432738841728,-0.0007287369664910059,0.0007287369664910059,-0.07284715021969114,Thursday,0,-0.004451623833976015,-0.002252760096171258,0.002198863737804757,0.002198863737804757
2023-08-11,1915.2450441119,,1913.4295654296875,840446,,0,7.556652494901468,7.557600853800266,-0.000948358898797963,0.000948358898797963,-0.09479093486203241,Friday,0,-0.0018318850414624777,-0.0020515069737694347,0.00021962193230695704,-0.00021962193230695704
2023-08-12,1913.2164995791,,1915.3514404296875,688547,,0,7.557656404583672,7.556541135843332,0.0011152687403397366,0.0011152687403397366,0.11158908837850985,Saturday,0,-0.0010597179569336035,0.001003909682204096,0.0020636276391376995,0.0020636276391376995
2023-08-13,1913.6148337298,,1910.5823974609375,745067,,0,7.555163394698595,7.556749315466339,-0.00158592076774422,0.00158592076774422,-0.15846638599430338,Sunday,0,0.00020817962300689885,-0.0024930098850770577,0.0027011895080839565,-0.0027011895080839565
2023-08-14,1911.7403030797,,1910.27001953125,1075214,,0,7.554999882530999,7.555769259637219,-0.0007693771062200483,0.0007693771062200483,-0.0769081211543969,Monday,1,-0.0009800558291201966,-0.00016351216759602494,0.0008165436615241717,0.0008165436615241717
2023-08-15,1907.1245596449,,1905.0059814453125,1381427,,0,7.552240427422178,7.553351920533372,-0.001111493111194406,0.001111493111194406,-0.11108756315224727,Tuesday,0,-0.002417339103846672,-0.0027594551088210295,0.0003421160049743577,-0.0003421160049743577
2023-08-16,1904.7122008435,,1900.9290771484375,1185255,,0,7.550098033611734,7.552086200475019,-0.001988166863284846,0.001988166863284846,-0.1986191768702516,Wednesday,0,-0.001265720058353459,-0.002142393810443899,0.00087667375209044,-0.00087667375209044
2023-08-17,1892.4863371949,,1898.00439453125,11344279,,0,7.548558294515586,7.54564676583767,0.0029115286779157756,0.0029115286779157756,0.2915771294036945,Thursday,0,-0.00643943463734864,-0.0015397390961480184,0.0048996955412006216,0.0048996955412006216
2023-08-18,1893.6872609575,,1899.056396484375,3870556,,0,7.549112408362028,7.546281139181492,0.002831269180536111,0.002831269180536111,0.2835281008417509,Friday,0,0.0006343733438214372,0.0005541138464417728,8.025949737966442e-05,-8.025949737966442e-05
2023-08-19,1889.4415925423,,1897.924072265625,1052602,,0,7.548515974294675,7.544036610717328,0.004479363577347684,0.004479363577347684,0.4489410922679851,Saturday,0,-0.0022445284641641194,-0.000596434067352547,0.0016480943968115724,0.0016480943968115724
2023-08-20,1889.3973257092,,1896.4906005859375,811729,,0,7.547760404926815,7.544013181916016,0.0037472230107988835,0.0037472230107988835,0.37542526287185146,Sunday,0,-2.342880131145364e-05,-0.0007555693678602537,0.0007321405665488001,-0.0007321405665488001
2023-08-21,1886.6212330541,,1902.9713134765625,2514369,,0,7.551171792813935,7.542542800819069,0.008628991994865665,0.008628991994865665,0.8666329062773592,Monday,1,-0.001470381096947193,0.003411387887119588,0.004881768984066781,0.004881768984066781
2023-08-22,1894.3846460882,,1906.768310546875,1533862,,0,7.553165104012203,7.546649339762522,0.006515764249681588,0.006515764249681588,0.653703802142112,Tuesday,0,0.004106538943452698,0.0019933111982686214,0.0021132277451840764,-0.0021132277451840764
2023-08-23,1901.4031214194,,1923.8460693359375,894250,,0,7.562081622482386,7.550347377566267,0.011734244916119074,0.011734244916119074,1.1803361246080166,Wednesday,0,0.0036980378037450023,0.008916518470182488,0.005218480666437486,0.005218480666437486
2023-08-24,1920.4016558471,,1918.322998046875,641757,,0,7.559206644834894,7.560289638897145,-0.00108299406225143,0.00108299406225143,-0.10824078358275346,Thursday,0,0.009942261330878388,-0.0028749776474921163,0.012817238978370504,-0.012817238978370504
2023-08-25,1916.6094718457,,1917.1300048828125,1043454,,0,7.558584557586465,7.558313003901885,0.0002715536845796507,0.0002715536845796507,0.02715905586187182,Friday,0,-0.001976634995259907,-0.0006220872484288265,0.0013545477468310807,0.0013545477468310807
2023-08-26,1914.5531117136,,1917.9127197265625,867080,,0,7.558992748530255,7.557239512352139,0.0017532361781151806,0.0017532361781151806,0.17547739952513372,Saturday,0,-0.0010734915497456754,0.00040819094378985454,0.00148168249353553,0.00148168249353553
2023-08-27,1915.022779196,,1919.3013916015625,1012098,,0,7.5597165402683935,7.5574847966855145,0.00223174358287892,0.00223174358287892,0.22342357762233636,Sunday,0,0.00024528433337511757,0.000723791738138857,0.00047850740476373943,0.00047850740476373943
2023-08-28,1915.566429162,,1922.0338134765625,3371194,,0,7.5611391822353,7.557768643342036,0.0033705388932636637,0.0033705388932636637,0.33762255467129376,Monday,1,0.0002838466565213693,0.001422641966906113,0.0011387953103847437,0.0011387953103847437
2023-08-29,1922.5404603446,,1937.2559814453125,2069725,,0,7.569027808235273,7.5614027468512415,0.007625061384031184,0.007625061384031184,0.7654206194482317,Tuesday,0,0.0036341035092055662,0.007888625999973087,0.0042545224907675205,0.0042545224907675205
2023-08-30,1936.7462546717,,1942.6591796875,1721236,,0,7.571813024669501,7.568764655688895,0.0030483689806057868,0.0030483689806057868,0.3053019982115501,Wednesday,0,0.00736190883765353,0.0027852164342281327,0.0045766924034253975,-0.0045766924034253975
2023-08-31,1946.8130670093,,1943.7216796875,1282472,,0,7.572359805885711,7.5739489899818215,-0.0015891840961108628,0.0015891840961108628,-0.1587922011715836,Thursday,0,0.005184334292926529,0.0005467812162098795,0.0046375530767166495,-0.0046375530767166495
2023-09-01,1942.3781856945,,1939.8143310546875,2564079,,0,7.570347541835383,7.571668370208262,-0.0013208283728793901,0.0013208283728793901,-0.13199564630076158,Friday,0,-0.0022806197735594225,-0.00201226405032795,0.0002683557232314726,0.0002683557232314726
2023-09-02,1940.4563215895,,1940.349609375,1192480,,0,7.5706234468393605,7.570678441712293,-5.4994872932923045e-05,5.4994872932923045e-05,-0.005499336074342002,Saturday,0,-0.0009899284959686838,0.0002759050039777833,0.001265833499946467,0.001265833499946467
2023-09-03,1939.9097437593,,1939.451416015625,1021469,,0,7.570160436819236,7.570396727139694,-0.00023629032045757725,0.00023629032045757725,-0.023626240609875913,Sunday,0,-0.0002817145725995118,-0.00046301002012416603,0.0001812954475246542,-0.0001812954475246542
2023-09-04,1943.6682189449,,1941.04150390625,1006199,,0,7.570979965684478,7.572332301187701,-0.0013523355032232232,0.0013523355032232232,-0.13514215096215731,Monday,1,0.0019355740480069272,0.0008195288652412813,0.001116045182765646,-0.001116045182765646
2023-09-05,1935.5088452754,,1928.514892578125,2384754,,0,7.564505499982025,7.5681255400281335,-0.003620040046108386,0.003620040046108386,-0.3613495600574177,Tuesday,0,-0.004206761159567307,-0.00647446570245247,0.0022677045428851628,-0.0022677045428851628
2023-09-06,1925.5505148922,,1917.9752197265625,1885120,,0,7.559025335509329,7.562967187599077,-0.003941852089748288,0.003941852089748288,-0.39340931889608693,Wednesday,0,-0.005158352429056379,-0.005480164472696281,0.0003218120436399019,-0.0003218120436399019
2023-09-07,1919.3231698774,,1918.884033203125,1496878,,0,7.55949906333391,7.559727887184712,-0.00022882385080169598,0.00022882385080169598,-0.02287976726207373,Thursday,0,-0.003239300414365154,0.00047372782458143803,0.003713028238946592,0.003713028238946592
2023-09-08,1925.9328592842,,1924.4549560546875,1666917,,0,7.562398066918417,7.5631657315657055,-0.0007676646472880577,0.0007676646472880577,-0.0767370068166256,Friday,0,0.0034378443809934822,0.0028990035845071205,0.0005388407964863617,-0.0005388407964863617
2023-09-09,1919.1250018232,,1924.2203369140625,1400368,,0,7.562276144894316,7.559624632929079,0.002651511965236608,0.002651511965236608,0.26550303320637997,Saturday,0,-0.0035410986366262165,-0.00012192202410155062,0.003419176612524666,0.003419176612524666
2023-09-10,1919.1051136091,,1919.1309814453125,1594445,,0,7.559627748730703,7.55961426970775,1.3479022952900266e-05,1.3479022952900266e-05,0.0013479113795808774,Sunday,0,-1.0363221329079408e-05,-0.0026483961636127873,0.002638032942283708,-0.002638032942283708
2023-09-11,1920.3500260399,,1925.9290771484375,1855240,,0,7.563163767769585,7.560262753635363,0.0029010141342222795,0.0029010141342222795,0.2905226147778084,Monday,1,0.0006484839276126309,0.00353601903888201,0.0028875351112693792,0.0028875351112693792
2023-09-12,1922.3298022057,,1919.60986328125,1916787,,0,7.559877248166998,7.56129316804898,-0.0014159198819818641,0.0014159198819818641,-0.1414917940370612,Tuesday,0,0.0010304144136172866,-0.003286519602586857,0.004316934016204144,-0.004316934016204144
2023-09-13,1909.3173541291,,1916.7337646484375,1676874,,0,7.558377852153196,7.554501050940721,0.003876801212475023,0.003876801212475023,0.3884325726835648,Wednesday,0,-0.006792117108258999,-0.0014993960138021123,0.005292721094456887,0.005292721094456887
2023-09-14,1912.3493785821,,1912.169921875,1915941,,0,7.555993960936065,7.55608780630231,-9.384536624512663e-05,9.384536624512663e-05,-0.00938409629065655,Thursday,0,0.0015867553615889207,-0.0023838912171312288,0.0039706465787201495,-0.0039706465787201495
2023-09-15,1923.6477285471,,1920.738037109375,1331148,,0,7.560464785489054,7.561978521191294,-0.0015137357022405595,0.0015137357022405595,-0.15125905822282384,Friday,0,0.005890714888984405,0.004470824552988972,0.001419890335995433,-0.001419890335995433
2023-09-16,1923.5877836018,,1916.638671875,1282250,,0,7.5583282390383575,7.561947358583695,-0.003619119545337668,0.003619119545337668,-0.3612578425606498,Saturday,0,-3.116260759927769e-05,-0.002136546450696386,0.0021053838430971084,-0.0021053838430971084
2023-09-17,1923.6669709267,,1929.2652587890625,1233670,,0,7.564894514488274,7.561988524209557,0.0029059902787169634,0.0029059902787169634,0.29102167615143604,Sunday,0,4.1165625861872e-05,0.006566275449916503,0.006525109824054631,0.006525109824054631
2023-09-18,1926.3227769561,,1932.910400390625,1583869,,0,7.566782125516646,7.56336816759802,0.003413957918625421,0.003413957918625421,0.3419792110299703,Monday,1,0.001379643388463414,0.0018876110283718717,0.0005079676399084576,0.0005079676399084576
2023-09-19,1932.6580754861,,1925.2242431640625,3740177,,0,7.5627977298928135,7.566651575556681,-0.0038538456638672614,0.0038538456638672614,-0.384642913111659,Tuesday,0,0.0032834079586603337,-0.003984395623832349,0.007267803582492682,-0.007267803582492682
2023-09-20,1929.3822928239,,1929.94677734375,2741019,,0,7.5652477050128635,7.564955175138571,0.00029252987429284616,0.00029252987429284616,0.029257266532902386,Wednesday,0,-0.0016964004181101444,0.002449975120049963,0.0041463755381601075,0.0041463755381601075
2023-09-21,1924.4832762403,,1924.3302001953125,1854824,,0,7.562333238223464,7.562412782761544,-7.954453807990092e-05,7.954453807990092e-05,-0.007954137449642094,Thursday,0,-0.002542392377026914,-0.002914466789399661,0.0003720744123727471,-0.0003720744123727471
2023-09-22,1922.8173427357,,1921.34326171875,1716652,,0,7.560779835883519,7.561546755500505,-0.0007669196169857173,0.0007669196169857173,-0.07666256093014207,Friday,0,-0.0008660272610390152,-0.0015534023399448316,0.0006873750789058164,-0.0006873750789058164
2023-09-23,1925.2587595904,,1923.50634765625,1702048,,0,7.561905022242143,7.562815658254691,-0.0009106360125485935,0.0009106360125485935,-0.09102215094051729,Saturday,0,0.0012689027541865627,0.0011251863586236865,0.0001437163955628762,-0.0001437163955628762
2023-09-24,1925.5768402401,,1919.3126220703125,1928581,,0,7.559722391582806,7.562980859101197,-0.003258467518390873,0.003258467518390873,-0.32531644746030336,Sunday,0,0.00016520084650561984,-0.0021826306593366596,0.0023478315058422794,-0.0023478315058422794
2023-09-25,1924.222575595,,1918.8233642578125,1526950,,0,7.559467446048362,7.562277308315984,-0.00280986226762181,0.00280986226762181,-0.28059182995075604,Monday,1,-0.0007035507852126699,-0.0002549455344436069,0.000448605250769063,0.000448605250769063
2023-09-26,1915.4237003419,,1899.977783203125,4424341,,0,7.549597472035181,7.557694130584059,-0.008096658548877755,0.008096658548877755,-0.8063968894202342,Tuesday,0,-0.004583177731925403,-0.009869974013181348,0.0052867962812559455,-0.0052867962812559455
2023-09-27,1900.5271682259,,1879.7445068359375,2157716,,0,7.538891145969487,7.5498865836314675,-0.010995437661980745,0.010995437661980745,-1.0935208787024375,Wednesday,0,-0.007807546952591338,-0.010706326065694327,0.0028987791131029894,-0.0028987791131029894
2023-09-28,1876.7194268799,,1875.0570068359375,1835433,,0,7.536394341588163,7.5372805458607965,-0.0008862042726338615,0.0008862042726338615,-0.08858117095992366,Thursday,0,-0.01260603777067093,-0.002496804381324047,0.010109233389346883,0.010109233389346883
2023-09-29,1865.2018614715,,1855.8790283203125,1871916,,0,7.526113732515194,7.531124562934687,-0.0050108304194926845,0.0050108304194926845,-0.49982971515118096,Friday,0,-0.006155982926109971,-0.010280609072968794,0.004124626146858823,-0.004124626146858823
2023-09-30,1848.5087894744,,1854.9654541015625,1413434,,0,7.525621351742281,7.522134533287968,0.0034868184543128677,0.0034868184543128677,0.34929044773427625,Saturday,0,-0.008990029646718689,-0.0004923807729131369,0.008497648873805552,0.008497648873805552
2023-10-01,1848.6287334213,,1861.790771484375,2015345,,0,7.5292940838994395,7.522199418051491,0.007094665847948711,0.007094665847948711,0.7119892612896749,Sunday,0,6.488476352295436e-05,0.003672732157158798,0.0036078473936358435,0.0036078473936358435
2023-10-02,1847.1450526067,,1835.48828125,2432777,,0,7.515065818416372,7.521396511282729,-0.006330692866357346,0.006330692866357346,-0.631069625000473,Monday,1,-0.000802906768761602,-0.01422826548306766,0.013425358714306057,-0.013425358714306057
2023-10-03,1823.6650817193,,1831.7459716796875,2727622,,0,7.513024873872752,7.50860353629607,0.00442133757668195,0.00442133757668195,0.44311261104857913,Tuesday,0,-0.012792974986659544,-0.002040944543620249,0.010752030443039295,0.010752030443039295
2023-10-04,1823.5975714057,,1822.0364990234375,1598694,,0,7.507710110014119,7.508566516580174,-0.0008564065660552345,0.0008564065660552345,-0.0856039954615137,Wednesday,0,-3.701971589542552e-05,-0.00531476385863261,0.005277744142737184,-0.005277744142737184
2023-10-05,1826.4199684687,,1830.64453125,1588631,,0,7.512423386695448,7.51011302839536,0.002310358300087856,0.002310358300087856,0.23130292343670986,Thursday,0,0.001546511815186058,0.004713276681329148,0.0031667648661430903,0.0031667648661430903
2023-10-06,1820.3288132749,,1833.023193359375,1646193,,0,7.513721900983535,7.506772430387151,0.0069494705963846215,0.0069494705963846215,0.697367420210024,Friday,0,-0.0033405980082097386,0.001298514288087027,0.004639112296296766,0.004639112296296766
2023-10-07,1832.7172654246,,1835.8016357421875,2320769,,0,7.515236523808772,7.513554989038227,0.0016815347705447792,0.0016815347705447792,0.1682949342910686,Saturday,0,0.006782558651076798,0.0015146228252369554,0.005267935825839842,-0.005267935825839842
2023-10-08,1832.7757113232,,1854.7216796875,2951286,,0,7.525489925880411,7.513586878827118,0.011903047053293037,0.011903047053293037,1.1974170231913261,Sunday,0,3.1889788890460125e-05,0.010253402071638718,0.010221512282748257,0.010221512282748257
2023-10-09,1848.0899620624,,1865.248779296875,2585700,,0,7.53114971690663,7.521907931786457,0.009241785120173596,0.009241785120173596,0.9284622278520687,Monday,1,0.008321052959338715,0.005659791026219274,0.002661261933119441,-0.002661261933119441
2023-10-10,1863.1098657257,,1863.0582275390625,1838009,,0,7.529974624830863,7.530002341340343,-2.7716509480413265e-05,2.7716509480413265e-05,-0.0027716125381276554,Tuesday,0,0.008094409553886628,-0.001175092075767381,0.009269501629654009,-0.009269501629654009
2023-10-11,1861.3440169516,,1880.9310302734375,2134138,,0,7.539522162107499,7.529054095523887,0.01046806658361188,0.01046806658361188,1.0523048476506758,Wednesday,0,-0.0009482458164562502,0.009547537276636042,0.010495783093092292,0.010495783093092292
2023-10-12,1875.1449721457,,1878.1431884765625,2363792,,0,7.538038902056878,7.536441253893298,0.00159764816357999,0.00159764816357999,0.15989250833399402,Thursday,0,0.007387158369411395,-0.001483260050620494,0.00887041842003189,-0.00887041842003189
2023-10-13,1872.5501192721,,1928.3905029296875,2499020,,0,7.5644409976747475,7.535056480999581,0.02938451667516695,0.02938451667516695,2.9820501509083215,Friday,0,-0.001384772893717745,0.026402095617869215,0.02778686851158696,0.02778686851158696
2023-10-14,1932.4750696222,,1934.115478515625,3009463,,0,7.567405383907847,7.566556879794767,0.0008485041130796844,0.0008485041130796844,0.08488641945304617,Saturday,0,0.03150039879518651,0.0029643862330992476,0.028536012562087265,-0.028536012562087265
2023-10-15,1932.983089684,,1928.02197265625,2260320,,0,7.564249871711489,7.566819730946579,-0.0025698592350895666,0.0025698592350895666,-0.2566559973662852,Sunday,0,0.0002628511518114607,-0.0031555121963577903,0.003418363348169251,-0.003418363348169251
2023-10-16,1922.5101522955,,1922.4654541015625,2455300,,0,7.561363731960385,7.561386982143749,-2.3250183364353916e-05,2.3250183364353916e-05,-0.0023249913080574656,Monday,1,-0.005432748802829401,-0.0028861397511041886,0.0025466090517252127,0.0025466090517252127
2023-10-17,1916.1401273275,,1927.0968017578125,2073078,,0,7.563769901588473,7.5580680912049285,0.005701810383544448,0.005701810383544448,0.5718096643377562,Tuesday,0,-0.003318890938820651,0.0024061696280881506,0.005725060566908802,0.005725060566908802
2023-10-18,1928.4781453286,,1946.368896484375,3611297,,0,7.573720811319218,7.564486445112512,0.009234366206706035,0.009234366206706035,0.9277134511019575,Wednesday,0,0.006418353907583274,0.009950909730744861,0.0035325558231615872,0.0035325558231615872
2023-10-19,1950.4998253327,,1967.89599609375,2732288,,0,7.584720228702381,7.575840939396694,0.008879289305687266,0.008879289305687266,0.8918827130929181,Thursday,0,0.011354494284182337,0.010999417383163568,0.0003550769010187693,-0.0003550769010187693
2023-10-20,1972.9399448918,,1982.22509765625,4930931,,0,7.591975279408066,7.587280067085864,0.00469521232220238,0.00469521232220238,0.4706252102853146,Friday,0,0.01143912768916966,0.0072550507056847735,0.004184076983484886,-0.004184076983484886
2023-10-21,1980.9233123177,,1982.7059326171875,5507698,,0,7.592217823331087,7.591318334347875,0.0008994889832116826,0.0008994889832116826,0.08998936447478012,Saturday,0,0.004038267262011175,0.00024254392302047734,0.0037957233389906975,-0.0037957233389906975
2023-10-22,1981.1642787363,,1977.5545654296875,6889668,,0,7.589616292398768,7.591439970436608,-0.0018236780378400042,0.0018236780378400042,-0.18220161474519567,Sunday,0,0.00012163608873283493,-0.002601530932318852,0.0027231670210516867,-0.0027231670210516867
2023-10-23,1967.5399199093,,1973.4830322265625,7533569,,0,7.5875552972582705,7.584539269747378,0.0030160275108928047,0.0030160275108928047,0.30205802978252,Monday,1,-0.006900700689230099,-0.0020609951404972904,0.004839705548732809,0.004839705548732809
2023-10-24,1977.2001145985,,1973.3304443359375,5763110,,0,7.58747797518992,7.589437039392797,-0.001959064202877059,0.001959064202877059,-0.19571464891141363,Tuesday,0,0.004897769645419103,-7.732206835076028e-05,0.004975091713769864,-0.004975091713769864
2023-10-25,1974.5149357246,,1983.1053466796875,5292730,,0,7.592419252010225,7.588078045005312,0.004341207004912917,0.004341207004912917,0.43506436946423943,Wednesday,0,-0.0013589943874849908,0.004941276820304985,0.006300271207789976,0.006300271207789976
2023-10-26,1983.7499142028,,1983.4920654296875,5269629,,0,7.592614239658856,7.592744228590612,-0.00012998893175630855,0.00012998893175630855,-0.012998048356117927,Thursday,0,0.004666183585300132,0.00019498764863090656,0.0044711959366692255,-0.0044711959366692255
2023-10-27,1984.6101421914,,2009.585693359375,10056026,,0,7.605683857100138,7.593177771913218,0.012506085186920757,0.012506085186920757,1.2584613288530868,Friday,0,0.0004335433226057006,0.013069617441282766,0.012636074118677065,0.012636074118677065
2023-10-28,2006.6448036027,,2003.2794189453125,4755275,,0,7.60254082615889,7.6042193543608025,-0.0016785282019124992,0.0016785282019124992,-0.16771202613164687,Saturday,0,0.011041582447584908,-0.003143030941248348,0.014184613388833256,-0.014184613388833256
2023-10-29,2006.5517929142,,2006.0048828125,4221007,,0,7.603900402622856,7.604173001940093,-0.00027259931723655484,0.00027259931723655484,-0.027256216541794297,Sunday,0,-4.635242070971657e-05,0.0013595764639662278,0.0014059288846759443,0.0014059288846759443
2023-10-30,2003.299835489,,2000.8955078125,3768337,,0,7.601350113236465,7.602551017667602,-0.001200904431136962,0.001200904431136962,-0.12001836339756891,Monday,1,-0.0016219842724911615,-0.0025502893863915688,0.0009283051139004073,-0.0009283051139004073
2023-10-31,1996.3566491154,,1993.8680419921875,3915184,,0,7.597831770795438,7.599079122831239,-0.0012473520358007306,0.0012473520358007306,-0.12465744156061254,Tuesday,0,-0.0034718948363625657,-0.003518342441026334,4.6447604663768516e-05,-4.6447604663768516e-05
2023-11-01,1980.6600430754,,1989.202392578125,4183681,,0,7.595489029623956,7.591185423226705,0.004303606397251691,0.004303606397251691,0.4312880210104729,Wednesday,0,-0.007893699604534454,-0.0023427411714820323,0.005550958433052422,0.005550958433052422
2023-11-02,1985.5874151881,,1985.8028564453125,2501069,,0,7.593778573034008,7.593670076390421,0.0001084966435875856,0.0001084966435875856,0.010850252956101838,Thursday,0,0.002484653163715933,-0.0017104565899481727,0.004195109753664106,-0.004195109753664106
2023-11-03,1984.4100775488,,1993.4727783203125,1965957,,0,7.59763351150887,7.593076958799808,0.004556552709061634,0.004556552709061634,0.456694958065673,Friday,0,-0.0005931175906122022,0.0038549384748618465,0.004448056065474049,0.004448056065474049
2023-11-04,1992.374386274,,1995.771728515625,1689364,,0,7.598786085860165,7.597082365401777,0.0017037204583880694,0.0017037204583880694,0.1705172614660268,Saturday,0,0.004005406601968353,0.0011525743512947884,0.002852832250673565,-0.002852832250673565
2023-11-05,1992.5220646912,,1991.0533447265625,2617727,,0,7.596419096636745,7.597156484475677,-0.0007373878389325128,0.0007373878389325128,-0.07371160353324262,Sunday,0,7.411907390064698e-05,-0.0023669892234199352,0.002441108297320582,-0.002441108297320582
2023-11-06,1991.5577865428,,1980.8458251953125,1610600,,0,7.591279216913361,7.596672418792641,-0.005393201879280163,0.005393201879280163,-0.5378684675819837,Monday,1,-0.00048406568303605013,-0.0051398797233837,0.00465581404034765,-0.00465581404034765
2023-11-07,1974.8701720349,,1968.0743408203125,2187945,,0,7.584810851705818,7.588257939496006,-0.003447087790187986,0.003447087790187986,-0.34411534038134006,Tuesday,0,-0.008414479296635413,-0.006468365207543236,0.0019461140890921769,0.0019461140890921769
2023-11-08,1969.1400312581,,1954.46240234375,2739780,,0,7.577870448590453,7.585352194067753,-0.0074817454773006276,0.0074817454773006276,-0.745382688958504,Wednesday,0,-0.002905745428252615,-0.006940403115365257,0.004034657687112642,-0.004034657687112642
2023-11-09,1951.0950228151,,1959.6356201171875,3975762,,0,7.580513826838033,7.576146044109092,0.0043677827289414495,0.0043677827289414495,0.4377335394851669,Thursday,0,-0.009206149958661314,0.0026433782475807632,0.011849528206242077,0.011849528206242077
2023-11-10,1959.236900738,,1942.1915283203125,3020681,,0,7.571572268252024,7.580310340055322,-0.008738071803297665,0.008738071803297665,-0.870000580903051,Friday,0,0.004164295946229579,-0.008941558586009535,0.013105854532239114,-0.013105854532239114
2023-11-11,1938.2057370502,,1941.2857666015625,2338251,,0,7.571105798814256,7.569517946284821,0.001587852529434386,0.001587852529434386,0.1589113834762482,Saturday,0,-0.01079239377050012,-0.00046646943776806893,0.01032592433273205,0.01032592433273205
2023-11-12,1938.2376690289,,1946.13232421875,2560279,,0,7.5735992584910985,7.569534421169325,0.004064837321773318,0.004064837321773318,0.40731099782027375,Sunday,0,1.6474884503736575e-05,0.0024934596768426687,0.002476984792338932,0.002476984792338932
2023-11-13,1940.335084227,,1950.0164794921875,2983458,,0,7.575593102543717,7.570615960970681,0.004977141573036192,0.004977141573036192,0.49895481166566114,Monday,1,0.0010815398013557243,0.0019938440526185985,0.0009123042512628743,0.0009123042512628743
2023-11-14,1945.2758877801,,1965.49755859375,3462185,,0,7.583500702731278,7.573159090610568,0.010341612120710053,0.010341612120710053,1.039527140632297,Tuesday,0,0.0025431296398874537,0.007907600187561314,0.005364470547673861,0.005364470547673861
2023-11-15,1963.1901840491,,1965.2213134765625,4751437,,0,7.583360145684777,7.582326073969157,0.0010340717156198664,0.0010340717156198664,0.10346065521136873,Wednesday,0,0.009166983358588787,-0.00014055704650139944,0.009307540405090187,-0.009307540405090187
2023-11-16,1956.6301194249,,1981.0968017578125,5423783,,0,7.591405910602022,7.578978945661822,0.012426964940200236,0.012426964940200236,1.2504500513415335,Thursday,0,-0.00334712830733519,0.00804576491724518,0.01139289322458037,0.01139289322458037
2023-11-17,1984.6101421914,,1982.0877685546875,7948475,,0,7.591905996732226,7.593177771913218,-0.001271775180991419,0.001271775180991419,-0.12709668176578381,Friday,0,0.01419882625139568,0.0005000861302040249,0.013698740121191655,-0.013698740121191655
2023-11-18,1980.689466119,,1981.38525390625,5512746,,0,7.5915515022513445,7.591200278287351,0.0003512239639933412,0.0003512239639933412,0.035128565035155296,Saturday,0,-0.001977493625866522,-0.00035449448088176183,0.0016229991449847603,0.0016229991449847603
2023-11-19,1980.7028048534,,1985.7601318359375,6283412,,0,7.593757057771879,7.591207012654204,0.0025500451176752037,0.0025500451176752037,0.25532992481988104,Sunday,0,6.734366852612084e-06,0.0022055555205344746,0.0021988211536818625,0.0021988211536818625
2023-11-20,1980.4301811222,,1981.108154296875,5477394,,0,7.591411641016873,7.591069363283382,0.00034227773349115864,0.00034227773349115864,0.034233631719888226,Monday,1,-0.0001376493708216131,-0.002345416755005658,0.002207767384184045,-0.002207767384184045
2023-11-21,1989.4701324828,,1998.239501953125,7886112,,0,7.600021822871973,7.595623617179677,0.004398205692296209,0.004398205692296209,0.44078919945287803,Tuesday,0,0.004554253896294824,0.008610181855099874,0.00405592795880505,0.00405592795880505
2023-11-22,1995.9151600335,,1994.0535888671875,8079841,,0,7.597924825219426,7.59885795097481,-0.0009331257553837347,0.0009331257553837347,-0.09326905289306697,Wednesday,0,0.0032343337951328266,-0.002096997652547117,0.005331331447679943,-0.005331331447679943
2023-11-23,1993.945186048,,1998.538818359375,8896693,,0,7.600171601710238,7.597870460699609,0.0023011410106290597,0.0023011410106290597,0.2303790667625866,Thursday,0,-0.000987490275201175,0.0022467764908116195,0.0032342667660127944,0.0032342667660127944
2023-11-24,1993.1185588637,,2004.41943359375,8117830,,0,7.603109738505417,7.597455806082061,0.0056539324233559896,0.0056539324233559896,0.566994606507142,Friday,0,-0.0004146546175478605,0.0029381367951790693,0.00335279141272693,0.00335279141272693
2023-11-25,2002.6282493144,,2000.578857421875,2332612,,0,7.601191846376611,7.602215721493194,-0.001023875116583639,0.001023875116583639,-0.102335113530258,Saturday,0,0.00475991541113352,-0.001917892128806109,0.006677807539939629,-0.006677807539939629
2023-11-26,2003.1040099739,,1998.889404296875,2535214,,0,7.600347007455568,7.602453261413959,-0.0021062539583907025,0.0021062539583907025,-0.21040373620339042,Sunday,0,0.00023753992076436248,-0.000844838921042701,0.0010823788418070635,-0.0010823788418070635
2023-11-27,2010.0300499492,,2016.9617919921875,3697316,,0,7.609347594786287,7.605904951164851,0.0034426436214367584,0.0034426436214367584,0.3448576325096567,Monday,1,0.0034516897508920508,0.009000587330719512,0.005548897579827461,0.005548897579827461
2023-11-28,2014.5998047853,,2044.745849609375,3082266,,0,7.623028781834016,7.608175846608596,0.014852935225420083,0.014852935225420083,1.4963788218617324,Tuesday,0,0.0022708954437451467,0.013681187047728471,0.011410291603983325,0.011410291603983325
2023-11-29,2047.9058422043,,2046.1348876953125,3273000,,0,7.623707871853264,7.624573009616312,-0.000865137763048196,0.000865137763048196,-0.08647636392702591,Wednesday,0,0.01639716300771621,0.0006790900192479299,0.01571807298846828,-0.01571807298846828
2023-11-30,2043.5718120331,,2042.5413818359375,2700919,,0,7.621950086913711,7.6224544440717805,-0.0005043571580696238,0.0005043571580696238,-0.050422999137838424,Thursday,0,-0.002118565544531492,-0.00175778493955292,0.00036078060497857223,0.00036078060497857223
2023-12-01,2041.5300287631,,2068.83447265625,4050117,,0,7.634740670995669,7.6214548198178,0.013285851177868402,0.013285851177868402,1.3374500256404682,Friday,0,-0.000999624253980258,0.012790584081957768,0.013790208335938026,0.013790208335938026
2023-12-02,2071.7363574607,,2072.711181640625,3251321,,0,7.636612778870469,7.6361423546758305,0.00047042419463849683,0.00047042419463849683,0.047053486145293595,Saturday,0,0.014687534858030205,0.0018721078748002995,0.012815426983229905,-0.012815426983229905
2023-12-03,2071.7745577797,,2110.31103515625,3706494,,0,7.654590625632981,7.636160793299395,0.018429832333585416,0.018429832333585416,1.8600709827158592,Sunday,0,1.843862356487591e-05,0.017977846762511795,0.01795940813894692,0.01795940813894692
2023-12-04,2085.5400954468,,2034.969970703125,5368429,,0,7.618236341356577,7.642783139271798,-0.024546797915220964,0.024546797915220964,-2.4247975310607024,Monday,1,0.006622345972402854,-0.036354284276403526,0.04297663024880638,-0.04297663024880638
2023-12-05,2035.1358056299,,2024.7767333984375,4344929,,0,7.613214718350215,7.618317830603285,-0.00510311225307003,0.00510311225307003,-0.5090113496507542,Tuesday,0,-0.024465308668513153,-0.005021623006362219,0.019443685662150934,0.019443685662150934
2023-12-06,2021.7099299114,,2029.964111328125,3943366,,0,7.615773392730848,7.611698932272363,0.004074460458484808,0.004074460458484808,0.40827723574997554,Wednesday,0,-0.006618898330922107,0.0025586743806327306,0.009177572711554838,0.009177572711554838
2023-12-07,2028.6901417223,,2029.8572998046875,3864219,,0,7.615720773902262,7.6151456133891084,0.0005751605131534276,0.0005751605131534276,0.057532594967734954,Thursday,0,0.003446681116745509,-5.261882858587086e-05,0.00349929994533138,-0.00349929994533138
2023-12-08,2032.7000456341,,2007.982421875,3992225,,0,7.604885726726988,7.617120260014908,-0.012234533287919902,0.012234533287919902,-1.2159995672843764,Friday,0,0.001974646625799714,-0.010835047175273615,0.01280969380107333,-0.01280969380107333
2023-12-09,2004.4072907509,,2012.83740234375,3937568,,0,7.607300648578978,7.603103680452183,0.004196968126794154,0.004196968126794154,0.420578773173979,Saturday,0,-0.01401657956272473,0.0024149218519893267,0.016431501414714056,0.016431501414714056
2023-12-10,2004.4072907509,,2013.2548828125,3408537,,0,7.6075080360110965,7.603103680452183,0.004404355558913053,0.004404355558913053,0.4414068988087446,Sunday,0,0.0,0.00020738743211889954,0.00020738743211889954,0.00020738743211889954
2023-12-11,2001.3641297909,,1988.199462890625,5427760,,0,7.594984715629444,7.601584291936986,-0.00659957630754171,0.00659957630754171,-0.6577846931657798,Monday,1,-0.0015193885151978392,-0.012523320381652603,0.011003931866454764,-0.011003931866454764
2023-12-12,1982.9301441471,,1989.8948974609375,3575804,,0,7.595837100977496,7.592330900540296,0.0035062004371999578,0.0035062004371999578,0.3512354348132207,Tuesday,0,-0.009253391396689459,0.0008523853480522092,0.010105776744741668,0.010105776744741668
2023-12-13,1978.7736945783,,2030.323974609375,4559167,,0,7.615950652705793,7.590232585641936,0.025718067063857042,0.025718067063857042,2.6051629942483676,Wednesday,0,-0.0020983148983599875,0.020113551728297097,0.022211866626657084,0.022211866626657084
2023-12-14,2033.0199026549,,2033.202880859375,10294920,,0,7.6173676024807415,7.6172776033762455,8.999910449603021e-05,8.999910449603021e-05,0.009000315453674185,Thursday,0,0.02704501773430934,0.0014169497749483284,0.02562806795936101,-0.02562806795936101
2023-12-15,2033.0434619965,,2022.71826171875,3735015,,0,7.612197559905475,7.617289191656845,-0.0050916317513696185,0.0050916317513696185,-0.5078691366297843,Friday,0,1.1588280599106326e-05,-0.005170042575266542,0.005181630855865649,-0.005181630855865649
2023-12-16,2019.8192746506,,2020.2850341796875,3091510,,0,7.610993886470279,7.610763318397998,0.00023056807228094556,0.00023056807228094556,0.023059465514217014,Saturday,0,-0.00652587325884646,-0.0012036734351958955,0.005322199823650564,0.005322199823650564
2023-12-17,2019.7617529431,,2019.7984619140625,3512181,,0,7.610753014088088,7.610734839351725,1.8174736363008037e-05,1.8174736363008037e-05,0.0018174901524422651,Sunday,0,-2.8479046273233166e-05,-0.00024087238219117069,0.00021239333591793752,-0.00021239333591793752
2023-12-18,2022.0197955738,,2032.0389404296875,3879302,,0,7.61679497211204,7.6118521896283395,0.004942782483700725,0.004942782483700725,0.49550181842034835,Monday,1,0.001117350276614637,0.006041958023952354,0.004924607747337717,0.004924607747337717
2023-12-19,2025.5991165147,,2042.1270751953125,3348950,,0,7.621747227540225,7.6136207957899575,0.008126431750267393,0.008126431750267393,0.8159540822199298,Tuesday,0,0.0017686061616180027,0.004952255428184671,0.0031836492665666682,0.0031836492665666682
2023-12-20,2036.2555297064,,2032.8812255859375,4290781,,0,7.617209388697805,7.618867875544931,-0.0016584868471252179,0.0016584868471252179,-0.16571123177988567,Wednesday,0,0.005247079754973072,-0.004537838842419539,0.009784918597392611,-0.009784918597392611
2023-12-21,2036.1261722233,,2051.50537109375,4233731,,0,7.62632913000884,7.618804346390441,0.007524783618399589,0.007524783618399589,0.7553165948285513,Thursday,0,-6.352915448992746e-05,0.009119741311034879,0.009183270465524807,0.009183270465524807
2023-12-22,2050.0499187155,,2053.4599609375,5026993,,0,7.6272814352457265,7.62561942242891,0.0016620128168165493,0.0016620128168165493,0.1663394725596015,Friday,0,0.006815076038469314,0.000952305236886275,0.005862770801583039,-0.005862770801583039
2023-12-23,2053.0693797842,,2053.64990234375,3035263,,0,7.627373929195345,7.627091210789954,0.00028271840539151327,0.00028271840539151327,0.028275837400634253,Saturday,0,0.0014717883610435578,9.249394961852175e-05,0.001379294411425036,-0.001379294411425036
2023-12-24,2053.1827720719,,2054.765869140625,3677700,,0,7.627917188147892,7.627146439881367,0.0007707482665253451,0.0007707482665253451,0.07710453692962044,Sunday,0,5.522909141308929e-05,0.0005432589525469211,0.00048802986113383184,0.00048802986113383184
2023-12-25,2053.7149135643,,2055.29931640625,3135144,,0,7.628176769076436,7.6274055851224265,0.0007711839540096577,0.0007711839540096577,0.07714813928094488,Monday,1,0.0002591452410598549,0.0002595809285441675,4.3568748431255244e-07,4.3568748431255244e-07
2023-12-26,2063.3101974361,,2067.564697265625,4118467,,0,7.634126718918826,7.632066864073402,0.002059854845423814,0.002059854845423814,0.20619778038277908,Tuesday,0,0.004661278950975678,0.0059499498423898345,0.0012886708914141565,0.0012886708914141565
2023-12-27,2066.6549969548,,2074.96435546875,4770225,,0,7.637699254429904,7.633686635714357,0.004012618715547589,0.004012618715547589,0.4020680048771444,Wednesday,0,0.0016197716409545038,0.0035725355110782786,0.0019527638701237748,0.0019527638701237748
2023-12-28,2081.8552161299,,2072.59912109375,4990665,,0,7.636558712690271,7.641014705993106,-0.004455993302834749,0.004455993302834749,-0.44460800945402185,Thursday,0,0.007328070278749266,-0.001140541739633072,0.008468612018382338,-0.008468612018382338
2023-12-29,2069.1501710566,,2068.144775390625,5308010,,0,7.634407240620188,7.634893256579301,-0.00048601595911268447,0.00048601595911268447,-0.0485897872488154,Friday,0,-0.006121449413805102,-0.002151472070083038,0.003969977343722064,0.003969977343722064
2023-12-30,2062.7126527825,,2067.28857421875,5317621,,0,7.633993160105899,7.6317772172733385,0.0022159428325601027,0.0022159428325601027,0.22183998484119724,Saturday,0,-0.0031160393059623814,-0.00041408051428959425,0.002701958791672787,0.002701958791672787
2023-12-31,2062.6943573758,,2065.949462890625,3598922,,0,7.633345188049629,7.631768347648278,0.0015768404013503101,0.0015768404013503101,0.1578084267882677,Sunday,0,-8.869625060192732e-06,-0.0006479720562699853,0.0006391024312097926,-0.0006391024312097926
2024-01-01,2063.1505629513,,2064.0,3404983,,0,7.6324011266014535,7.631989492934236,0.0004116336672179699,0.0004116336672179699,0.04117183999819218,Monday,1,0.00022114528595729155,-0.0009440614481750487,0.0011652067341323402,-0.0011652067341323402
2024-01-02,2064.6883373602,,2060.083251953125,4329395,,0,7.630501674536498,7.632734567786804,-0.002232893250305956,0.002232893250305956,-0.2230402198601452,Tuesday,0,0.0007450748525688056,-0.0018994520649551205,0.002644526917523926,-0.002644526917523926
2024-01-03,2063.2067514727,,2045.112060546875,6047086,,0,7.623207864309018,7.632016726892481,-0.008808862583462584,0.008808862583462584,-0.8770178225187171,Wednesday,0,-0.0007178408943238068,-0.007293810227480435,0.006575969333156628,-0.006575969333156628
2024-01-04,2042.9163611655,,2044.953369140625,6588801,,0,7.623130265840701,7.622133654755654,0.0009966110850472276,0.0009966110850472276,0.0997107866894256,Thursday,0,-0.009883072136826598,-7.75984683167863e-05,0.009805473668509812,0.009805473668509812
2024-01-05,2046.7627990218,,2048.3974609375,4372296,,0,7.6248130400531124,7.624014701576104,0.0007983384770087198,0.0007983384770087198,0.07986572339898176,Friday,0,0.001881046820449761,0.0016827742124112532,0.00019827260803850777,-0.00019827260803850777
2024-01-06,2045.5624488737,,2047.750244140625,3304316,,0,7.624497027619547,7.6234280667854595,0.0010689608340879175,0.0010689608340879175,0.10695323763542575,Saturday,0,-0.0005866347906442471,-0.0003160124335650494,0.0002706223570791977,0.0002706223570791977
2024-01-07,2045.502614766,,2046.1883544921875,2878977,,0,7.623734002143427,7.623398815670274,0.00033518647315222694,0.00033518647315222694,0.03352426544152171,Sunday,0,-2.9251115185147114e-05,-0.0007630254761208377,0.0007337743609356906,-0.0007337743609356906
2024-01-08,2043.0248781182,,2034.7628173828125,5410922,,0,7.618134539429386,7.622186771991743,-0.00405223256235665,0.00405223256235665,-0.4044033346768388,Monday,1,-0.0012120436785316713,-0.005599462714040548,0.004387419035508877,-0.004387419035508877
2024-01-09,2034.3164778007,,2029.5643310546875,5587941,,0,7.615576433758689,7.617915158310699,-0.0023387245520094524,0.0023387245520094524,-0.23359918664917662,Tuesday,0,-0.004271613681043895,-0.0025581056706966976,0.0017135080103471978,0.0017135080103471978
2024-01-10,2031.4690812437,,2023.775390625,8896396,,0,7.612720051238032,7.616514495643588,-0.0037944444055559856,0.0037944444055559856,-0.37872545980319655,Wednesday,0,-0.001400662667110808,-0.0028563825206573412,0.0014557198535465332,-0.0014557198535465332
2024-01-11,2029.6688879363,,2032.9989013671875,8394104,,0,7.617267273228391,7.615627949341064,0.0016393238873266824,0.0016393238873266824,0.16406683132800517,Thursday,0,-0.0008865463025236053,0.004547221990359063,0.005433768292882668,0.005433768292882668
2024-01-12,2033.5900266238,,2047.633056640625,5810870,,0,7.624439798544062,7.6175579961272355,0.006881802416826233,0.006881802416826233,0.6905536432109419,Friday,0,0.0019300467861711468,0.007172525315670697,0.00524247852949955,0.00524247852949955
2024-01-13,2049.1173427046,,2048.94287109375,4325919,,0,7.625079266490398,7.625164414878588,-8.514838819007053e-05,8.514838819007053e-05,-0.008514476316901535,Saturday,0,0.007606418751352706,0.0006394679463364028,0.006966950805016303,-0.006966950805016303
2024-01-14,2049.1207018156,,2048.589599609375,3833682,,0,7.624906835161164,7.625166054173799,-0.00025921901263448177,0.00025921901263448177,-0.025918541828918958,Sunday,0,1.639295210686953e-06,-0.00017243132923372428,0.00017407062444441124,-0.00017407062444441124
2024-01-15,2050.6300560847,,2053.261474609375,3838171,,0,7.627184771115279,7.62590236934339,0.0012824017718893188,0.0012824017718893188,0.12832244006504828,Monday,1,0.0007363151695907177,0.0022779359541145183,0.0015416207845238006,0.0015416207845238006
2024-01-16,2051.208838905,,2026.4901123046875,3591476,,0,7.614060566858181,7.6261845758556195,-0.012124008997438374,0.012124008997438374,-1.2050809323495373,Tuesday,0,0.0002822065122298767,-0.013124204257097816,0.013406410769327692,-0.013406410769327692
2024-01-17,2032.4600123655,,2007.5240478515625,3629370,,0,7.604657424753683,7.617002167115513,-0.012344742361829475,0.012344742361829475,-1.2268858605939075,Wednesday,0,-0.009182408740106673,-0.009403142104497775,0.00022073336439110136,-0.00022073336439110136
2024-01-18,2011.119884063,,2017.6676025390625,4500944,,0,7.6096974710624234,7.606447002149454,0.0032504689129693176,0.0032504689129693176,0.3255757415532278,Thursday,0,-0.010555164966058683,0.005040046308740109,0.015595211274798793,0.015595211274798793
2024-01-19,2023.407588345,,2023.9345703125,4586758,,0,7.612798702964128,7.612538294058817,0.00026040890531131566,0.00026040890531131566,0.026044281465357703,Friday,0,0.0060912919093629725,0.0031012319017049705,0.002990060007658002,-0.002990060007658002
2024-01-20,2029.4262751037,,2024.4241943359375,2973825,,0,7.613040590629866,7.615508408988772,-0.002467818358906193,0.002467818358906193,-0.24647757985230773,Saturday,0,0.0029701149299548035,0.0002418876657372948,0.0027282272642175087,-0.0027282272642175087
2024-01-21,2029.4559292483,,2023.8267822265625,2746810,,0,7.612745444841144,7.6155230209647335,-0.0027775761235897534,0.0027775761235897534,-0.2773722228017283,Sunday,0,1.4611975961642543e-05,-0.00029514578872191777,0.0003097577646835603,-0.0003097577646835603
2024-01-22,2029.3949744469,,2014.597900390625,5286474,,0,7.6081749013113855,7.615492985468062,-0.007318084156676896,0.007318084156676896,-0.7291372178699668,Monday,1,-3.0035496671132478e-05,-0.004570543529758275,0.004540508033087143,-0.004540508033087143
2024-01-23,2021.1362342836,,2026.7552490234375,6011081,,0,7.6141913937366414,7.611415124475404,0.0027762692612371964,0.0027762692612371964,0.2780126665647119,Tuesday,0,-0.004077860992658167,0.006016492425255926,0.010094353417914093,0.010094353417914093
2024-01-24,2026.5757031407,,2015.740234375,4471852,,0,7.6087417688926,7.614102801966083,-0.0053610330734832345,0.0053610330734832345,-0.5346688381247046,Wednesday,0,0.0026876774906785528,-0.005449624844041878,0.008137302334720431,-0.008137302334720431
2024-01-25,2016.5429114282,,2019.5762939453125,4365518,,0,7.610643012920877,7.609139894239843,0.0015031186810343655,0.0015031186810343655,0.15042489301476086,Thursday,0,-0.004962907726239862,0.0019012440282777376,0.0068641517545176,0.0068641517545176
2024-01-26,2022.7257281004,,2017.1119384765625,4449779,,0,7.609422033923733,7.612201251159966,-0.0027792172362337553,0.0027792172362337553,-0.2775358787327777,Friday,0,0.003061356920123437,-0.0012209789971446838,0.004282335917268121,-0.004282335917268121
2024-01-27,2018.5121788951,,2015.8543701171875,4648449,,0,7.608798389536992,7.610115973911206,-0.0013175843742141424,0.0013175843742141424,-0.13167167410242817,Saturday,0,-0.0020852772487600646,-0.0006236443867404518,0.0014616328620196128,0.0014616328620196128
2024-01-28,2018.8369601403,,2020.4052734375,3811715,,0,7.611053400686265,7.610276862273702,0.000776538412562644,0.000776538412562644,0.0776839996574514,Sunday,0,0.0001608883624957258,0.0022550111492725122,0.0020941227867767864,0.0020941227867767864
2024-01-29,2022.3367089504,,2027.2265625,3896187,,0,7.6144239125295705,7.612008908442269,0.00241500408730122,0.00241500408730122,0.24179225585723058,Monday,1,0.0017320461685672583,0.0033705118433058345,0.0016384656747385762,0.0016384656747385762
2024-01-30,2030.5681732806,,2035.3819580078125,8159215,,0,7.618438774617047,7.616070921189972,0.0023678534270752394,0.0023678534270752394,0.237065900596452,Tuesday,0,0.004062012747702681,0.0040148620874767005,4.71506602259808e-05,-4.71506602259808e-05
2024-01-31,2034.0760626471,,2035.4901123046875,4631350,,0,7.618491910306419,7.617796971507685,0.0006949387987340572,0.0006949387987340572,0.06951803246469553,Wednesday,0,0.0017260503177132236,5.3135689372041384e-05,0.0016729146283411822,-0.0016729146283411822
2024-02-01,2044.7623004721,,2053.5546875,3806787,,0,7.627327564403096,7.62303682723318,0.004290737169916348,0.004290737169916348,0.42999555624974445,Thursday,0,0.005239855725494458,0.008835654096676748,0.0035957983711822905,0.0035957983711822905
2024-02-02,2039.0997374659,,2039.2337646484375,3538347,,0,7.620329410716332,7.620263684270706,6.572644562563568e-05,6.572644562563568e-05,0.006572860565615519,Friday,0,-0.0027731429624733295,-0.0069981536867640415,0.004225010724290712,-0.004225010724290712
2024-02-03,2039.833459837,,2039.6298828125,3200951,,0,7.620523640383977,7.620623446170949,-9.980578697188491e-05,9.980578697188491e-05,-0.009980080654046703,Saturday,0,0.00035976190024289423,0.00019422966764537364,0.0001655322325975206,-0.0001655322325975206
2024-02-04,2040.1742961705,,2039.1661376953125,2413993,,0,7.620296247243034,7.620790522487797,-0.0004942752447636423,0.0004942752447636423,-0.04941531108787069,Sunday,0,0.00016707631684820257,-0.00022739314094355478,0.00039446945779175735,-0.00039446945779175735
2024-02-05,2024.9600627252,,2023.822265625,3206269,,0,7.612743213125148,7.613305257235144,-0.0005620441099960516,0.0005620441099960516,-0.056188619279176295,Monday,1,-0.0074852652526535834,-0.007553034117885993,6.776886523240933e-05,-6.776886523240933e-05
2024-02-06,2036.0743509199,,2033.9232177734375,3821426,,0,7.617721826522055,7.618778895137189,-0.0010570686151343267,0.0010570686151343267,-0.10565101149133942,Tuesday,0,0.0054736379020452475,0.004978613396906972,0.0004950245051382751,-0.0004950245051382751
2024-02-07,2035.9106129374,,2035.29052734375,3892517,,0,7.618393852966187,7.61869847343424,-0.0003046204680527964,0.0003046204680527964,-0.030457407594888988,Wednesday,0,-8.04217029495291e-05,0.0006720264441320012,0.0007524481470815303,0.0007524481470815303
2024-02-08,2034.9689056751,,2032.730712890625,4119158,,0,7.617135346857286,7.618235817993423,-0.0011004711361364272,0.0011004711361364272,-0.10998658398332553,Thursday,0,-0.000462655440816917,-0.0012585061089005478,0.0007958506680836308,-0.0007958506680836308
2024-02-09,2024.4582903895,,2024.4359130859375,5455969,,0,7.613046379296152,7.613057432834446,-1.1053538294447662e-05,1.1053538294447662e-05,-0.0011053477203623637,Friday,0,-0.005178385158976617,-0.004088967561134638,0.0010894175978419796,0.0010894175978419796
2024-02-10,2024.4845206901,,2024.0843505859375,3513277,,0,7.61287270472965,7.6130703894514316,-0.0001976847217814992,0.0001976847217814992,-0.01976651834443711,Saturday,0,1.2956616985526637e-05,-0.0001736745665015249,0.00018663118348705154,-0.00018663118348705154
2024-02-11,2024.5455907422,,2025.860107421875,3591134,,0,7.6137496337681325,7.613100554725793,0.0006490790423399062,0.0006490790423399062,0.06492897397253361,Sunday,0,3.0165274361060312e-05,0.0008769290384824657,0.0008467637641214054,0.0008467637641214054
2024-02-12,2023.7044598197,,2018.19873046875,4692805,,0,7.609960674988882,7.612685001870066,-0.0027243268811840693,0.0027243268811840693,-0.2720619270385278,Monday,1,-0.00041555285572680845,-0.003788958779250784,0.0033734059235239755,-0.0033734059235239755
2024-02-13,2019.7225911021,,1991.930908203125,7003918,,0,7.596859752906032,7.610715449826892,-0.013855696920860083,0.013855696920860083,-1.376014855773337,Tuesday,0,-0.001969552043173728,-0.013100922082849742,0.011131370039676014,-0.011131370039676014
2024-02-14,1992.7662584817,,1992.808837890625,5188038,,0,7.5973003988491286,7.5972790320913095,2.1366757819052395e-05,2.1366757819052395e-05,0.002136698608964574,Wednesday,0,-0.013436417735582573,0.0004406459430965626,0.013877063678679136,0.013877063678679136
2024-02-15,1992.6888247022,,2003.6942138671875,7718544,,0,7.602747862671414,7.5972401739042805,0.0055076887671337005,0.0055076887671337005,0.5522883968916825,Thursday,0,-3.8858187028978364e-05,0.00544746382228567,0.005486322009314648,0.005486322009314648
2024-02-16,2004.6957994406,,2012.092041015625,5086727,,0,7.606930276204935,7.603247607252621,0.003682668952313506,0.003682668952313506,0.3689458309379842,Friday,0,0.006007433348340641,0.004182413533520446,0.0018250198148201946,-0.0018250198148201946
2024-02-17,2013.0562804236,,2012.515869140625,3085907,,0,7.6071408945488965,7.607409383730629,-0.0002684891817326118,0.0002684891817326118,-0.026845314173788735,Saturday,0,0.0041617764780079725,0.00021061834396185475,0.003951158134046118,-0.003951158134046118
2024-02-18,2013.0412866716,,2011.990966796875,3396016,,0,7.6068800415459705,7.607401935450129,-0.0005218939041586879,0.0005218939041586879,-0.052175774122422997,Sunday,0,-7.4482804999220775e-06,-0.0002608530029259981,0.00025340472242607603,-0.00025340472242607603
2024-02-19,2019.6397851265,,2014.0657958984375,3314978,,0,7.607910742009247,7.610674450298799,-0.002763708289551303,0.002763708289551303,-0.27598927636065923,Monday,1,0.0032725148486694167,0.0010307004632768013,0.0022418143853926153,-0.0022418143853926153
2024-02-20,2017.1152226643,,2023.3927001953125,3435368,,0,7.612530936072939,7.609423662085761,0.0031072739871778055,0.0031072739871778055,0.31121065670809084,Tuesday,0,-0.0012507882130377013,0.004620194063691407,0.005870982276729109,0.005870982276729109
2024-02-21,2026.8287264868,,2023.9869384765625,3308073,,0,7.612824577064677,7.614227646822214,-0.0014030697575373452,0.0014030697575373452,-0.14020859153517423,Wednesday,0,0.00480398473645316,0.00029364099173800895,0.004510343744715151,-0.004510343744715151
2024-02-22,2027.6954815037,,2023.96875,3189930,,0,7.612815590564843,7.614655196386917,-0.0018396058220746525,0.0018396058220746525,-0.1837914784391734,Thursday,0,0.00042754956470325567,-8.986499834051642e-06,0.0004365360645373073,-0.0004365360645373073
2024-02-23,2027.3826409011,,2033.1893310546875,5695669,,0,7.617360938192606,7.614500900664972,0.00286003752763353,0.00286003752763353,0.2864131336848444,Friday,0,-0.00015429572194491925,0.004545347627763263,0.004699643349708182,0.004699643349708182
2024-02-24,2035.7854436862,,2032.259521484375,3341120,,0,7.616903517809149,7.618636990823799,-0.0017334730146503219,0.0017334730146503219,-0.17319714180884915,Saturday,0,0.004136090158826988,-0.00045742038345686353,0.004593510542283852,-0.004593510542283852
2024-02-25,2035.7978770293,,2034.2332763671875,3345061,,0,7.617874258511728,7.618643098198804,-0.0007688396870761949,0.0007688396870761949,-0.07685442055748871,Sunday,0,6.107375004837934e-06,0.0009707407025789649,0.000964633327574127,0.000964633327574127
2024-02-26,2031.6094044012,,2029.5936279296875,3758569,,0,7.615590868710616,7.616583567977806,-0.0009926992671891455,0.0009926992671891455,-0.09922067042737552,Monday,1,-0.0020595302209986954,-0.002283389801111646,0.0002238595801129506,-0.0002238595801129506
2024-02-27,2033.3138135207,,2028.9989013671875,3444529,,0,7.615297798360507,7.617422161539361,-0.0021243631788543382,0.0021243631788543382,-0.21221083163947113,Tuesday,0,0.0008385935615553564,-0.0002930703501098364,0.0011316639116651928,-0.0011316639116651928
2024-02-28,2032.6537697495,,2034.1192626953125,3907566,,0,7.617818209449701,7.617097494033543,0.0007207154161577023,0.0007207154161577023,0.07209751939175855,Wednesday,0,-0.00032466750581772175,0.0025204110891943188,0.0028450785950120405,0.0028450785950120405
2024-02-29,2036.1991410905,,2040.8779296875,4529865,,0,7.621135351950902,7.618840182853195,0.002295169097706662,0.002295169097706662,0.2297805014540099,Thursday,0,0.0017426888196521162,0.003317142501201076,0.0015744536815489596,0.0015744536815489596
2024-03-01,2044.59130971,,2078.7568359375,3964435,,0,7.639525318986396,7.622953199951952,0.016572119034444555,0.016572119034444555,1.671019829989694,Friday,0,0.004113017098756444,0.018389967035494337,0.014276949936737893,0.014276949936737893
2024-03-02,2083.1107008772,,2079.555419921875,2872176,,0,7.639909409427449,7.6416175847730745,-0.0017081753456258397,0.0017081753456258397,-0.17067172444690315,Saturday,0,0.01866438482112276,0.0003840904410523649,0.018280294380070394,-0.018280294380070394
2024-03-03,2083.0295581894,,2080.990966796875,3452213,,0,7.640599485585018,7.641578631361637,-0.0009791457766183953,0.0009791457766183953,-0.0978666569809576,Sunday,0,-3.895341143778097e-05,0.0006900761575696635,0.0007290295690074444,0.0007290295690074444
2024-03-04,2081.5341072893,,2112.3662109375,4715597,,0,7.655564025125175,7.640860452419255,0.014703572705919932,0.014703572705919932,1.4812201990939857,Monday,1,-0.0007181789423817975,0.01496453954015653,0.015682718482538327,0.015682718482538327
2024-03-05,2111.4316498959,,2126.2412109375,5339566,,0,7.6621110101036445,7.655121503447934,0.006989506655710187,0.006989506655710187,0.7013990266902563,Tuesday,0,0.014261051028679361,0.006546984978469617,0.007714066050209745,-0.007714066050209745
2024-03-06,2126.2196261553,,2143.985107421875,4619969,,0,7.670421576001398,7.662100858437102,0.008320717564295421,0.008320717564295421,0.8355430947977469,Wednesday,0,0.0069793549891681295,0.008310565897753364,0.0013312109085852342,0.0013312109085852342
2024-03-07,2145.9734028056,,2156.59716796875,4085749,,0,7.676286873254469,7.671348529267427,0.004938343987041627,0.004938343987041627,0.4950557704611202,Thursday,0,0.00924767083032485,0.005865297253071056,0.0033823735772537944,-0.0033823735772537944
2024-03-08,2156.469548817,,2175.015380859375,4426960,,0,7.684791015157264,7.67622769533761,0.00856331981965397,0.00856331981965397,0.8600089925938845,Friday,0,0.00487916607018235,0.008504141902794693,0.0036249758326123427,0.0036249758326123427
2024-03-09,2178.8386397859,,2175.661865234375,3184596,,0,7.685088203086034,7.6865472797867715,-0.0014590767007378602,0.0014590767007378602,-0.1458012765845316,Saturday,0,0.010319584449161923,0.0002971879287700929,0.01002239652039183,-0.01002239652039183
2024-03-10,2178.9549557716,,2177.030029296875,3342282,,0,7.6857168550286525,7.686600662758304,-0.0008838077296511315,0.0008838077296511315,-0.08834172866337907,Sunday,0,5.3382971532123236e-05,0.0006286519426188519,0.0005752689710867287,0.0005752689710867287
2024-03-11,2179.2208675217,,2174.400390625,5472372,,0,7.684508223044122,7.686722691681051,-0.002214468636928757,0.002214468636928757,-0.2212018510166823,Monday,1,0.00012202892274704169,-0.0012086319845305837,0.0013306609072776254,-0.0013306609072776254
2024-03-12,2181.6103338518,,2157.447509765625,15614352,,0,7.676681093468402,7.687818568342584,-0.011137474874181486,0.011137474874181486,-1.1075682816148822,Tuesday,0,0.0010958766615329907,-0.007827129575719738,0.008923006237252729,-0.008923006237252729
2024-03-13,2158.6392628851,,2174.408935546875,3464901,,0,7.684512152819486,7.677233331276647,0.007278821542838543,0.007278821542838543,0.7305376554996195,Wednesday,0,-0.010585237065936504,0.007831059351083525,0.01841629641702003,0.01841629641702003
2024-03-14,2174.8789734223,,2161.93212890625,3500065,,0,7.678757604971077,7.684728297571037,-0.005970692599960081,0.005970692599960081,-0.5952903437048479,Thursday,0,0.007494966294389727,-0.0057545478484088974,0.013249514142798624,-0.013249514142798624
2024-03-15,2162.9862014458,,2156.631591796875,4173475,,0,7.676302835231003,7.679245046573395,-0.0029422113423915874,0.0029422113423915874,-0.29378872804076644,Friday,0,-0.005483250997642131,-0.002454769740073637,0.003028481257568494,0.003028481257568494
2024-03-16,2155.8089349657,,2155.799072265625,9106307,,0,7.6759167330040015,7.675921307956111,-4.5749521095928e-06,4.5749521095928e-06,-0.0004574941644792833,Saturday,0,-0.0033237386172837446,-0.00038610222700175,0.0029376363902819946,0.0029376363902819946
2024-03-17,2155.8270604155,,2155.7236328125,3078354,,0,7.675881738660568,7.675929715646287,-4.797698571934461e-05,4.797698571934461e-05,-0.004797583484273833,Sunday,0,8.407690176071014e-06,-3.49943434336808e-05,4.340203360975181e-05,-4.340203360975181e-05
2024-03-18,2151.8713318663,,2161.286376953125,3234672,,0,7.6784588682974375,7.6740931294692265,0.004365738828211008,0.004365738828211008,0.4375282549379713,Monday,1,-0.0018365861770606173,0.002577129636869735,0.004413715813930352,0.004413715813930352
2024-03-19,2160.9842505307,,2158.032958984375,4333854,,0,7.676952418632115,7.678319068433452,-0.0013666498013371609,0.0013666498013371609,-0.13657163607741943,Tuesday,0,0.004225938964225406,-0.0015064496653227621,0.0057323886295481685,-0.0057323886295481685
2024-03-20,2158.3336283056,,2204.1640625,4984470,,0,7.698103606023267,7.677091734566306,0.021011871456960485,0.021011871456960485,2.1234175103123003,Wednesday,0,-0.0012273338671455747,0.02115118739115207,0.022378521258297646,0.022378521258297646
2024-03-21,2205.59594982,,2181.878173828125,4251403,,0,7.687941332491586,7.6987530233912524,-0.010811690899666715,0.010811690899666715,-1.0753454636063604,Thursday,0,0.021661288824946112,-0.010162273531681087,0.0318235623566272,-0.0318235623566272
2024-03-22,2176.3936591206,,2165.384521484375,3460346,,0,7.680353232742067,7.685424501136014,-0.005071268393947115,0.005071268393947115,-0.5058431221800925,Friday,0,-0.013328522255238617,-0.007588099749519017,0.0057404225057196,0.0057404225057196
2024-03-23,2165.0406129143,,2166.08056640625,3541025,,0,7.680674622809281,7.680194399112516,0.0004802236967655915,0.0004802236967655915,0.04803390226247758,Saturday,0,-0.005230102023498162,0.0003213900672145442,0.005551492090712706,0.005551492090712706
2024-03-24,2164.9693667659,,2168.840576171875,3051826,,0,7.681948007052175,7.680161491036673,0.001786516015502393,0.001786516015502393,0.1788112785982781,Sunday,0,-3.290807584299671e-05,0.0012733842428938047,0.0013062923187368014,0.0013062923187368014
2024-03-25,2175.1869464421,,2172.4990234375,3194840,,0,7.6836334076285135,7.684869892216263,-0.0012364845877490538,0.0012364845877490538,-0.123572045565865,Monday,1,0.004708401179589927,0.0016854005763384805,0.0030230006032514467,-0.0030230006032514467
2024-03-26,2169.940636934,,2179.498291015625,3148229,,0,7.686849987560509,7.682455089908704,0.004394897651805785,0.004394897651805785,0.4404569378049655,Tuesday,0,-0.002414802307558972,0.0032165799319958666,0.0056313822395548385,0.0056313822395548385
2024-03-27,2175.882690331,,2191.713134765625,3281393,,0,7.692438770327523,7.685189695829125,0.007249074498397512,0.007249074498397512,0.7275412642864855,Wednesday,0,0.002734605920421629,0.005588782767013356,0.002854176846591727,0.002854176846591727
2024-03-28,2189.5387342539,,2233.07666015625,2501101,,0,7.71113558181794,7.6914461769979185,0.019689404820021572,0.019689404820021572,1.9884519611928961,Thursday,0,0.006256481168793293,0.018696811490417353,0.01244033032162406,0.01244033032162406
2024-03-29,2233.1442827822,,2233.06494140625,3574533,,0,7.711130333999556,7.711165863627469,-3.552962791353309e-05,3.552962791353309e-05,-0.0035528996743263946,Friday,0,0.019719686629550814,-5.247818384290781e-06,0.019724934447935105,-0.019724934447935105
2024-03-30,2233.0270959974,,2233.4677734375,2139171,,0,7.711310711960745,7.711113386113783,0.00019732584696185995,0.00019732584696185995,0.019734531698692045,Saturday,0,-5.247751368653297e-05,0.00018037796118886007,0.00023285547487539304,0.00023285547487539304
2024-03-31,2233.0704786073,,2244.591064453125,2933503,,0,7.716278629665885,7.711132813638228,0.0051458160276567355,0.0051458160276567355,0.5159078477903606,Sunday,0,1.9427524445170263e-05,0.004967917705140046,0.0049484901806948756,0.0049484901806948756
2024-04-01,2256.4663556353,,2251.084716796875,3423672,,0,7.7191674753815205,7.721555309178192,-0.0023878337966714014,0.0023878337966714014,-0.23849851893358387,Monday,1,0.010422495539963883,0.002888845715635746,0.007533649824328137,-0.007533649824328137
2024-04-02,2248.6240669334,,2279.769287109375,4330245,,0,7.7318295269641375,7.718073782332917,0.013755744631220423,0.013755744631220423,1.3850790193867157,Tuesday,0,-0.003481526845274807,0.012662051582617018,0.016143578427891825,0.016143578427891825
2024-04-03,2283.4110416168,,2297.80078125,4985588,,0,7.739707762418337,7.733425674833934,0.006282087584402518,0.006282087584402518,0.6301861281625012,Wednesday,0,0.015351892501016984,0.007878235454199078,0.007473657046817905,-0.007473657046817905
2024-04-04,2300.1920890414,,2290.367431640625,4019901,,0,7.736467534175571,7.740747915404414,-0.004280381228843666,0.004280381228843666,-0.42712334537544094,Thursday,0,0.007322240570480254,-0.00324022824276593,0.010562468813246184,-0.010562468813246184
2024-04-05,2273.2030954661,,2330.65673828125,4316247,,0,7.753905368767421,7.728945171143885,0.024960197623535407,0.024960197623535407,2.527431135816295,Friday,0,-0.011802744260529074,0.01743783459185,0.029240578852379073,0.029240578852379073
2024-04-06,2328.8764847752,,2329.437255859375,3248720,,0,7.753381996298434,7.75314123489072,0.00024076140771445154,0.00024076140771445154,0.02407903930676513,Saturday,0,0.024196063746834362,-0.0005233724689865937,0.024719436215820956,-0.024719436215820956
2024-04-07,2329.9182944253,,2311.90673828125,3764212,,0,7.745827890865018,7.753588479174635,-0.007760588309616345,0.007760588309616345,-0.7730552692403551,Sunday,0,0.00044724428391518245,-0.007554105433415614,0.008001349717330797,-0.008001349717330797
2024-04-08,2326.2370696112,,2339.3564453125,6160299,,0,7.757631147155158,7.752007249471888,0.005623897683269874,0.005623897683269874,0.5639741483224212,Monday,1,-0.001581229702746434,0.011803256290139785,0.01338448599288622,0.01338448599288622
2024-04-09,2341.3566944539,,2353.755859375,7489700,,0,7.763767569346915,7.758485824296625,0.005281745050289999,0.005281745050289999,0.5295718055463469,Tuesday,0,0.0064785748247366826,0.006136422191756807,0.0003421526329798752,-0.0003421526329798752
2024-04-10,2349.2818245462,,2337.540283203125,4642568,,0,7.75685449447023,7.761864953854913,-0.005010459384683585,0.005010459384683585,-0.4997927971176031,Wednesday,0,0.0033791295582883407,-0.0069130748766852435,0.010292204434973584,-0.010292204434973584
2024-04-11,2340.8299974555,,2376.982666015625,3518345,,0,7.773587174954818,7.758260845227963,0.01532632972685466,0.01532632972685466,1.5444380240950197,Thursday,0,-0.0036041086269502642,0.01673268048458798,0.020336789111538245,0.020336789111538245
2024-04-12,2391.8993067797,,2343.423583984375,6380488,,0,7.759368209186305,7.779843018356583,-0.02047480917027844,0.02047480917027844,-2.0266623539679713,Friday,0,0.02158217312862032,-0.014218965768512781,0.0358011388971331,-0.0358011388971331
2024-04-13,2343.8789133402,,2361.87060546875,13250853,,0,7.76720921349075,7.759562491231262,0.007646722259488037,0.007646722259488037,0.7676033103139432,Saturday,0,-0.02028052712532169,0.007841004304444787,0.028121531429766478,0.028121531429766478
2024-04-14,2343.8915490756,,2388.244140625,6849092,,0,7.7783137057293334,7.759567882167317,0.018745823562016817,0.018745823562016817,1.8922629575968315,Sunday,0,5.390936054894269e-06,0.011104492238583674,0.01109910130252878,0.01109910130252878
2024-04-15,2356.0600456039,,2383.87060546875,9921206,,0,7.776480750482682,7.764746030696242,0.011734719786439918,0.011734719786439918,1.1803841721581232,Monday,1,0.005178148528925064,-0.001832955246651835,0.007011103775576899,-0.007011103775576899
2024-04-16,2374.6178052642,,2385.251220703125,4975937,,0,7.777059731403389,7.772591779419785,0.004467951983603946,0.004467951983603946,0.44779481630064,Tuesday,0,0.007845748723543267,0.0005789809207072949,0.007266767802835972,-0.007266767802835972
2024-04-17,2383.3862723148,,2368.537353515625,6618319,,0,7.770027893198122,7.776277558933313,-0.0062496657351909235,0.0062496657351909235,-0.6230177194380389,Wednesday,0,0.003685779513528331,-0.0070318382052665385,0.01071761771879487,-0.01071761771879487
2024-04-18,2369.1427683338,,2381.15869140625,4317587,,0,7.775342493323556,7.7702834675745684,0.0050590257489879775,0.0050590257489879775,0.507184422697351,Thursday,0,-0.005994091358744846,0.005314600125434055,0.011308691484178901,0.011308691484178901
2024-04-19,2411.8260513873,,2392.69873046875,5388588,,0,7.780177183814273,7.788139437247817,-0.007962253433543509,0.007962253433543509,-0.7930638657604665,Friday,0,0.017855969673248318,0.004834690490716831,0.013021279182531487,-0.013021279182531487
2024-04-20,2391.8935856111,,2394.110595703125,3599974,,0,7.780767082086426,7.779840626460142,0.0009264556262840173,0.0009264556262840173,0.09268849188616281,Saturday,0,-0.008298810787675137,0.0005898982721523893,0.008888709059827526,0.008888709059827526
2024-04-21,2391.989132715,,2387.569580078125,3364579,,0,7.778031215418442,7.779880571880854,-0.0018493564624124659,0.0018493564624124659,-0.18476474564324238,Sunday,0,3.9945420712506063e-05,-0.002735866667983977,0.002775812088696483,-0.002775812088696483
2024-04-22,2376.2090151469,,2333.4482421875,4008885,,0,7.755102384808549,7.773261645951381,-0.018159261142831618,0.018159261142831618,-1.7995375274997265,Monday,1,-0.006618925929473107,-0.02292883060989226,0.01630990468041915,-0.01630990468041915
2024-04-23,2308.3269200317,,2324.4306640625,4005863,,0,7.751230412362471,7.744278264057953,0.006952148304518069,0.006952148304518069,0.6976370587307839,Tuesday,0,-0.028983381893428195,-0.0038719724460785088,0.025111409447349686,0.025111409447349686
2024-04-24,2319.1040837104,,2317.874755859375,3065365,,0,7.748405991318037,7.748936219262722,-0.0005302279446848246,0.0005302279446848246,-0.05300873986898777,Wednesday,0,0.004657955204769415,-0.0028244210444334783,0.007482376249202893,-0.007482376249202893
2024-04-25,2319.8395227812,,2331.5751953125,3015115,,0,7.7542993676315755,7.749253291052916,0.0050460765786590756,0.0050460765786590756,0.5058829464734099,Thursday,0,0.00031707179019413445,0.005893376313538035,0.0055763045233439,0.0055763045233439
2024-04-26,2334.0316756107,,2339.31005859375,4687848,,0,7.757611318121089,7.755352384138601,0.0022589339824881094,0.0022589339824881094,0.22614872960834861,Friday,0,0.0060990930856847925,0.0033119504895138263,0.002787142596170966,-0.002787142596170966
2024-04-27,2337.7113992418,,2342.71630859375,3648926,,0,7.759066350764572,7.756927695251867,0.002138655512704979,0.002138655512704979,0.21409440675925107,Saturday,0,0.0015753111132656983,0.0014550326434825678,0.0001202784697831305,-0.0001202784697831305
2024-04-28,2337.7502006374,,2340.970458984375,3276325,,0,7.758320848438363,7.756944293140555,0.0013765552978073359,0.0013765552978073359,0.13775031849411315,Sunday,0,1.6597888688352214e-05,-0.0007455023262092908,0.000762100214897643,-0.000762100214897643
2024-04-29,2329.7462230737,,2341.0859375,3446995,,0,7.758370176556553,7.7535146234920935,0.004855553064459173,0.004855553064459173,0.48673603648293934,Monday,1,-0.0034296696484616973,4.932811819013949e-05,0.003478997766651837,0.003478997766651837
2024-04-30,2331.9187913945,,2293.983154296875,8529593,,0,7.738044954286972,7.7544467232767635,-0.016401768989791954,0.016401768989791954,-1.6267992366466366,Tuesday,0,0.0009320997846700152,-0.02032522226958111,0.021257322054251127,-0.021257322054251127
2024-05-01,2287.3852533188,,2326.57666015625,3940585,,0,7.752153221593437,7.735164633407912,0.016988588185524733,0.016988588185524733,1.713371491775884,Wednesday,0,-0.019282089868851493,0.014108267306465194,0.03339035717531669,0.03339035717531669
2024-05-02,2324.8887947567,,2307.69580078125,3215371,,0,7.744004816853485,7.751427486665383,-0.00742266981189843,0.00742266981189843,-0.7395189831971838,Thursday,0,0.01626285325747112,-0.008148404739952042,0.024411257997423164,-0.024411257997423164
2024-05-03,2301.3767986698,,2302.783935546875,3609130,,0,7.74187407672507,7.741262830940174,0.0006112457848956865,0.0006112457848956865,0.061143263366887406,Friday,0,-0.01016465572520886,-0.002130740128414743,0.008033915596794117,0.008033915596794117
2024-05-04,2302.6024934422,,2303.043212890625,2653765,,0,7.741986663383521,7.741795281120155,0.00019138226336590236,0.00019138226336590236,0.01914005781199044,Saturday,0,0.0005324501799810477,0.00011258665845126359,0.0004198635215297841,-0.0004198635215297841
2024-05-05,2302.5892385729,,2298.001220703125,2884207,,0,7.739794989610965,7.741789524630493,-0.0019945350195280653,0.0019945350195280653,-0.19925472563306146,Sunday,0,-5.756489662722686e-06,-0.0021916737725566904,0.0021859172828939677,-0.0021859172828939677
2024-05-06,2312.6376163922,,2326.43798828125,3532287,,0,7.752093616418935,7.746143977407164,0.005949639011770813,0.005949639011770813,0.5967373267316768,Monday,1,0.004354452776671458,0.012298626807970336,0.007944174031298878,0.007944174031298878
2024-05-07,2322.2729664668,,2316.182373046875,3160214,,0,7.747675580431566,7.7503017119665145,-0.002626131534948506,0.002626131534948506,-0.2622686268096832,Tuesday,0,0.004157734559350423,-0.004418035987368896,0.008575770546719319,-0.008575770546719319
2024-05-08,2308.4628015458,,2309.769775390625,2935390,,0,7.744903134215956,7.744337128126855,0.0005660060891017338,0.0005660060891017338,0.056616630077367704,Wednesday,0,-0.005964583839659809,-0.0027724462156095697,0.0031921376240502397,0.0031921376240502397
2024-05-09,2309.1056579785,,2347.510498046875,2754443,,0,7.761110683083867,7.744615567501382,0.016495115582484843,0.016495115582484843,1.6631911119215075,Thursday,0,0.00027843937452765033,0.01620754886791076,0.01592910949338311,0.01592910949338311
2024-05-10,2351.2029459632,,2362.069091796875,6034830,,0,7.767293247725292,7.762682368065474,0.004610879659818323,0.004610879659818323,0.46215261223329396,Friday,0,0.0180668005640916,0.006182564641425081,0.01188423592266652,-0.01188423592266652
2024-05-11,2361.1072743118,,2361.516357421875,2631395,,0,7.767059216020577,7.766885972017668,0.00017324400290874564,0.00017324400290874564,0.017325901051828574,Saturday,0,0.004203603952194435,-0.000234031704715143,0.004437635656909578,-0.004437635656909578
2024-05-12,2361.2003776032,,2361.7333984375,2509139,,0,7.767151119276597,7.766925403286562,0.00022571599003473608,0.00022571599003473608,0.022574146580514355,Sunday,0,3.943126889360826e-05,9.19032560195987e-05,5.247198712599044e-05,5.247198712599044e-05
2024-05-13,2358.7987675748,,2339.4501953125,3651905,,0,7.757671221476332,7.765907771646477,-0.00823655017014513,0.00823655017014513,-0.8202722728311924,Monday,1,-0.0010176316400851704,-0.009479897800265036,0.008462266160179865,-0.008462266160179865
2024-05-14,2342.8158021989,,2357.3408203125,3642485,,0,7.765289491681869,7.759108819198386,0.006180672483482752,0.006180672483482752,0.6199812251550904,Tuesday,0,-0.0067989524480909225,0.007618270205536959,0.014417222653627881,0.014417222653627881
2024-05-15,2357.7698892037,,2390.444091796875,3623762,,0,7.779234440131869,7.765471489059584,0.013762951072285645,0.013762951072285645,1.3858096476162085,Wednesday,0,0.006362669861197823,0.013944948450000716,0.007582278588802893,0.007582278588802893
2024-05-16,2388.3152155741,,2379.54638671875,3099559,,0,7.77466515468456,7.778343465622933,-0.0036783109383726753,0.0036783109383726753,-0.36715542396450906,Thursday,0,0.01287197656334893,-0.00456928544730939,0.01744126201065832,-0.01744126201065832
2024-05-17,2377.3190450119,,2415.6328125,2991998,,0,7.789716565923209,7.7737286800663075,0.015987885856901585,0.015987885856901585,1.6116375952352748,Friday,0,-0.0046147855566252005,0.01505141123864906,0.01966619679527426,0.01966619679527426
2024-05-18,2414.7041963212,,2414.65869140625,3199534,,0,7.789313227488596,7.789332072589288,-1.8845100692388428e-05,1.8845100692388428e-05,-0.001884492312530132,Saturday,0,0.015603392522980819,-0.0004033384346131541,0.016006730957593973,-0.016006730957593973
2024-05-19,2414.5823388272,,2421.187744140625,3256880,,0,7.792013502110051,7.789281606545024,0.002731895565027287,0.002731895565027287,0.2735630592176534,Sunday,0,-5.0466044264396714e-05,0.0027002746214552786,0.0027507406657196753,0.0027507406657196753
2024-05-20,2434.0144760577,,2426.31005859375,5083010,,0,7.794126887847641,7.79729722096516,-0.0031703331175192417,0.0031703331175192417,-0.31653129181173184,Monday,1,0.00801561442013643,0.0021133857375899012,0.005902228682546529,-0.005902228682546529
2024-05-21,2420.7963839112,,2423.0029296875,5132160,,0,7.79276292993156,7.79185184927521,0.0009110806563503715,0.0009110806563503715,0.09114958164036396,Tuesday,0,-0.00544537168995074,-0.0013639579160811266,0.004081413773869613,0.004081413773869613
2024-05-22,2425.4142668203,,2383.04052734375,4269196,,0,7.776132483812604,7.7937576204599885,-0.017625136647384743,0.017625136647384743,-1.747072244779921,Wednesday,0,0.0019057711847789705,-0.016630446118956144,0.018536217303735114,-0.018536217303735114
2024-05-23,2372.0943030834,,2333.857421875,4168926,,0,7.755277723523432,7.771528516107859,-0.016250792584426854,0.016250792584426854,-1.6119460832015537,Thursday,0,-0.02222910435212988,-0.020854760289171992,0.0013743440629578885,0.0013743440629578885
2024-05-24,2333.9712076644,,2336.0205078125,3255612,,0,7.756204122938906,7.755326476722597,0.0008776462163089249,0.0008776462163089249,0.0878031460444066,Friday,0,-0.01620203938526199,0.0009263994154737887,0.01712843880073578,0.01712843880073578
2024-05-25,2334.4953673107,,2336.244384765625,2617708,,0,7.756299955242272,7.755551029962974,0.0007489252792982626,0.0007489252792982626,0.07492057938584114,Saturday,0,0.00022455324037728985,9.583230336662751e-05,0.00012872093701066234,-0.00012872093701066234
2024-05-26,2334.4757479485,,2339.026123046875,3277608,,0,7.757489934989907,7.755542625814944,0.0019473091749633298,0.0019473091749633298,0.19492064127775327,Sunday,0,-8.404148029939051e-06,0.0011899797476351281,0.0011983838956650672,0.0011983838956650672
2024-05-27,2338.7901204828,,2353.6689453125,3012660,,0,7.7637306429737425,7.757389032110448,0.0063416108632941,0.0063416108632941,0.6361761450672034,Monday,1,0.0018464062955043659,0.0062407079838351365,0.004394301688330771,0.004394301688330771
2024-05-28,2353.805161424,,2360.634033203125,3080800,,0,7.7666855200744385,7.763788515245984,0.0028970048284548966,0.0028970048284548966,0.29012052021306006,Tuesday,0,0.006399483135535178,0.002954877100695974,0.003444606034839204,-0.003444606034839204
2024-05-29,2357.459733409,,2339.867431640625,2794529,,0,7.757849553601865,7.765339934153473,-0.007490380551607778,0.007490380551607778,-0.7462397562538893,Wednesday,0,0.0015514189074892215,-0.008835966472573453,0.010387385380062675,-0.010387385380062675
2024-05-30,2335.8067970109,,2343.6416015625,3929809,,0,7.759461238649156,7.7561126337686925,0.0033486048804638457,0.0033486048804638457,0.3354217721100078,Thursday,0,-0.009227300384780257,0.0016116850472913669,0.010838985432071624,0.010838985432071624
2024-05-31,2346.815711368,,2329.3037109375,4997877,,0,7.753324665391709,7.760814671834136,-0.007490006442426811,0.007490006442426811,-0.7462026245039874,Friday,0,0.004702038065443226,-0.006136573257447431,0.010838611322890657,-0.010838611322890657
2024-06-01,2327.9033435909,,2327.385009765625,2553049,,0,7.752500602889131,7.752723288913314,-0.00022268602418318295,0.00022268602418318295,-0.022266123149059427,Saturday,0,-0.008091382920821566,-0.000824062502577938,0.007267320418243628,0.007267320418243628
2024-06-02,2327.8258525546,,2326.760498046875,3146421,,0,7.752232234948571,7.752690000449555,-0.00045776550098430846,0.00045776550098430846,-0.045766074234275964,Sunday,0,-3.328846375882932e-05,-0.00026836794055995483,0.0002350794768011255,-0.0002350794768011255
2024-06-03,2330.0534723971,,2351.6396484375,3920061,,0,7.762868086582218,7.753646495823062,0.009221590759155518,0.009221590759155518,0.9264240626286011,Monday,1,0.0009564953735070603,0.010635851633646887,0.009679356260139826,0.009679356260139826
2024-06-04,2348.3836544983,,2328.7373046875,2939163,,0,7.753081470344309,7.761482563894262,-0.008401093549952776,0.008401093549952776,-0.8365902978913915,Tuesday,0,0.00783606807119952,-0.009786616237908774,0.017622684309108294,-0.017622684309108294
2024-06-05,2331.0925317856,,2355.922119140625,5880093,,0,7.764687487833178,7.7540923344236035,0.010595153409574287,0.010595153409574287,1.0651480804155717,Wednesday,0,-0.007390229470658483,0.01160601748886858,0.018996246959527063,0.018996246959527063
2024-06-06,2368.0913893829,,2376.525146484375,2620493,,0,7.773394677308571,7.769839588748587,0.0035550885599837656,0.0035550885599837656,0.3561415382567895,Thursday,0,0.015747254324983473,0.008707189475392951,0.007040064849590522,-0.007040064849590522
2024-06-07,2370.710909822,,2295.63671875,3515298,,0,7.738765521379851,7.770945151099797,-0.0321796297199457,0.0321796297199457,-3.166737486252031,Friday,0,0.0011055623512099544,-0.03462915592871951,0.03573471827992947,-0.03573471827992947
2024-06-08,2293.7473822608,,2295.19580078125,4759172,,0,7.738573435099975,7.737942170553532,0.0006312645464436883,0.0006312645464436883,0.0631463835839887,Saturday,0,-0.03300298054626527,-0.00019208627987588045,0.03281089426638939,0.03281089426638939
2024-06-09,2293.8705027522,,2301.07177734375,4056482,,0,7.7411302835270055,7.737995845682767,0.0031344378442383913,0.0031344378442383913,0.31393553310484545,Sunday,0,5.367512923548645e-05,0.0025568484270301894,0.002503173297794703,0.002503173297794703
2024-06-10,2298.5557254954,,2311.771484375,2838215,,0,7.745769385969229,7.7400362592401475,0.005733126729081661,0.005733126729081661,0.5749592551971539,Monday,1,0.0020404135573803828,0.004639102442223653,0.00259868888484327,0.00259868888484327
2024-06-11,2300.8462282343,,2315.974853515625,3365355,,0,7.747585980911844,7.741032259568579,0.006553721343265373,0.006553721343265373,0.6575243967057762,Tuesday,0,0.000996000328431279,0.0018165949426149908,0.0008205946141837117,0.0008205946141837117
2024-06-12,2312.9532087253,,2321.724609375,3341848,,0,7.750065554610533,7.746280432336068,0.003785122274464925,0.003785122274464925,0.3792294896676244,Wednesday,0,0.005248172767489123,0.002479573698688675,0.002768599068800448,-0.002768599068800448
2024-06-13,2314.0643508899,,2303.1572265625,3373156,,0,7.74203616781712,7.746760716740285,-0.004724548923165095,0.004724548923165095,-0.47134057975551696,Thursday,0,0.0004802844042171017,-0.008029386793412918,0.00850967119763002,-0.00850967119763002
2024-06-14,2305.990132207,,2332.5986328125,3559610,,0,7.754738218135068,7.7432654216381485,0.011472796496919457,0.011472796496919457,1.153886143477715,Friday,0,-0.003495295102136531,0.012702050317948022,0.016197345420084552,0.016197345420084552
2024-06-15,2332.4996979413,,2333.49365234375,4820640,,0,7.755121845156365,7.754695803221512,0.00042604193485296094,0.00042604193485296094,0.042613270360864416,Saturday,0,0.011430381583363847,0.00038362702129735027,0.011046754562066496,-0.011046754562066496
2024-06-16,2332.5775004706,,2328.8232421875,2635093,,0,7.753118372709461,7.754729158523471,-0.001610785814009752,0.001610785814009752,-0.16094891948253573,Sunday,0,3.335530195869296e-05,-0.00200347244690402,0.002036827748862713,-0.002036827748862713
2024-06-17,2324.8887947567,,2320.046630859375,2899731,,0,7.749342563966715,7.751427486665383,-0.0020849226986685565,0.0020849226986685565,-0.2082750757045023,Monday,1,-0.003301671858087829,-0.0037758087427466336,0.00047413688465880455,-0.00047413688465880455
2024-06-18,2323.3229093579,,2329.3544921875,5320074,,0,7.753346466196914,7.750753728429867,0.0025927377670464935,0.0025927377670464935,0.25961018183508416,Tuesday,0,-0.0006737582355160754,0.004003902230198975,0.00467766046571505,0.00467766046571505
2024-06-19,2329.9003804494,,2331.775390625,3618779,,0,7.754385226633138,7.753580790473786,0.0008044361593517735,0.0008044361593517735,0.0804759804897033,Wednesday,0,0.0028270620439192484,0.0010387604362245284,0.00178830160769472,-0.00178830160769472
2024-06-20,2336.7395986463,,2361.185546875,3016716,,0,7.766919122254712,7.756511902847608,0.010407219407103874,0.010407219407103874,1.0461562872843015,Thursday,0,0.0029311123738215983,0.012533895621573699,0.0096027832477521,0.0096027832477521
2024-06-21,2359.9410392331,,2323.9404296875,5707428,,0,7.751019484978692,7.766391914331761,-0.015372429353068817,0.015372429353068817,-1.5254876688486712,Friday,0,0.009880011484153073,-0.015899637276019618,0.02577964876017269,-0.02577964876017269
2024-06-22,2321.1517740795,,2323.8603515625,2110374,,0,7.75098502647723,7.74981879581228,0.0011662306649498078,0.0011662306649498078,0.11669109763726537,Saturday,0,-0.016573118519480623,-3.4458501461998026e-05,0.016538660018018625,0.016538660018018625
2024-06-23,2320.9998495992,,2322.0439453125,7089739,,0,7.750203087708594,7.749753341474435,0.0004497462341594982,0.0004497462341594982,0.044984738516047965,Sunday,0,-6.54543378457717e-05,-0.0007819387686360812,0.0007164844307903095,-0.0007164844307903095
2024-06-24,2321.7941710893,,2334.069091796875,3335146,,0,7.755368414720647,7.750095515387088,0.005272899333559344,0.005272899333559344,0.5286825533641492,Monday,1,0.0003421739126530099,0.005165327012052856,0.004823153099399846,0.004823153099399846
2024-06-25,2325.7588020668,,2321.54931640625,2641549,,0,7.749990050571084,7.751801631255846,-0.0018115806847625038,0.0018115806847625038,-0.1809940762906781,Tuesday,0,0.0017061158687585731,-0.005378364149563275,0.007084480018321848,-0.007084480018321848
2024-06-26,2314.4022940356,,2303.8662109375,3843066,,0,7.742343951960272,7.746906744862437,-0.004562792902164325,0.004562792902164325,-0.4552399176777611,Wednesday,0,-0.004894886393409514,-0.007646098610811336,0.0027512122174018216,-0.0027512122174018216
2024-06-27,2298.5847843341,,2330.839599609375,2472187,,0,7.7539838248317245,7.740048901376553,0.013934923455171777,0.013934923455171777,1.4032467061953253,Thursday,0,-0.006857843485883919,0.011639872871452184,0.018497716357336103,0.018497716357336103
2024-06-28,2320.7143715807,,2331.52978515625,2614853,,0,7.754279891271321,7.749630336047881,0.004649555223440238,0.004649555223440238,0.46603811774489157,Friday,0,0.009581434671328104,0.0002960664395965651,0.009285368231731539,-0.009285368231731539
2024-06-29,2326.4145763832,,2327.82470703125,2414844,,0,7.752689508349328,7.752083552958842,0.0006059553904860238,0.0006059553904860238,0.0606139018541778,Saturday,0,0.002453216910961231,-0.0015903829219929833,0.0040435998329542144,-0.0040435998329542144
2024-06-30,2326.4806071556,,2327.48876953125,2229048,,0,7.752545184018744,7.7521119356194435,0.00043324839930036774,0.00043324839930036774,0.04333422649426868,Sunday,0,2.8382660601344867e-05,-0.00014432433058431116,0.00017270699118565602,-0.00017270699118565602
2024-07-01,2326.495762288,,2333.5556640625,3081565,,0,7.755148419428266,7.7521184497863755,0.0030299696418900623,0.0030299696418900623,0.3034564639635004,Monday,1,6.51416693209228e-06,0.002603235409521787,0.0025967212425896946,0.0025967212425896946
2024-07-02,2333.3307666695,,2334.605224609375,2329383,,0,7.7555980871195,7.75505203936995,0.0005460477495500271,0.0005460477495500271,0.054619686076230876,Tuesday,0,0.0029335895835744807,0.0004496676912344455,0.0024839218923400352,-0.0024839218923400352
2024-07-03,2330.4189114427,,2363.276611328125,5739412,,0,7.767804329721573,7.753803320718159,0.0140010090034135,0.0140010090034135,1.4099482167814945,Wednesday,0,-0.001248718651790881,0.012206242602072592,0.013454961253863473,0.013454961253863473
2024-07-04,2360.5950588024,,2359.301025390625,3505693,,0,7.766120678469038,7.76666900979715,-0.0005483313281118285,0.0005483313281118285,-0.05481810219630463,Thursday,0,0.012865689078990883,-0.001683651252534446,0.014549340331525329,-0.014549340331525329
2024-07-05,2359.5991324226,,2391.752197265625,6287905,,0,7.779781513243179,7.766247024448992,0.013534488794187283,0.013534488794187283,1.3626494602925743,Friday,0,-0.0004219853481579605,0.01366083477414115,0.014082820122299111,0.014082820122299111
2024-07-06,2391.753425529,,2391.49658203125,3297677,,0,7.77967463390388,7.779782026784281,-0.00010739288040184647,0.00010739288040184647,-0.010738711399290198,Saturday,0,0.01353500233528937,-0.00010687933929975912,0.01364188167458913,-0.01364188167458913
2024-07-07,2391.7625783392,,2387.3671875,2905682,,0,7.777946442535324,7.779785853597108,-0.0018394110617840909,0.0018394110617840909,-0.18377203820339377,Sunday,0,3.826812826623893e-06,-0.0017281913685556205,0.0017320181813822444,-0.0017320181813822444
2024-07-08,2386.0346347243,,2361.189697265625,3168084,,0,7.766920880010253,7.777388118363195,-0.010467238352942054,0.010467238352942054,-1.0412647451593098,Monday,1,-0.0023977352339130675,-0.011025562525071031,0.008627827291157963,-0.008627827291157963
2024-07-09,2362.5777140407,,2364.255859375,13562560,,0,7.768218604215486,7.767508553658917,0.0007100505565684756,0.0007100505565684756,0.07103027021405266,Tuesday,0,-0.009879564704277755,0.0012977242052327753,0.01117728890951053,0.01117728890951053
2024-07-10,2365.0720483723,,2372.135986328125,12511240,,0,7.7715460882922525,7.768563764890036,0.0029823234022163803,0.0029823234022163803,0.2986774952875851,Wednesday,0,0.0010552112311188466,0.0033274840767667513,0.0022722728456479047,0.0022722728456479047
2024-07-11,2372.1291899511,,2414.228759765625,13267972,,0,7.789135160947965,7.771543223200706,0.017591937747258868,0.017591937747258868,1.7747587270064595,Thursday,0,0.0029794583106701467,0.017589072655712634,0.014609614345042488,0.014609614345042488
2024-07-12,2412.1058769754,,2411.9296875,12325308,,0,7.788182406302771,7.788255452810461,-7.304650768968912e-05,7.304650768968912e-05,-0.007304383985867143,Friday,0,0.01671222960975438,-0.000952754645194176,0.017664984254948557,-0.017664984254948557
2024-07-13,2411.119504486,,2411.701171875,2908023,,0,7.788087657914334,7.7878464433094985,0.00024121460483517154,0.00024121460483517154,0.024124369941750483,Saturday,0,-0.00040900950096212085,-9.474838843726019e-05,0.00031426111252486066,0.00031426111252486066
2024-07-14,2411.091018686,,2407.91552734375,3987482,,0,7.786516725806646,7.787834628893739,-0.0013179030870933417,0.0013179030870933417,-0.13170350341982034,Sunday,0,-1.1814415759481278e-05,-0.0015709321076879945,0.0015591176919285132,-0.0015591176919285132
2024-07-15,2408.0127104543,,2422.60498046875,16956264,,0,7.792598678416777,7.786557084842646,0.006041593574130921,0.006041593574130921,0.6059880810054838,Monday,1,-0.001277544051093038,0.006081952610131225,0.007359496661224263,0.007359496661224263
2024-07-16,2421.1820501311,,2469.27490234375,19189082,,0,7.811679824720172,7.79201115036503,0.019668674355141746,0.019668674355141746,1.9863377150861499,Tuesday,0,0.005454065522384255,0.01908114630339508,0.013627080781010825,0.013627080781010825
2024-07-17,2467.3769586964,,2460.425537109375,26859783,,0,7.8080895965314365,7.810910905300984,-0.00282130876954767,0.00282130876954767,-0.2817332618157219,Wednesday,0,0.018899754935953972,-0.003590228188735445,0.022489983124689417,-0.022489983124689417
2024-07-18,2458.8281520087,,2443.8271484375,26049363,,0,7.801320592928458,7.807440154458402,-0.006119561529944306,0.006119561529944306,-0.6100875150199087,Thursday,0,-0.003470750842581971,-0.006769003602978607,0.003298252760396636,-0.003298252760396636
2024-07-19,2436.282680905,,2401.517333984375,34598147,,0,7.78385603906108,7.798228665161762,-0.01437262610068224,0.01437262610068224,-1.4269832968525058,Friday,0,-0.009211489296640174,-0.017464553867378108,0.008253064570737934,-0.008253064570737934
2024-07-20,2400.0574093732,,2401.114501953125,2624478,,0,7.7836882843607595,7.783247936622112,0.0004403477386478727,0.0004403477386478727,0.044044470594613055,Saturday,0,-0.014980728539650379,-0.00016775470032026618,0.014812973839330112,0.014812973839330112
2024-07-21,2400.244632933,,2412.216064453125,2741720,,0,7.788301132795786,7.783325941530238,0.004975191265547352,0.004975191265547352,0.4987588079926818,Sunday,0,7.800490812659433e-05,0.0046128484350260734,0.004534843526899479,0.004534843526899479
2024-07-22,2409.2774528733,,2397.380615234375,12554146,,0,7.782132009995075,7.787082169446305,-0.004950159451230007,0.004950159451230007,-0.4937927603454995,Monday,1,0.003756227916066557,-0.006169122800710802,0.00992535071677736,-0.00992535071677736
2024-07-23,2397.1324542729,,2411.103759765625,19947422,,0,7.787839913242551,7.7820284912610145,0.005811421981536391,0.005811421981536391,0.5828341053003239,Tuesday,0,-0.0050536781852903445,0.005707903247476054,0.010761581432766398,0.010761581432766398
2024-07-24,2409.6611992257,,2400.705322265625,18461336,,0,7.783517857437856,7.787241435368084,-0.003723577930228039,0.003723577930228039,-0.3716654010510972,Wednesday,0,0.005212944107069184,-0.004322055804695246,0.00953499991176443,-0.00953499991176443
2024-07-25,2397.3732460817,,2366.1962890625,17647300,,0,7.769039003507328,7.782128936155255,-0.013089932647926794,0.013089932647926794,-1.3004632078111353,Thursday,0,-0.005112499212828858,-0.014478853930527613,0.009366354717698755,-0.009366354717698755
2024-07-26,2364.788488588,,2388.06640625,13069950,,0,7.7782392824382445,7.768443862925729,0.009795419512515835,0.009795419512515835,0.9843551664064155,Friday,0,-0.013685073229526168,0.009200278930916461,0.02288535216044263,0.02288535216044263
2024-07-27,2387.13790997,,2388.028076171875,3591256,,0,7.77822323163428,7.777850400107682,0.0003728315265982829,0.0003728315265982829,0.037290103691009824,Saturday,0,0.00940653718195339,-1.6050803964162697e-05,0.009422587985917552,-0.009422587985917552
2024-07-28,2387.0592742624,,2398.74462890625,2887656,,0,7.782700808197465,7.77781745814715,0.004883350050314483,0.004883350050314483,0.4895293036852175,Sunday,0,-3.2941960531829295e-05,0.004477576563184371,0.0045105185237162004,0.0045105185237162004
2024-07-29,2398.575629848,,2382.8125,11271624,,0,7.776036791669932,7.782630352589248,-0.006593560919315955,0.006593560919315955,-0.6571871093762003,Monday,1,0.004812894442097537,-0.006664016527532901,0.011476910969630438,-0.011476910969630438
2024-07-30,2381.8353613471,,2411.37548828125,9477017,,0,7.787952605698831,7.7756266297041225,0.012325975994708749,0.012325975994708749,1.2402253914579129,Tuesday,0,-0.007003722885125185,0.011915814028899518,0.018919536914024704,0.018919536914024704
2024-07-31,2408.8688770769,,2446.49365234375,7737990,,0,7.802411116139158,7.786912570696329,0.015498545442828693,0.015498545442828693,1.5619270780942944,Wednesday,0,0.011285940992206811,0.014458510440326755,0.003172569448119944,0.003172569448119944
2024-08-01,2445.9565891625,,2446.916259765625,10593579,,0,7.80258384126561,7.80219156840463,0.00039227286098064695,0.00039227286098064695,0.03923498100403207,Thursday,0,0.015278997708300324,0.00017272512645227778,0.015106272581848046,-0.015106272581848046
2024-08-02,2445.6257903957,,2444.263427734375,13158742,,0,7.801499099971744,7.802056316152235,-0.0005572161804909825,0.0005572161804909825,-0.055706096438588606,Friday,0,-0.00013525225239430227,-0.0010847412938659318,0.0009494890414716295,-0.0009494890414716295
2024-08-03,2442.7707664828,,2445.953125,6270793,,0,7.802190152122359,7.800888234060571,0.001301918061787255,0.001301918061787255,0.13027659250164472,Saturday,0,-0.001168082091663969,0.0006910521506142686,0.0018591342422782375,0.0018591342422782375
2024-08-04,2442.740334504,,2441.5107421875,4131285,,0,7.800372283323083,7.800875776007291,-0.0005034926842082399,0.0005034926842082399,-0.05033659530372768,Sunday,0,-1.2458053280539616e-05,-0.0018178687992760345,0.001805410745995495,-0.001805410745995495
2024-08-05,2434.0452834653,,2411.2138671875,19543917,,0,7.787885579011757,7.797309877920548,-0.009424298908791151,0.009424298908791151,-0.9380029382730106,Monday,1,-0.0035658980867427914,-0.012486704311325703,0.008920806224582911,-0.008920806224582911
2024-08-06,2408.0231478449,,2393.043701171875,15542834,,0,7.7803213498276556,7.786561419274909,-0.006240069447253305,0.006240069447253305,-0.6220640647259184,Tuesday,0,-0.010748458645639225,-0.007564229184101379,0.0031842294615378464,0.0031842294615378464
2024-08-07,2382.7712296577,,2388.00927734375,10032712,,0,7.778215359489766,7.776019471507432,0.002195887982334277,0.002195887982334277,0.2198300710052784,Wednesday,0,-0.010541947767476856,-0.002105990337889274,0.008435957429587582,0.008435957429587582
2024-08-08,2384.7776779086,,2425.405517578125,5421147,,0,7.793754013134809,7.776861182167673,0.016892830967135453,0.016892830967135453,1.7036321685615141,Thursday,0,0.0008417106602411906,0.015538653645042366,0.014696942984801176,0.014696942984801176
2024-08-09,2423.5567779976,,2432.50634765625,4381723,,0,7.796677423576282,7.792991483109862,0.0036859404664202344,0.0036859404664202344,0.36927418989722954,Friday,0,0.016130300942188924,0.002923410441473706,0.013206890500715218,-0.013206890500715218
2024-08-10,2431.4300261184,,2433.296875,2463563,,0,7.797002355479416,7.796234851357936,0.000767504121479412,0.000767504121479412,0.07677987281338507,Saturday,0,0.003243368248074141,0.00032493190313331866,0.0029184363449408224,-0.0029184363449408224
2024-08-11,2431.3927820215,,2429.4501953125,2735416,,0,7.795420253661556,7.796219533466099,-0.0007992798045428628,0.0007992798045428628,-0.07989604655257712,Sunday,0,-1.5317891837618447e-05,-0.0015821018178598933,0.001566783926022275,-0.001566783926022275
2024-08-12,2427.9458509805,,2474.94873046875,3957579,,0,7.813974959826112,7.794800850028103,0.019174109798008487,0.019174109798008487,1.9359113577128777,Monday,1,-0.0014186834379952273,0.018554706164556123,0.01997338960255135,0.01997338960255135
2024-08-13,2476.1037418137,,2466.266357421875,5337512,,0,7.810460689822433,7.814441531882203,-0.003980842059769785,0.003980842059769785,-0.39729290116976673,Tuesday,0,0.019640681854099284,-0.0035142700036789876,0.023154951857778272,-0.023154951857778272
2024-08-14,2464.9374965799,,2455.7861328125,5511900,,0,7.806202206001657,7.809921729798274,-0.003719523796616997,0.003719523796616997,-0.37126149365238315,Wednesday,0,-0.004519802083928326,-0.004258483820775538,0.0002613182631527877,0.0002613182631527877
2024-08-15,2449.8005249923,,2459.505126953125,5592008,,0,7.8077154407841975,7.803761881853627,0.003953558930570367,0.003953558930570367,0.3961384554301879,Thursday,0,-0.00615984794464719,0.0015132347825401737,0.007673082727187364,0.007673082727187364
2024-08-16,2457.7186374211,,2508.07763671875,4780763,,0,7.827271856903181,7.806988815478443,0.020283041424738357,0.020283041424738357,2.049014013682703,Friday,0,0.003226933624815409,0.0195564161189834,0.01632948249416799,0.01632948249416799
2024-08-17,2507.4420881175,,2510.396728515625,3622531,,0,7.828196078805367,7.8270184241027865,0.0011776547025803552,0.0011776547025803552,0.11783484101693079,Saturday,0,0.020029608624343886,0.0009242219021858844,0.019105386722158002,-0.019105386722158002
2024-08-18,2507.7338511971,,2507.434326171875,4051464,,0,7.827015328534727,7.827134776184332,-0.0001194476496051422,0.0001194476496051422,-0.011944051601895923,Sunday,0,0.00011635208154547882,-0.0011807502706400186,0.0012971023521854974,-0.0012971023521854974
2024-08-19,2506.0138066325,,2508.393798828125,5702054,,0,7.827397906503525,7.826448644871204,0.000949261632321452,0.000949261632321452,0.09497123237414722,Monday,1,-0.0006861313131283353,0.0003825779687982589,0.0010687092819265942,0.0010687092819265942
2024-08-20,2504.8073515094,,2529.266357421875,12664626,,0,7.835684562366412,7.82596710497651,0.009717457389902151,0.009717457389902151,0.976482518615086,Tuesday,0,-0.00048153989469401637,0.008286655862886683,0.008768195757580699,0.008768195757580699
2024-08-21,2513.4178813596,,2518.86181640625,6472168,,0,7.831562418320048,7.829398811566336,0.0021636067537116332,0.0021636067537116332,0.21659490397614328,Wednesday,0,0.003431706589826611,-0.004122144046363907,0.007553850636190518,-0.007553850636190518
2024-08-22,2512.5868035926,,2492.404296875,6236614,,0,7.821003104659513,7.829068100464111,-0.008064995804597963,0.008064995804597963,-0.8032560980079287,Thursday,0,-0.0003307111022250453,-0.010559313660534642,0.010228602558309596,-0.010228602558309596
2024-08-23,2487.0530237218,,2514.02001953125,6408833,,0,7.829638352336963,7.818853763930693,0.010784588406270501,0.010784588406270501,1.0842951699153867,Friday,0,-0.010214336533418411,0.008635247677450053,0.018849584210868464,0.018849584210868464
2024-08-24,2512.3841696683,,2514.4580078125,5022844,,0,7.829812555457659,7.828987449680062,0.0008251057775972015,0.0008251057775972015,0.08254462710111653,Saturday,0,0.010133685749369015,0.00017420312069571509,0.0099594826286733,-0.0099594826286733
2024-08-25,2512.3841696683,,2513.952880859375,9474576,,0,7.8296116462774,7.828987449680062,0.0006241965973385888,0.0006241965973385888,0.06243914485746389,Sunday,0,0.0,-0.0002009091802586127,0.0002009091802586127,-0.0002009091802586127
2024-08-26,2515.0076795759,,2514.718505859375,7655738,,0,7.8299161501699945,7.830031136038482,-0.00011498586848723846,0.00011498586848723846,-0.011497925786605103,Monday,1,0.001043686358420004,0.00030450389259417676,0.0007391824658258273,-0.0007391824658258273
2024-08-27,2516.2410780382,,2520.187255859375,8160422,,0,7.83208848562548,7.830521431210289,0.0015670544151911159,0.0015670544151911159,0.15682828865712262,Tuesday,0,0.000490295171807098,0.0021723354554854524,0.0016820402836783543,0.0016820402836783543
2024-08-28,2524.9694226203,,2504.630615234375,9976032,,0,7.825896543657546,7.833984231782789,-0.008087688125242742,0.008087688125242742,-0.8055070767874236,Wednesday,0,0.0034628005724997024,-0.006191941967934156,0.009654742540433858,-0.009654742540433858
2024-08-29,2510.0867837405,,2520.6787109375,7848316,,0,7.832283473979829,7.8280726067235396,0.004210867256289497,0.004210867256289497,0.421974541502353,Thursday,0,-0.005911625059249026,0.006386930322283213,0.012298555381532239,0.012298555381532239
2024-08-30,2518.6905730701,,2502.61669921875,7834592,,0,7.825092143156534,7.831494431598332,-0.006402288441798021,0.006402288441798021,-0.6381837460787091,Friday,0,0.0034218248747928115,-0.007191330823294706,0.010613155698087517,-0.010613155698087517
2024-08-31,2502.8313279397,,2504.188720703125,5911098,,0,7.825720097072929,7.825177901202534,0.0005421958703948349,0.0005421958703948349,0.05423428851446353,Saturday,0,-0.006316530395798381,0.0006279539163944747,0.006944484312192856,0.006944484312192856
2024-09-01,2503.8665959909,,2503.89404296875,7313119,,0,7.825602416216353,7.825591454439292,1.0961777061169187e-05,1.0961777061169187e-05,0.0010961837141823532,Sunday,0,0.0004135532367577355,-0.00011768085657593019,0.0005312340933336657,-0.0005312340933336657
2024-09-02,2502.3728750788,,2499.639892578125,7522993,,0,7.823901957512358,7.824994710729744,-0.001092753217386111,0.001092753217386111,-0.10921563800074939,Monday,1,-0.0005967437095479866,-0.0017004587039952668,0.0011037149944472802,-0.0011037149944472802
2024-09-03,2496.4263656576,,2494.592529296875,6741201,,0,7.821880679937214,7.822615534475675,-0.000734854538460894,0.000734854538460894,-0.07345845989901176,Tuesday,0,-0.0023791762540685824,-0.0020212775751433654,0.000357898678925217,0.000357898678925217
2024-09-04,2493.3800758985,,2497.5810546875,8182306,,0,7.823077964325408,7.821394529142805,0.0016834351826027216,0.0016834351826027216,0.16848529550739696,Wednesday,0,-0.0012210053328702841,0.0011972843881933315,0.0024182897210636156,0.0024182897210636156
2024-09-05,2495.6388710728,,2518.91748046875,6026739,,0,7.831584516970752,7.822300035957932,0.009284481012819867,0.009284481012819867,0.9327715506347707,Thursday,0,0.0009055068151271328,0.008506552645344279,0.007601045830217146,0.007601045830217146
2024-09-06,2517.4294226074,,2500.101318359375,5797899,,0,7.8240865373788315,7.830993589485695,-0.006907052106863709,0.006907052106863709,-0.6883253247305513,Friday,0,0.008693553527763243,-0.007497979591920334,0.016191533119683577,-0.016191533119683577
2024-09-07,2496.8552108619,,2496.77392578125,5083366,,0,7.822754747847431,7.822787303361039,-3.255551360847875e-05,3.255551360847875e-05,-0.0032554983683673634,Saturday,0,-0.008206286124655904,-0.0013317895314006734,0.0068744965932552304,0.0068744965932552304
2024-09-08,2497.7907041222,,2497.0927734375,3494784,,0,7.822882443549334,7.823161901795909,-0.0002794582465748263,0.0002794582465748263,-0.027941920175631456,Sunday,0,0.00037459843486953304,0.00012769570190318547,0.00024690273296634757,-0.00024690273296634757
2024-09-09,2497.9891187594,,2507.438232421875,3483397,,0,7.827016886400836,7.823241334695011,0.0037755517058251087,0.0037755517058251087,0.3782688079589378,Monday,1,7.943289910183893e-05,0.004134442851501774,0.004055009952399935,0.004055009952399935
2024-09-10,2506.5269962984,,2518.148681640625,3253247,,0,7.831279260375204,7.826653407161575,0.004625853213629405,0.004625853213629405,0.4636568989437543,Tuesday,0,0.0034120724665642754,0.004262373974368572,0.0008503015078042964,0.0008503015078042964
2024-09-11,2518.484416374,,2511.658935546875,3488890,,0,7.828698744304222,7.831412577504858,-0.0027138332006364507,0.0027138332006364507,-0.271015408423767,Wednesday,0,0.0047591703432834365,-0.0025805160709824193,0.007339686414265856,-0.007339686414265856
2024-09-12,2512.0869061489,,2557.974853515625,3736189,,0,7.846971151564911,7.828869123386503,0.018102028178407892,0.018102028178407892,1.826686300318818,Thursday,0,-0.002543454118355548,0.018272407260688794,0.020815861379044343,0.020815861379044343
2024-09-13,2558.1669608132,,2576.6640625,4671343,,0,7.854250842240144,7.847046250068681,0.0072045921714627426,0.0072045921714627426,0.7230607685168414,Friday,0,0.01817712668217819,0.0072796906752330415,0.01089743600694515,-0.01089743600694515
2024-09-14,2579.972038263,,2580.093505859375,3722018,,0,7.85558091984007,7.855533839974375,4.707986569485456e-05,4.707986569485456e-05,0.004708097396937234,Saturday,0,0.00848758990569376,0.0013300775999258718,0.007157512305767888,-0.007157512305767888
2024-09-15,2579.5913566148,,2579.597412109375,2983138,,0,7.8553886239218,7.855386276461823,2.3474599766259985e-06,2.3474599766259985e-06,0.00023474627325519287,Sunday,0,-0.00014756351255140743,-0.000192295918269636,4.473240571822856e-05,-4.473240571822856e-05
2024-09-16,2581.3872684947,,2584.605712890625,2980401,,0,7.857328246446392,7.856082234373236,0.0012460120731558888,0.0012460120731558888,0.12467886687152342,Monday,1,0.0006959579114127479,0.0019396225245920107,0.0012436646131792628,0.0012436646131792628
2024-09-17,2583.769688971,,2574.25830078125,3311055,,0,7.853316733075218,7.857004731275023,-0.0036879981998048095,0.0036879981998048095,-0.3681205887022388,Tuesday,0,0.0009224969017864737,-0.004011513371174225,0.004934010272960698,-0.004934010272960698
2024-09-18,2573.2223279531,,2559.344970703125,3694346,,0,7.847506633913993,7.852914216614503,-0.005407582700510005,0.005407582700510005,-0.5392988044299238,Wednesday,0,-0.00409051466051924,-0.005810099161224436,0.0017195845007051958,-0.0017195845007051958
2024-09-19,2558.0917045179,,2587.536376953125,3277868,,0,7.858461496200647,7.847016831581373,0.011444664619274292,0.011444664619274292,1.1510405347557426,Thursday,0,-0.005897385033130753,0.010954862286653544,0.016852247319784297,0.016852247319784297
2024-09-20,2586.3116867666,,2620.033203125,6970855,,0,7.870942269623315,7.857988080594191,0.012954189029124485,0.012954189029124485,1.303845802149185,Friday,0,0.010971249012817985,0.012480773422668179,0.0015095244098501936,0.0015095244098501936
2024-09-21,2622.5944907682,,2620.9638671875,3774814,,0,7.871297417340361,7.871919370419528,-0.0006219530791673478,0.0006219530791673478,-0.06217597064433957,Saturday,0,0.013931289825337423,0.00035514771704558967,0.013576142108291833,-0.013576142108291833
2024-09-22,2622.60687123,,2621.151123046875,2354293,,0,7.87136886020638,7.871924091100755,-0.0005552308943750361,0.0005552308943750361,-0.055507678222548575,Sunday,0,4.720681227254886e-06,7.144286601956651e-05,6.672218479231162e-05,6.672218479231162e-05
2024-09-23,2620.2113672106,,2626.76220703125,4126812,,0,7.8735072667575725,7.871010268008992,0.002496998748580559,0.002496998748580559,0.25001188463752183,Monday,1,-0.000913823091763355,0.00213840655119224,0.003052229642955595,0.003052229642955595
2024-09-24,2625.4492143606,,2657.02880859375,3282162,,0,7.88496378822785,7.873007289665008,0.0119564985628422,0.0119564985628422,1.2028263224600604,Tuesday,0,0.001997021656015896,0.011456521470277536,0.00945949981426164,0.00945949981426164
2024-09-25,2657.8843081434,,2654.400634765625,4078368,,0,7.883974158573292,7.885285712420494,-0.0013115538472021626,0.0013115538472021626,-0.1310694136348098,Wednesday,0,0.012278422755485963,-0.0009896296545583994,0.013268052410044362,-0.013268052410044362
2024-09-26,2656.8215487357,,2671.841552734375,4501312,,0,7.890523233771917,7.88488578081544,0.005637452956477773,0.005637452956477773,0.5653373297059563,Thursday,0,-0.00039993160505424896,0.006549075198625687,0.006949006803679936,0.006949006803679936
2024-09-27,2671.8136484791,,2659.4619140625,3781987,,0,7.88587909336635,7.89051278988876,-0.004633696522409636,0.004633696522409636,-0.46229775132823725,Friday,0,0.005627009073320366,-0.004644140405567043,0.01027114947888741,-0.01027114947888741
2024-09-28,2656.8751959445,,2658.980224609375,2327153,,0,7.8856979540620635,7.88490597286304,0.0007919811990237946,0.0007919811990237946,0.07922948989430469,Saturday,0,-0.00560681702572019,-0.00018113930428675928,0.005425677721433431,0.005425677721433431
2024-09-29,2657.0770982805,,2663.6845703125,2509741,,0,7.887465620112559,7.884981962380792,0.002483657731767508,0.002483657731767508,0.24867445646480343,Sunday,0,7.598951775200646e-05,0.0017676660504957198,0.0016916765327437133,0.0016916765327437133
2024-09-30,2664.9156394305,,2632.286376953125,3373234,,0,7.875608092359537,7.887927681100979,-0.012319588741442011,0.012319588741442011,-1.2244013279290153,Monday,1,0.002945718720186896,-0.011857527753022623,0.01480324647320952,-0.01480324647320952
2024-10-01,2636.5926364186,,2662.002685546875,5785751,,0,7.886834007800106,7.877242694487761,0.009591313312344418,0.009591313312344418,0.9637457367244565,Tuesday,0,-0.010684986613217262,0.011225915440569167,0.02191090205378643,0.02191090205378643
2024-10-02,2659.4987855399,,2661.48828125,3679566,,0,7.886640749540936,7.8858929575324845,0.0007477920084513201,0.0007477920084513201,0.07480716746017198,Wednesday,0,0.008650263044723161,-0.00019325825916993722,0.008843521303893098,-0.008843521303893098
2024-10-03,2660.805798428,,2656.806396484375,4732926,,0,7.8848800776493615,7.8863842876410395,-0.001504209991677996,0.001504209991677996,-0.15030792348647654,Thursday,0,0.0004913301085549548,-0.0017606718915743613,0.002252002000129316,-0.002252002000129316
2024-10-04,2656.9514351789,,2654.523681640625,4078673,,0,7.884020513302683,7.884934667526866,-0.0009141542241835054,0.0009141542241835054,-0.09137365125047386,Friday,0,-0.0014496201141733778,-0.0008595643466788871,0.0005900557674944906,0.0005900557674944906
2024-10-05,2653.1574962047,,2654.71240234375,3714648,,0,7.884091604774307,7.8835057176997365,0.0005858870745703015,0.0005858870745703015,0.058605873992572485,Saturday,0,-0.0014289498271295997,7.109147162420726e-05,0.001500041298753807,0.001500041298753807
2024-10-06,2653.2490095421,,2651.671142578125,3854150,,0,7.882945340063934,7.883540209341985,-0.000594869278050858,0.000594869278050858,-0.05946923784010736,Sunday,0,3.449164224811341e-05,-0.0011462647103730461,0.0011807563526211595,-0.0011807563526211595
2024-10-07,2650.1881501077,,2643.0615234375,6757049,,0,7.8796931922136135,7.8823859165005254,-0.0026927242869119183,0.0026927242869119183,-0.26891021567319373,Monday,1,-0.0011542928414591813,-0.0032521478503202417,0.0020978550088610604,-0.0020978550088610604
2024-10-08,2643.8212311535,,2622.39453125,5261389,,0,7.87184312258852,7.8799805856575365,-0.008137463069016526,0.008137463069016526,-0.8104443542179814,Tuesday,0,-0.0024053308429889952,-0.007850069625093603,0.005444738782104608,-0.005444738782104608
2024-10-09,2623.0086118619,,2609.25634765625,4564686,,0,7.866820535448472,7.872077263072273,-0.0052567276238013605,0.0052567276238013605,-0.5242935209384735,Wednesday,0,-0.007903322585263162,-0.005022587140047996,0.0028807354452151657,0.0028807354452151657
2024-10-10,2606.9419736428,,2632.12646484375,4653788,,0,7.875547340243687,7.865933155781226,0.009614184462460429,0.009614184462460429,0.9660549201161797,Thursday,0,-0.006144107291047085,0.008726804795214704,0.01487091208626179,0.01487091208626179
2024-10-11,2633.4979357326,,2656.490966796875,5362149,,0,7.884761345469961,7.876068255073735,0.008693090396226566,0.008693090396226566,0.8730985034122898,Friday,0,0.010135099292508443,0.00921400522627458,0.0009210940662338629,-0.0009210940662338629
2024-10-12,2657.5254876626,,2658.09375,3877153,,0,7.8853645095315485,7.885150701012106,0.00021380851944297063,0.00021380851944297063,0.02138313781140207,Saturday,0,0.009082445938370931,0.0006031640615873357,0.008479281876783595,-0.008479281876783595
2024-10-13,2657.5050067394,,2651.599609375,3931590,,0,7.8829183630505115,7.8851429942178655,-0.002224631167353941,0.002224631167353941,-0.22221585093627083,Sunday,0,-7.706794240114334e-06,-0.002446146481037026,0.0024384396867969116,-0.0024384396867969116
2024-10-14,2646.1662872064,,2649.525634765625,4639319,,0,7.882135897208006,7.880867187449459,0.001268709758546649,0.001268709758546649,0.126951491123851,Monday,1,-0.004275806768406554,-0.0007824658425059638,0.00349334092590059,0.00349334092590059
2024-10-15,2648.895053162,,2661.096435546875,4761871,,0,7.886493510661826,7.881897870956886,0.004595639704940702,0.004595639704940702,0.4606215852270291,Tuesday,0,0.001030683507426744,0.004357613453820797,0.0033269299463940527,0.0033269299463940527
2024-10-16,2660.2140514634,,2673.421630859375,4110074,,0,7.8911144406467715,7.886161869013132,0.00495257163363938,0.00495257163363938,0.4964855887709193,Wednesday,0,0.004263998056246443,0.004620929984945121,0.0003569319286986783,0.0003569319286986783
2024-10-17,2674.8395497496,,2691.86376953125,4907134,,0,7.89798908381221,7.891644676129132,0.006344407683078757,0.006344407683078757,0.6364576067092999,Thursday,0,0.005482807115999577,0.006874643165438954,0.0013918360494393767,0.0013918360494393767
2024-10-18,2694.1106740665,,2720.793212890625,5071797,,0,7.9086787391627595,7.898823437814119,0.00985530134864021,0.00985530134864021,0.9904024760738684,Friday,0,0.007178761684987656,0.01068965535054911,0.003510893665561454,0.003510893665561454
2024-10-19,2722.055042675,,2723.278076171875,3396782,,0,7.909591608712724,7.909142404415852,0.0004492042968715637,0.0004492042968715637,0.04493052042301883,Saturday,0,0.010318966601732704,0.0009128695499640571,0.009406097051768647,-0.009406097051768647
2024-10-20,2722.0535607591,,2724.964111328125,4064750,,0,7.910210536855801,7.9091418600050005,0.0010686768508003652,0.0010686768508003652,0.10692480893775273,Sunday,0,-5.444108515106905e-07,0.0006189281430772908,0.0006194725539288015,0.0006194725539288015
2024-10-21,2723.7907322476,,2724.362548828125,8658637,,0,7.909989752696597,7.909779840620661,0.00020991207593556993,0.00020991207593556993,0.020993410901772525,Monday,1,0.0006379806156608936,-0.0002207841592039017,0.0008587647748647953,-0.0008587647748647953
2024-10-22,2722.6953813012,,2764.454345703125,20921803,,0,7.924598551155503,7.909377617631992,0.015220933523511171,0.015220933523511171,1.533736189832883,Tuesday,0,-0.00040222298866954276,0.014608798458906058,0.015011021447575601,0.015011021447575601
2024-10-23,2742.5865827728,,2737.801513671875,13750957,,0,7.914910510040167,7.91665676239773,-0.001746252357563094,0.001746252357563094,-0.17447285460308226,Wednesday,0,0.007279144765738543,-0.009688041115335722,0.016967185881074265,-0.016967185881074265
2024-10-24,2720.172088967,,2755.84814453125,6414561,,0,7.921480530663114,7.908450425291281,0.013030105371833578,0.013030105371833578,1.3115367115540892,Thursday,0,-0.008206337106449801,0.0065700206229468705,0.014776357729396672,0.014776357729396672
2024-10-25,2732.6137450471,,2754.924560546875,6713686,,0,7.921145338470494,7.913013845917024,0.008131492553470565,0.008131492553470565,0.8164642932142733,Friday,0,0.00456342062574322,-0.00033519219261979316,0.004898612818363013,-0.004898612818363013
2024-10-26,2742.9499329349,,2749.105712890625,7300974,,0,7.9190309424606555,7.916789238104196,0.0022417043564590955,0.0022417043564590955,0.22442188542385755,Saturday,0,0.0037753921871725993,-0.0021143960098388703,0.00588978819701147,-0.00588978819701147
2024-10-27,2742.9627234109,,2747.179443359375,4102134,,0,7.918330007354359,7.91679390112995,0.0015361062244085844,0.0015361062244085844,0.15372866399116322,Sunday,0,4.6630257539703734e-06,-0.0007009351062965408,0.0007055981320505111,-0.0007055981320505111
2024-10-28,2732.3822821403,,2748.2421875,6369656,,0,7.91871678173684,7.912929138478707,0.005787643258132746,0.005787643258132746,0.580442402344841,Monday,1,-0.0038647626512435806,0.0003867743824805814,0.004251537033724162,0.004251537033724162
2024-10-29,2740.3626924831,,2773.729248046875,6732840,,0,7.927947992667442,7.915845560141424,0.01210243252601817,0.01210243252601817,1.2175963296865924,Tuesday,0,0.002916421662717106,0.00923121093060253,0.006314789267885423,0.006314789267885423
2024-10-30,2766.245607202,,2788.717041015625,6679655,,0,7.933336927125804,7.925246303366529,0.008090623759275495,0.008090623759275495,0.8123441300772426,Wednesday,0,0.009400743225104868,0.005388934458362193,0.004011808766742675,-0.004011808766742675
2024-10-31,2785.5595478814,,2748.028076171875,6076335,,0,7.9186388702376,7.932204047039368,-0.013565176801768608,0.013565176801768608,-1.3473584414330662,Thursday,0,0.006957743672839634,-0.01469805688820447,0.021655800561044103,-0.021655800561044103
2024-11-01,2746.6513513387,,2744.310546875,7723385,,0,7.917285155501591,7.918137758250942,-0.0008526027493509503,0.0008526027493509503,-0.08522393869025291,Friday,0,-0.01406628878842664,-0.0013537147360089818,0.012712574052417658,0.012712574052417658
2024-11-02,2735.9429304192,,2738.221923828125,4094385,,0,7.915064055824576,7.9142314197599815,0.0008326360645947162,0.0008326360645947162,0.08329828022311499,Saturday,0,-0.003906338490960337,-0.0022210996770146707,0.0016852388139456664,0.0016852388139456664
2024-11-03,2736.2805628857,,2742.71630859375,4872571,,0,7.916704061817122,7.914354818399435,0.0023492434176874966,0.0023492434176874966,0.23520050521657235,Sunday,0,0.0001233986394533204,0.0016400059925461008,0.0015166073530927804,0.0015166073530927804
2024-11-04,2738.787336176,,2739.144775390625,4492409,,0,7.915401024890884,7.915270523377593,0.00013050151329085935,0.00013050151329085935,0.013051002898393867,Monday,1,0.0009157049781585158,-0.0013030369262381214,0.002218741904396637,-0.002218741904396637
2024-11-05,2735.6315738936,,2747.5302734375,3151069,,0,7.918457704756654,7.914117611010529,0.004340093746124651,0.004340093746124651,0.43495255930843985,Tuesday,0,-0.0011529123670639407,0.0030566798657698513,0.004209592232833792,0.004209592232833792
2024-11-06,2744.3312407808,,2674.5771484375,7729002,,0,7.891546571484414,7.9172926961306205,-0.02574612464620607,0.02574612464620607,-2.5417519323743814,Wednesday,0,0.0031750851200911256,-0.026911133272239596,0.03008621839233072,-0.03008621839233072
2024-11-07,2663.2066286148,,2710.53515625,4944940,,0,7.9049013690091945,7.887286175223924,0.017615193785270655,0.017615193785270655,1.7771256321863618,Thursday,0,-0.030006520906696643,0.013354797524780082,0.043361318431476725,0.043361318431476725
2024-11-08,2708.2348212917,,2687.062255859375,4760175,,0,7.896203777628582,7.9040523441913795,-0.007848566562797643,0.007848566562797643,-0.7817846985006514,Friday,0,0.01676616896745564,-0.008697591380612657,0.0254637603480683,-0.0254637603480683
2024-11-09,2684.4030545285,,2686.192138671875,4485962,,0,7.895879907909705,7.895213656164714,0.0006662517449909089,0.0006662517449909089,0.06664737399836045,Saturday,0,-0.008838688026665764,-0.00032386971887721216,0.008514818307788552,0.008514818307788552
2024-11-10,2684.4088193567,,2684.10400390625,6804680,,0,7.895102246933319,7.895215803689468,-0.0001135567561494355,0.0001135567561494355,-0.011355030882479281,Sunday,0,2.1475247544699982e-06,-0.0007776609763858744,0.0007798085011403444,-0.0007798085011403444
2024-11-11,2684.415304818,,2623.795654296875,7235807,,0,7.872377271382457,7.895218219660322,-0.022840948277864648,0.022840948277864648,-2.2582068583920187,Monday,1,2.415970853597571e-06,-0.022724975550861615,0.022727391521715212,-0.022727391521715212
2024-11-12,2622.7753946949,,2601.9296875,5974773,,0,7.864008636224631,7.871988347033465,-0.007979710808833751,0.007979710808833751,-0.7947957433589176,Tuesday,0,-0.023229872626856718,-0.008368635157825821,0.014861237469030897,0.014861237469030897
2024-11-13,2598.3305726071,,2581.425537109375,5426735,,0,7.856097059088412,7.862624430324332,-0.006527371235920398,0.006527371235920398,-0.6506114224243126,Wednesday,0,-0.009363916709133058,-0.007911577136219705,0.0014523395729133526,0.0014523395729133526
2024-11-14,2572.103123845,,2571.418212890625,5919204,,0,7.852212859494562,7.852479179361278,-0.00026631986671521446,0.00026631986671521446,-0.02662844067275047,Thursday,0,-0.010145250963054409,-0.0038841995938492246,0.006261051369205184,0.006261051369205184
2024-11-15,2566.7680540048,,2567.015625,4151889,,0,7.850499267724451,7.850402819953811,9.644777063932963e-05,9.644777063932963e-05,0.00964524218749524,Friday,0,-0.0020763594074661995,-0.0017135917701116554,0.0003627676373545441,0.0003627676373545441
2024-11-16,2562.6779779856,,2564.479248046875,3550470,,0,7.849510714789125,7.848808075858438,0.0007026389306874492,0.0007026389306874492,0.0702885839246473,Saturday,0,-0.0015947440953736347,-0.0009885529353255151,0.0006061911600481196,0.0006061911600481196
2024-11-17,2563.0687930227,,2576.839111328125,3329033,,0,7.854318776157049,7.848960566824268,0.005358209332780639,0.005358209332780639,0.5372590210185221,Sunday,0,0.0001524909658305873,0.004808061367923777,0.00465557040209319,0.00465557040209319
2024-11-18,2571.9331112212,,2615.529296875,3751670,,0,7.869221764000083,7.852413078495696,0.016808685504387633,0.016808685504387633,1.695074629413667,Monday,1,0.0034525116714272386,0.014902987843034232,0.011450476171606994,0.011450476171606994
2024-11-19,2611.875099088,,2637.81005859375,5311116,,0,7.877704328635613,7.867823671139676,0.009880657495937584,0.009880657495937584,0.9929632360600238,Tuesday,0,0.015410592643980259,0.00848256463553021,0.006928028008450049,-0.006928028008450049
2024-11-20,2636.3055657419,,2654.406005859375,5486917,,0,7.88397618203887,7.877133809140092,0.006842372898777427,0.006842372898777427,0.6865835414788605,Wednesday,0,0.009310138000416579,0.006271853403256422,0.003038284597160157,-0.003038284597160157
2024-11-21,2652.3271252965,,2672.64111328125,6342851,,0,7.890822443481371,7.883192694112178,0.0076297493691930285,0.0076297493691930285,0.76589300735214,Thursday,0,0.006058884972085288,0.006846261442500889,0.0007873764704156017,0.0007873764704156017
2024-11-22,2670.8645535142,,2717.710205078125,4527369,,0,7.907544968378478,7.890157501795785,0.017387466582693634,0.017387466582693634,1.7539508509440385,Friday,0,0.006964807683607077,0.016722524897107682,0.009757717213500605,0.009757717213500605
2024-11-23,2713.2896656495,,2719.876708984375,3657962,,0,7.908341830683443,7.9059170764580005,0.002424754225442527,0.002424754225442527,0.24276963194411627,Saturday,0,0.01575957466221567,0.0007968623049645629,0.014962712357251107,-0.014962712357251107
2024-11-24,2714.0650995655,,2723.03857421875,4903095,,0,7.909503658647146,7.906202826682491,0.0033008319646548046,0.0033008319646548046,0.3306285709464561,Sunday,0,0.0002857502244903998,0.0011618279637026774,0.0008760777392122776,0.0008760777392122776
2024-11-25,2718.5186030947,,2620.739013671875,5851107,,0,7.871211623268901,7.907842379709407,-0.03663075644050551,0.03663075644050551,-3.596796774225313,Monday,1,0.0016395530269157632,-0.03829203537824455,0.03993158840516031,-0.03993158840516031
2024-11-26,2611.0444569484,,2637.780517578125,6410081,,0,7.87769312950437,7.867505595344063,0.010187534160306377,0.010187534160306377,1.0239603756487698,Tuesday,0,-0.04033678436534327,0.006481506235468615,0.046818290600811885,0.046818290600811885
2024-11-27,2632.1587149591,,2645.66650390625,5653964,,0,7.880678298903141,7.875559592663246,0.00511870623989541,0.00511870623989541,0.5131829197982022,Wednesday,0,0.008053997319182216,0.002985169398771248,0.005068827920410968,-0.005068827920410968
2024-11-28,2636.7671336469,,2642.851318359375,5085789,,0,7.879613658144654,7.8773088751528295,0.002304782991824794,0.002304782991824794,0.23074410458309125,Thursday,0,0.0017492824895839476,-0.001064640758486668,0.0028139232480706156,-0.0028139232480706156
2024-11-29,2637.9085394903,,2654.602783203125,4619094,,0,7.88405031163694,7.8777416622783125,0.006308649358627072,0.006308649358627072,0.6328590799456114,Friday,0,0.0004327871254830029,0.004436653492285281,0.004003866366802278,0.004003866366802278
2024-11-30,2650.3742858566,,2655.22607421875,5310058,,0,7.884285080415831,7.882456148952732,0.001828931463098371,0.001828931463098371,0.18306049783386433,Saturday,0,0.00471448667441976,0.00023476877889105907,0.004479717895528701,-0.004479717895528701
2024-12-01,2650.2338036262,,2651.10791015625,4712773,,0,7.882732910913712,7.8824031428718975,0.00032976804181483743,0.00032976804181483743,0.03298224212724488,Sunday,0,-5.30060808348054e-05,-0.001552169502118339,0.0014991634212835336,-0.0014991634212835336
2024-12-02,2645.7903227044,,2644.556640625,6052246,,0,7.880258708550443,7.880725098414969,-0.0004663898645258513,0.0004663898645258513,-0.04662811216796767,Monday,1,-0.0016780444569288733,-0.002474202363269562,0.0007961579063406887,-0.0007961579063406887
2024-12-03,2641.9164884914,,2645.96728515625,6246597,,0,7.88079198071194,7.879259875381856,0.001532105330084299,0.001532105330084299,0.15332796030821072,Tuesday,0,-0.0014652230331124727,0.0005332721614976776,0.0019984951946101503,0.0019984951946101503
2024-12-04,2643.1217382226,,2653.6064453125,6730196,,0,7.88367491652366,7.8797159741650225,0.003958942358637252,0.003958942358637252,0.3966789322746275,Wednesday,0,0.00045609878316632546,0.0028829358117192783,0.002426837028552953,0.002426837028552953
2024-12-05,2649.1553962766,,2635.657470703125,11878486,,0,7.876887944350237,7.88199614979258,-0.005108205442343028,0.005108205442343028,-0.5095180747964646,Thursday,0,0.002280175627557668,-0.006786972173422612,0.00906714780098028,-0.00906714780098028
2024-12-06,2632.2217636307,,2634.9560546875,6951445,,0,7.87662178329844,7.875583545594406,0.0010382377040345503,0.0010382377040345503,0.10387768593739183,Friday,0,-0.006412604198174243,-0.00026616105179666505,0.006146443146377578,0.006146443146377578
2024-12-07,2633.1123888728,,2637.73876953125,5686674,,0,7.877677302419071,7.875921843307257,0.0017554591118145169,0.0017554591118145169,0.1757000832171356,Saturday,0,0.00033829771285098786,0.0010555191206309544,0.0007172214077799666,0.0007172214077799666
2024-12-08,2633.1179355091,,2639.57568359375,4293517,,0,7.87837345731111,7.875923949799361,0.00244950751174855,0.00244950751174855,0.24525100063174907,Sunday,0,2.10649210430347e-06,0.0006961548920383365,0.000694048399934033,0.000694048399934033
2024-12-09,2635.9893737996,,2665.267333984375,7340956,,0,7.888059644508666,7.877013864430509,0.01104578007815693,0.01104578007815693,1.1107009943129216,Monday,1,0.0010899146311480479,0.009686187197556428,0.00859627256640838,0.00859627256640838
2024-12-10,2659.1006389819,,2700.2578125,10416901,,0,7.901102533545023,7.8857432389592415,0.015359294585781669,0.015359294585781669,1.5477854773431248,Tuesday,0,0.008729374528732237,0.013042889036356975,0.004313514507624738,0.004313514507624738
2024-12-11,2694.8345142547,,2722.84423828125,6513867,,0,7.909432288790587,7.89909207672851,0.010340212062076581,0.010340212062076581,1.0393856794689493,Wednesday,0,0.013348837769268762,0.008329755245563675,0.005019082523705087,-0.005019082523705087
2024-12-12,2720.333404062,,2703.779052734375,6370580,,0,7.902405722557434,7.908509726801133,-0.006104004243698391,0.006104004243698391,-0.6085412656737692,Thursday,0,0.009417650072622408,-0.007026566233152565,0.016444216305774972,-0.016444216305774972
2024-12-13,2679.8414820167,,2660.0615234375,5174686,,0,7.886104530620113,7.893512923254329,-0.007408392634216554,0.007408392634216554,-0.7381018135563249,Friday,0,-0.014996803546803328,-0.01630119193732149,0.001304388390518163,-0.001304388390518163
2024-12-14,2648.5526851424,,2667.371826171875,4778314,,0,7.8888489318515935,7.881768613232415,0.00708031861917835,0.00708031861917835,0.7105443337051471,Saturday,0,-0.011744310021914117,0.0027444012314807864,0.014488711253394904,0.014488711253394904
2024-12-15,2647.8128271704,,2659.33984375,5192164,,0,7.885833191932877,7.881489229955301,0.004343961977575361,0.004343961977575361,0.43534106570208253,Sunday,0,-0.0002793832771139648,-0.003015739918716953,0.0027363566416029883,-0.0027363566416029883
2024-12-16,2651.0249127415,,2660.567138671875,5780635,,0,7.886294589076738,7.882701603733175,0.0035929853435625603,0.0035929853435625603,0.3599447852984203,Monday,1,0.0012123737778741983,0.0004613971438613973,0.000750976634012801,-0.000750976634012801
2024-12-17,2652.6592112795,,2657.071533203125,5249698,,0,7.884979867942807,7.8833178917893685,0.001661976153438438,0.001661976153438438,0.16633580012325036,Tuesday,0,0.0006162880561930706,-0.0013147211339310516,0.0019310091901241222,-0.0019310091901241222
2024-12-18,2647.4448054088,,2607.1513671875,7303618,,0,7.866013474076709,7.8813502294428694,-0.015336755366160304,0.015336755366160304,-1.521974627723292,Wednesday,0,-0.001967662346499033,-0.018966393866097775,0.016998731519598742,-0.016998731519598742
2024-12-19,2589.8617272824,,2600.610595703125,7487847,,0,7.863501540939122,7.859359766118787,0.00414177482033562,0.00414177482033562,0.4150363823478766,Thursday,0,-0.021990463324082832,-0.002511933137586908,0.019478530186495924,0.019478530186495924
2024-12-20,2593.66435234,,2628.769287109375,8083209,,0,7.87427106397882,7.860826962649232,0.013444101329588065,0.013444101329588065,1.3534879614512787,Friday,0,0.0014671965304451362,0.010769523039697582,0.009302326509252445,0.009302326509252445
2024-12-21,2622.9700834524,,2632.25341796875,5754320,,0,7.875595571233034,7.872062574331911,0.0035329969011232976,0.0035329969011232976,0.35392452910217737,Saturday,0,0.011235611682678837,0.001324507254214069,0.009911104428464768,-0.009911104428464768
2024-12-22,2623.4139167386,,2632.4287109375,5238708,,0,7.875662163275829,7.872231770215111,0.0034303930607180178,0.0034303930607180178,0.3436283592680994,Sunday,0,0.00016919588319996848,6.659204279468867e-05,0.00010260384040527981,-0.00010260384040527981
2024-12-23,2624.8696424114,,2621.403564453125,6025112,,0,7.871465164936228,7.8727865137588715,-0.0013213488226435643,0.0013213488226435643,-0.13204762256653782,Monday,1,0.0005547435437609494,-0.004196998339600633,0.004751741883361582,-0.004751741883361582
2024-12-24,2615.7488483512,,2624.191162109375,5316238,,0,7.872527998824078,7.869305701986263,0.003222296837815719,0.003222296837815719,0.32274940170560706,Tuesday,0,-0.0034808117726088383,0.001062833887850445,0.004543645660459283,0.004543645660459283
2024-12-25,2616.2812753534,,2624.927490234375,4279283,,0,7.872808551876351,7.8695092279566605,0.0032993239196903446,0.0032993239196903446,0.33047726796145754,Wednesday,0,0.00020352597039785536,0.00028055305227248084,7.702708187462548e-05,7.702708187462548e-05
2024-12-26,2618.9878188258,,2635.337646484375,6867328,,0,7.876766591849606,7.870543193418545,0.0062233984310609,0.0062233984310609,0.6242804010407893,Thursday,0,0.0010339654618842786,0.003958039973254834,0.0029240745113705557,0.0029240745113705557
2024-12-27,2632.9785833522,,2624.377685546875,4676865,,0,7.872599074747056,7.875871025529389,-0.0032719507823335547,0.0032719507823335547,-0.3266603784666857,Friday,0,0.0053278321108445326,-0.0041675171025499225,0.009495349213394455,-0.009495349213394455
2024-12-28,2620.604133112,,2626.6845703125,3578049,,0,7.873477710269405,7.871160155331723,0.0023175549376821536,0.0023175549376821536,0.2320242543950889,Saturday,0,-0.004710870197666139,0.000878635522349569,0.005589505720015708,0.005589505720015708
2024-12-29,2621.6216145362,,2629.52978515625,4645160,,0,7.8745603202731935,7.871548342138609,0.0030119781345847585,0.0030119781345847585,0.30165186982748643,Sunday,0,0.00038818680688557095,0.0010826100037881758,0.0006944231969026049,0.0006944231969026049
2024-12-30,2624.623005713,,2609.548095703125,4810941,,0,7.866932341916924,7.872692547840596,-0.005760205923671435,0.005760205923671435,-0.5743647745623524,Monday,1,0.0011442057019870333,-0.0076279783562691605,0.008772184058256194,-0.008772184058256194
2024-12-31,2605.3899786801,,2622.17578125,4856967,,0,7.871759702980395,7.865337646890863,0.006422056089531836,0.006422056089531836,0.6442721706638298,Tuesday,0,-0.007354900949732901,0.00482736106347037,0.012182262013203271,0.012182262013203271
2025-01-01,2624.3970775764,,2621.71728515625,6045685,,0,7.871584834389783,7.872606463911346,-0.0010216295215625948,0.0010216295215625948,-0.10211078357947403,Wednesday,0,0.007268817020483098,-0.0001748685906113323,0.0074436856110944305,-0.0074436856110944305
2025-01-02,2625.5477877266,,2648.957763671875,12124133,,0,7.881921544891231,7.8730448342935695,0.008876710597661486,0.008876710597661486,0.8916225427207065,Thursday,0,0.00043837038222349634,0.010336710501447577,0.00989834011922408,0.00989834011922408
2025-01-03,2660.8447383791,,2636.388671875,5038295,,0,7.8771653323535995,7.886398922180016,-0.0092335898264162,0.0092335898264162,-0.9191091141604056,Friday,0,0.013354087886446209,-0.004756212537631477,0.018110300424077685,-0.018110300424077685
2025-01-04,2639.6806831071,,2636.395751953125,3328171,,0,7.877168017871367,7.8784132354563905,-0.0012452175850237168,0.0012452175850237168,-0.12444426233055808,Saturday,0,-0.007985686723625207,2.685517767275769e-06,0.007988372241392483,0.007988372241392483
2025-01-05,2640.1218257815,,2636.671142578125,2817882,,0,7.877272469656545,7.878580341205018,-0.0013078715484731163,0.0013078715484731163,-0.13070166572155933,Sunday,0,0.00016710574862788263,0.00010445178517848319,6.265396344939944e-05,-6.265396344939944e-05
2025-01-06,2640.9710745002,,2634.498779296875,7358561,,0,7.876448226296367,7.8789019597571075,-0.0024537334607401817,0.0024537334607401817,-0.24507255175256776,Monday,1,0.00032161855208912016,-0.0008242433601779453,0.0011458619122670655,-0.0011458619122670655
2025-01-07,2634.5823712717,,2641.37060546875,10529945,,0,7.879053230157062,7.876479955538125,0.0025732746189373046,0.0025732746189373046,0.25765883318247557,Tuesday,0,-0.002422004218982643,0.0026050038606948434,0.005027008079677486,0.005027008079677486
2025-01-08,2649.4600135546,,2637.857666015625,10077339,,0,7.877722376558402,7.88211112974669,-0.004388753188288241,0.004388753188288241,-0.43791366843121854,Wednesday,0,0.005631174208565071,-0.0013308535986604753,0.006962027807225546,-0.006962027807225546
2025-01-09,2661.9922083488,,2647.70068359375,6130672,,0,7.881446875771354,7.886830071959339,-0.0053831961879851065,0.0053831961879851065,-0.5368732752194955,Thursday,0,0.004718942212648791,0.003724499212951926,0.0009944429996968651,-0.0009944429996968651
2025-01-10,2669.9688841826,,2659.977294921875,5178303,,0,7.886072865995659,7.8898220974621935,-0.0037492314665348303,0.0037492314665348303,-0.3742211873672803,Friday,0,0.0029920255028548226,0.004625990224305099,0.0016339647214502762,0.0016339647214502762
2025-01-11,2689.3055997797,,2661.59814453125,3666986,,0,7.886682027578704,7.897038297925836,-0.010356270347132046,0.010356270347132046,-1.0302828823440435,Saturday,0,0.007216200463642686,0.00060916158304547,0.006607038880597216,-0.006607038880597216
2025-01-12,2689.348271408,,2662.71044921875,3444204,,0,7.887099848854123,7.8970541649547705,-0.009954316100647453,0.009954316100647453,-0.9904935880730659,Sunday,0,1.586702893430214e-05,0.0004178212754188948,0.00040195424648459266,0.00040195424648459266
2025-01-13,2692.3154586023,,2632.72216796875,7851552,,0,7.875773634737256,7.898156867629565,-0.02238323289230859,0.02238323289230859,-2.2134586956792828,Monday,1,0.001102702674794287,-0.01132621411686685,0.012428916791661138,-0.012428916791661138
2025-01-14,2667.6383984139,,2641.733154296875,5525813,,0,7.879190478579648,7.888948865021737,-0.009758386442088707,0.009758386442088707,-0.971092788753816,Tuesday,0,-0.009208002607827837,0.0034168438423920477,0.012624846450219884,0.012624846450219884
2025-01-15,2674.9361425869,,2677.780517578125,5158295,,0,7.892743565303959,7.891680787115037,0.0010627781889214205,0.0010627781889214205,0.10633431377820125,Wednesday,0,0.0027319220933001986,0.013553086724310326,0.010821164631010127,0.010821164631010127
2025-01-16,2694.4576622562,,2696.1611328125,6339575,,0,7.899584237609887,7.898952224596998,0.0006320130128889545,0.0006320130128889545,0.06322127751948758,Thursday,0,0.007271437481961129,0.006840672305928663,0.000430765176032466,-0.000430765176032466
2025-01-17,2715.1579393798,,2696.9521484375,18196915,,0,7.899877580467498,7.906605403559963,-0.006727823092465002,0.006727823092465002,-0.6705241959684579,Friday,0,0.007653178962964802,0.00029334285761084544,0.007359836105353956,-0.007359836105353956
2025-01-18,2702.782325209,,2693.892822265625,6591527,,0,7.898742572313144,7.902037012219387,-0.0032944399062433405,0.0032944399062433405,-0.3289019193466787,Saturday,0,-0.00456839134057585,-0.001135008154354189,0.0034333831862216613,0.0034333831862216613
2025-01-19,2702.6033637683,,2685.63720703125,9691444,,0,7.895673299841247,7.901970796244778,-0.006297496403530722,0.006297496403530722,-0.6277708732439977,Sunday,0,-6.621597460920725e-05,-0.003069272471896589,0.003003056497287382,-0.003003056497287382
2025-01-20,2694.1716445978,,2700.1787109375,14626533,,0,7.901073239038121,7.898846068599849,0.0022271704382719193,0.0022271704382719193,0.22296524246126115,Monday,1,-0.003124727644928882,0.00539993919687376,0.008524666841802642,0.008524666841802642
2025-01-21,2710.2408347108,,2723.014892578125,10074636,,0,7.909494961839165,7.904792778822114,0.004702183017051276,0.004702183017051276,0.47132556279590665,Tuesday,0,0.005946710222264784,0.00842172280104414,0.0024750125787793564,0.0024750125787793564
2025-01-22,2744.7138869074,,2746.23779296875,10325028,,0,7.917987178707148,7.917432117876414,0.0005550608307336447,0.0005550608307336447,0.05552149055021978,Wednesday,0,0.012639339054300258,0.008492216867982627,0.004147122186317631,-0.004147122186317631
2025-01-23,2754.1214049765,,2742.427734375,8563197,,0,7.916598841528738,7.920853761460213,-0.0042549199314754205,0.0042549199314754205,-0.42458805847738823,Thursday,0,0.003421643583799039,-0.0013883371784100262,0.004809980762209065,-0.004809980762209065
2025-01-24,2755.1427494561,,2759.15283203125,8818169,,0,7.922678966677749,7.92122453492929,0.0014544317484590508,0.0014544317484590508,0.14554899472783314,Friday,0,0.0003707734690765463,0.0060801251490110175,0.005709351679934471,0.005709351679934471
2025-01-25,2770.8698453162,,2759.845458984375,4504631,,0,7.922929964021919,7.926916573466155,-0.003986609444235789,0.003986609444235789,-0.39786734661898354,Saturday,0,0.005692038536865063,0.0002509973441702229,0.00544104119269484,-0.00544104119269484
2025-01-26,2771.0180332312,,2753.2060546875,4039195,,0,7.920521349667331,7.92697005268417,-0.006448703016839197,0.006448703016839197,-0.642795475528905,Sunday,0,5.347921801490685e-05,-0.002408614354588501,0.0024620935726034077,-0.0024620935726034077
2025-01-27,2767.0539066374,,2717.848388671875,10359813,,0,7.907595812681377,7.925538461576699,-0.017942648895322044,0.017942648895322044,-1.7782638006254385,Monday,1,-0.0014315911074707088,-0.012925536985953556,0.011493945878482847,-0.011493945878482847
2025-01-28,2742.2233288617,,2745.94384765625,13381837,,0,7.917880137341069,7.916524304238749,0.0013558331023206804,0.0013558331023206804,0.1356752659563475,Tuesday,0,-0.009014157337950301,0.010284324659692423,0.019298481997642725,0.019298481997642725
2025-01-29,2762.5476988392,,2740.160400390625,10776358,,0,7.915771737957249,7.92390861222507,-0.008136874267820282,0.008136874267820282,-0.8103859512717961,Wednesday,0,0.007384307986320948,-0.0021083993838200144,0.009492707370140963,-0.009492707370140963
2025-01-30,2759.8837647354,,2786.28515625,10411117,,0,7.932464502386289,7.922943843598063,0.009520658788226832,0.009520658788226832,0.9566124433190165,Thursday,0,-0.0009647686270071176,0.016692764429039997,0.017657533056047114,0.017657533056047114
2025-01-31,2797.2951275035,,2797.3720703125,4617229,,0,7.936435709135964,7.936408203367958,2.7505768005475772e-05,2.7505768005475772e-05,0.0027506146292273297,Friday,0,0.013464359769895573,0.0039712067496742165,0.009493153020221357,-0.009493153020221357
2025-02-01,2799.1484990266,,2796.4052734375,3972519,,0,7.936090040431181,7.9370705424227355,-0.0009805019915543056,0.0009805019915543056,-0.09800214565443191,Saturday,0,0.0006623390547773056,-0.0003456687047824758,0.0010080077595597814,-0.0010080077595597814
2025-02-02,2799.1007049255,,2794.65283203125,13199018,,0,7.935463167509964,7.937053467762655,-0.0015903002526913568,0.0015903002526913568,-0.15890363953047995,Sunday,0,-1.7074660080496074e-05,-0.0006268729212175472,0.0006097982611370512,-0.0006097982611370512
2025-02-03,2794.818406674,,2811.61767578125,27385729,,0,7.941515282015966,7.935522412699974,0.0059928693159916335,0.0059928693159916335,0.6010862482919637,Monday,1,-0.0015310550626805863,0.006052114506002404,0.00758316956868299,0.00758316956868299
2025-02-04,2813.8830235061,,2839.38427734375,6772592,,0,7.95134250389772,7.942320667338409,0.009021836559311325,0.009021836559311325,0.906265598982697,Tuesday,0,0.006798254638434642,0.009827221881754333,0.0030289672433196912,0.0030289672433196912
2025-02-05,2841.5306757444,,2868.896484375,8323337,,0,7.961682734596734,7.9520981562954445,0.009584578301289781,0.009584578301289781,0.9630657470706673,Wednesday,0,0.009777488957035452,0.010340230699013908,0.0005627417419784564,0.0005627417419784564
2025-02-06,2869.2667388,,2863.709716796875,8094349,,0,7.959873167076671,7.961811784402784,-0.0019386173261128903,0.0019386173261128903,-0.1936739421253345,Thursday,0,0.009713628107339112,-0.0018095675200635597,0.011523195627402671,-0.011523195627402671
2025-02-07,2858.7257744431,,2861.44677734375,10614799,,0,7.9590826421108325,7.958131271122895,0.0009513709879378496,0.0009513709879378496,0.09518236848653881,Friday,0,-0.0036805132798889417,-0.0007905249658382019,0.00288998831405074,0.00288998831405074
2025-02-08,2861.110809105,,2860.344482421875,3807677,,0,7.9586973449598295,7.958965223200123,-0.00026787824029383955,0.00026787824029383955,-0.026784236412177365,Saturday,0,0.0008339520772286946,-0.00038529715100299455,0.0012192492282316891,-0.0012192492282316891
2025-02-09,2860.6843844108,,2866.447509765625,3697479,,0,7.960828740569275,7.958816170435888,0.0020125701333864043,0.0020125701333864043,0.2014596711972547,Sunday,0,-0.000149052764235158,0.002131395609445086,0.002280448373680244,0.002280448373680244
2025-02-10,2868.1425937244,,2915.304443359375,5624525,,0,7.977729533591594,7.961419919355396,0.016309614236198477,0.016309614236198477,1.644334202147655,Monday,1,0.0026037489195074315,0.016900793022319505,0.014297044102812073,0.014297044102812073
2025-02-11,2916.8822728813,,2895.322998046875,8076335,,0,7.9708519547841625,7.978270610082176,-0.0074186552980135545,0.0074186552980135545,-0.7391204998180786,Tuesday,0,0.01685069072678047,-0.006877578807431561,0.023728269534212032,-0.023728269534212032
2025-02-12,2896.0752099148,,2899.8427734375,4879598,,0,7.972411798448787,7.971111723442832,0.0013000750059548594,0.0013000750059548594,0.13009204698143761,Wednesday,0,-0.00715888663934372,0.0015598436646246938,0.008718730303968414,0.008718730303968414
2025-02-13,2906.6666434133,,2930.396728515625,4442618,,0,7.982893095068822,7.974762220234904,0.008130874833917723,0.008130874833917723,0.8164020169323192,Thursday,0,0.0036504967920718556,0.010481296620034719,0.0068307998279628634,0.0068307998279628634
2025-02-14,2929.1085433895,,2883.649169921875,4192126,,0,7.9668118439601185,7.982453404314364,-0.015641560354245243,0.015641560354245243,-1.5519866469345804,Friday,0,0.007691184079459568,-0.016081251108703398,0.023772435188162966,-0.023772435188162966
2025-02-15,2882.3992630282,,2884.204345703125,2331582,,0,7.9670043508542205,7.966378303753931,0.0006260471002894619,0.0006260471002894619,0.0626243108676267,Saturday,0,-0.01607510056043271,0.00019250689410199584,0.016267607454534705,0.016267607454534705
2025-02-16,2882.4449589929,,2881.634033203125,2843434,,0,7.966112784874965,7.966394157075527,-0.0002813722005621244,0.0002813722005621244,-0.02813326191173086,Sunday,0,1.5853321595926673e-05,-0.0008915659792556596,0.0009074193008515863,-0.0009074193008515863
2025-02-17,2885.2476422478,,2897.024658203125,3246160,,0,7.971439509366929,7.967366013125862,0.0040734962410668984,0.0040734962410668984,0.408180420386726,Monday,1,0.0009718560503353402,0.005326724491964363,0.004354868441629023,0.004354868441629023
2025-02-18,2899.3844027036,,2928.15576171875,6872808,,0,7.982128070974592,7.9722537185112605,0.009874352463331348,0.009874352463331348,0.9923264741412582,Tuesday,0,0.004887705385398178,0.010688561607662628,0.00580085622226445,0.00580085622226445
2025-02-19,2933.9322467026,,2929.88232421875,4289882,,0,7.982717538821904,7.984098865969557,-0.0013813271476532663,0.0013813271476532663,-0.13803735544341939,Wednesday,0,0.011845147458296346,0.000589467847311731,0.011255679610984615,-0.011255679610984615
2025-02-20,2937.0136856027,,2939.605712890625,3575994,,0,7.986030740077315,7.985148590909486,0.0008821491678290272,0.0008821491678290272,0.08825383758444719,Thursday,0,0.0010497249399294972,0.0033132012554117907,0.0022634763154822934,0.0022634763154822934
2025-02-21,2941.1271634564,,2935.621826171875,4846545,,0,7.984674575638457,7.986548175788719,-0.0018736001502617228,0.0018736001502617228,-0.18718460571610115,Friday,0,0.0013995848792323073,-0.0013561644388584426,0.00275574931809075,-0.00275574931809075
2025-02-22,2936.3479055471,,2937.685791015625,3057693,,0,7.985377404457663,7.9849218791540055,0.00045552530365711164,0.00045552530365711164,0.04556290710640183,Saturday,0,-0.0016262966347131425,0.000702828819205692,0.0023291254539188344,0.0023291254539188344
2025-02-23,2935.9530646799,,2935.610107421875,3568995,,0,7.984670583716444,7.984787403462178,-0.00011681974573463094,0.00011681974573463094,-0.011681292257383041,Sunday,0,-0.00013447569182734043,-0.000706820741219083,0.0005723450493917426,-0.0005723450493917426
2025-02-24,2937.3302957422,,2950.097900390625,4384340,,0,7.989593635356297,7.985256385121338,0.004337250234958567,0.004337250234958567,0.4346669718053864,Monday,1,0.0004689816591598728,0.004923051639853071,0.004454069980693198,0.004454069980693198
2025-02-25,2951.9754915187,,2912.963623046875,7793653,,0,7.976926269084302,7.990229883354835,-0.013303614270532726,0.013303614270532726,-1.3215512318415146,Tuesday,0,0.004973498233496798,-0.012667366271994496,0.017640864505491294,-0.017640864505491294
2025-02-26,2920.5778071134,,2913.74365234375,12202673,,0,7.97719401182979,7.979536754835256,-0.002342743005465664,0.002342743005465664,-0.23400009248185924,Wednesday,0,-0.01069312851957882,0.00026774274548824195,0.010960871265067063,0.010960871265067063
2025-02-27,2918.4903583293,,2876.58642578125,5097176,,0,7.964359601317401,7.978821760999293,-0.014462159681891684,0.014462159681891684,-1.4358084969668328,Thursday,0,-0.0007149938359631847,-0.012834410512389205,0.01211941667642602,-0.01211941667642602
2025-02-28,2875.5248551742,,2856.315673828125,8071371,,0,7.957287847403343,7.963990494891169,-0.006702647487825786,0.006702647487825786,-0.6680234848782584,Friday,0,-0.01483126610812402,-0.007071753914058121,0.007759512194065898,0.007759512194065898
2025-03-01,2857.6833675398,,2855.280517578125,3759887,,0,7.9569253721068955,7.957766564227723,-0.0008411921208271167,0.0008411921208271167,-0.08408384179188585,Saturday,0,-0.0062239306634461755,-0.0003624752964475064,0.005861455366998669,0.005861455366998669
2025-03-02,2857.6899006381,,2858.6044921875,5936168,,0,7.958088844937959,7.957768850377023,0.00031999456093601,0.00031999456093601,0.03200457646562029,Sunday,0,2.286149300090301e-06,0.001163472831063217,0.0011611866817631267,0.0011611866817631267
2025-03-03,2868.6839826169,,2887.428466796875,5828893,,0,7.968121581119504,7.961608660948645,0.006512920170858472,0.006512920170858472,0.6534175354817545,Monday,1,0.003839810571622415,0.010032736181544877,0.006192925609922462,0.006192925609922462
2025-03-04,2891.3892981008,,2908.923583984375,7303672,,0,7.975538389323898,7.969492391581195,0.00604599774270298,0.00604599774270298,0.6064311677120938,Tuesday,0,0.007883730632549657,0.007416808204394165,0.0004669224281554918,-0.0004669224281554918
2025-03-05,2912.8795591299,,2910.74365234375,5206170,,0,7.976163878151628,7.976897410114243,-0.0007335319626147196,0.0007335319626147196,-0.07332629938149346,Wednesday,0,0.007405018533048313,0.0006254888277306137,0.0067795297053176995,-0.0067795297053176995
2025-03-06,2918.8379172223,,2907.572021484375,3897550,,0,7.975073655017883,7.978940842495828,-0.003867187477945677,0.003867187477945677,-0.3859719538194172,Thursday,0,0.0020434323815852196,-0.001090223133745738,0.0031336555153309575,-0.0031336555153309575
2025-03-07,2909.3710550747,,2900.009765625,4257169,,0,7.972469383425792,7.9756922045288565,-0.0032228211030647103,0.0032228211030647103,-0.32176333896535914,Friday,0,-0.0032486379669718346,-0.0026042715920908677,0.0006443663748809669,0.0006443663748809669
2025-03-08,2909.9001787843,,2906.819580078125,2547407,,0,7.9748148346762155,7.975874056753918,-0.001059222077702593,0.001059222077702593,-0.10586613000112984,Saturday,0,0.00018185222506161836,0.0023454512504237357,0.0021635990253621173,0.0021635990253621173
2025-03-09,2909.8171994639,,2908.712890625,3295116,,0,7.975465956692403,7.975845540138759,-0.0003795834463558023,0.0003795834463558023,-0.03795114136735394,Sunday,0,-2.851661515901327e-05,0.0006511220161877773,0.0006796386313467906,0.0006796386313467906
2025-03-10,2916.6449133567,,2882.84716796875,5397048,,0,7.966533684775996,7.978189232378035,-0.011655547602038574,0.011655547602038574,-1.158788484438881,Monday,1,0.002343692239275441,-0.00893227191640733,0.011275964155682772,-0.011275964155682772
2025-03-11,2884.9063718062,,2910.3076171875,4395511,,0,7.9760140649523015,7.967247724968851,0.008766339983450777,0.008766339983450777,0.8804876868637108,Tuesday,0,-0.01094150740918387,0.00948038017630548,0.02042188758548935,0.02042188758548935
2025-03-12,2914.495124924,,2931.6845703125,5006938,,0,7.983332475470404,7.977451884787002,0.005880590683402076,0.005880590683402076,0.589791529980632,Wednesday,0,0.010204159818151481,0.00731841051810278,0.002885749300048701,-0.002885749300048701
2025-03-13,2938.1484493628,,2986.506103515625,4358427,,0,8.00185945587214,7.985534882810252,0.016324573061887726,0.016324573061887726,1.645854693397552,Thursday,0,0.008082998023249743,0.018526980401735393,0.01044398237848565,0.01044398237848565
2025-03-14,2986.1398319699,,2987.38037109375,4531288,,0,8.002152152289483,8.00173680619555,0.00041534609393245603,0.00041534609393245603,0.041543236206441306,Friday,0,0.016201923385298578,0.00029269641734330776,0.01590922696795527,-0.01590922696795527
2025-03-15,2985.7029613695,,2986.2412109375,2482156,,0,8.001770755458626,8.001590496047646,0.00018025941098009923,0.00018025941098009923,0.01802756586854827,Saturday,0,-0.00014631014790467134,-0.00038139683085702814,0.0002350866829523568,-0.0002350866829523568
2025-03-16,2984.9169163301,,2993.77685546875,2574896,,0,8.004291031630473,8.001327191714077,0.002963839916395372,0.002963839916395372,0.2968236432370542,Sunday,0,-0.0002633043335684704,0.0025202761718468025,0.002783580505415273,0.002783580505415273
2025-03-17,2989.9370678046,,3005.6494140625,2888486,,0,8.008248934789538,8.003007618606238,0.005241316183299816,0.005241316183299816,0.525507591015526,Monday,1,0.0016804268921610799,0.003957903159065523,0.0022774762669044435,0.0022774762669044435
2025-03-18,3000.9771181497,,3037.108642578125,47743345,,0,8.018661237398378,8.006693220669446,0.01196801672893244,0.01196801672893244,1.203992000135695,Tuesday,0,0.0036856020632072273,0.010412302608839852,0.0067267005456326245,0.0067267005456326245
2025-03-19,3031.3878997302,,3052.43115234375,8685003,,0,8.02369365121576,8.016775846345531,0.00691780487022875,0.00691780487022875,0.6941788154337807,Wednesday,0,0.010082625676085755,0.005032413817382064,0.00505021185870369,-0.00505021185870369
2025-03-20,3053.1983168328,,3049.40966796875,5802774,,0,8.022703299382295,8.023944948644457,-0.0012416492621625252,0.0012416492621625252,-0.12408787346575917,Thursday,0,0.007169102298925978,-0.0009903518334652972,0.008159454132391275,-0.008159454132391275
2025-03-21,3046.8873303722,,3027.167236328125,7363649,,0,8.015382555704422,8.021875801069411,-0.006493245364989519,0.006493245364989519,-0.6472209801622647,Friday,0,-0.0020691475750460597,-0.007320743677873054,0.005251596102826994,-0.005251596102826994
2025-03-22,3023.1217420195,,3035.229248046875,3373152,,0,8.018042235417557,8.014045265890333,0.003996969527223726,0.003996969527223726,0.4004968063008648,Saturday,0,-0.007830535179078169,0.002659679713135077,0.010490214892213245,0.010490214892213245
2025-03-23,3023.7159110048,,3036.864501953125,5061355,,0,8.018580848295786,8.014241788112791,0.004339060182994459,0.004339060182994459,0.43484875349799473,Sunday,0,0.00019652222245802875,0.0005386128782287614,0.0003420906557707326,0.0003420906557707326
2025-03-24,3025.5025662313,,3021.539794921875,9056128,,0,8.01352184629965,8.014832494262743,-0.0013106479630931034,0.0013106479630931034,-0.1309789439167881,Monday,1,0.0005907061499517141,-0.005059001996135848,0.005649708146087562,-0.005649708146087562
2025-03-25,3010.3081983637,,3030.021728515625,9613539,,0,8.01632506960497,8.009797743984228,0.006527325620742985,0.006527325620742985,0.6548675036875217,Tuesday,0,-0.005034750278515077,0.002803223305321012,0.007837973583836089,0.007837973583836089
2025-03-26,3021.1845460368,,3028.806640625,7902920,,0,8.015923972946382,8.013404267252373,0.0025197056940093887,0.0025197056940093887,0.25228828203158793,Wednesday,0,0.0036065232681448123,-0.0004010966585887843,0.004007619926733597,-0.004007619926733597
2025-03-27,3024.2215956035,,3065.79541015625,7196221,,0,8.02806232861961,8.014409013584062,0.013653315035547564,0.013653315035547564,1.3746947185744676,Thursday,0,0.0010047463316897876,0.012138355673227963,0.011133609341538175,0.011133609341538175
2025-03-28,3057.077470623,,3105.7333984375,8459411,,0,8.041005165651663,8.025214663611928,0.015790502039735088,0.015790502039735088,1.5915830816215621,Friday,0,0.01080565002786571,0.012942837032053234,0.002137187004187524,0.002137187004187524
2025-03-29,3085.3341725442,,3116.640380859375,8906941,,0,8.044510899630193,8.03441525220543,0.010095647424762433,0.010095647424762433,1.014678040186469,Saturday,0,0.009200588593502701,0.0035057339785300456,0.005694854614972655,-0.005694854614972655
2025-03-30,3085.5740772282,,3114.809814453125,7084925,,0,8.043923374607436,8.034493005649303,0.009430368958133428,0.009430368958133428,0.947497499434127,Sunday,0,7.775344387184191e-05,-0.0005875250227571627,0.0006652784666290046,-0.0006652784666290046
2025-03-31,3085.1380876957,,3168.579833984375,12969551,,0,8.06103876459082,8.034351696341213,0.02668706824960765,0.02668706824960765,2.704635705658085,Monday,1,-0.00014130930808953224,0.017115389983384688,0.01725669929147422,0.01725669929147422
2025-04-01,3123.0003038679,,3142.318603515625,13120284,,0,8.052716215175618,8.046549454583074,0.006166760592543952,0.006166760592543952,0.6185814206869836,Tuesday,0,0.012197758241860868,-0.008322549415202829,0.020520307657063697,-0.020520307657063697
2025-04-02,3113.8795576298,,3176.7255859375,16901929,,0,8.063606255322563,8.04362467394196,0.019981581380603686,0.019981581380603686,2.018254949961419,Wednesday,0,-0.002924780641114566,0.010890040146945168,0.013814820788059734,0.013814820788059734
2025-04-03,3159.3001265616,,3122.552001953125,35762804,,0,8.046405895809215,8.058105803114673,-0.011699907305457558,0.011699907305457558,-1.1631729540197062,Thursday,0,0.01448112917271338,-0.017200359513347863,0.03168148868606124,-0.03168148868606124
2025-04-04,3114.1850193375,,3046.38037109375,24655148,,0,8.0217094012641,8.043722765958885,-0.022013364694783988,0.022013364694783988,-2.177283874359346,Friday,0,-0.014383037155788259,-0.02469649454511469,0.01031345738932643,-0.01031345738932643
2025-04-05,3037.8322515106,,3048.04833984375,20609402,,0,8.022256776209565,8.018899464880263,0.0033573113293012824,0.0033573113293012824,0.3362953411291811,Saturday,0,-0.024823301078621185,0.0005473749454640853,0.02537067602408527,0.02537067602408527
2025-04-06,3038.0048328581,,3004.265869140625,20447589,,0,8.00778851400784,8.018956273956988,-0.011167759949147538,0.011167759949147538,-1.1105632009720714,Sunday,0,5.6809076724562146e-05,-0.014468262201724258,0.01452507127844882,-0.01452507127844882
2025-04-07,3001.6247794931,,2992.028564453125,33217576,,0,8.003706885991685,8.006909014205968,-0.0032021282142835616,0.0032021282142835616,-0.3197006869591346,Monday,1,-0.012047259751019723,-0.004081628016155747,0.007965631734863976,0.007965631734863976
2025-04-08,2983.8018349785,,2984.864013671875,23761581,,0,8.001309468230135,8.000953549928953,0.0003559183011816458,0.0003559183011816458,0.035598164761583215,Tuesday,0,-0.00595546427701521,-0.0023974177615500025,0.0035580465154652074,0.0035580465154652074
2025-04-09,2979.2850311782,,3090.708740234375,33967407,,0,8.036155709363127,7.999438628290038,0.03671708107308902,0.03671708107308902,3.739947936841445,Wednesday,0,-0.0015149216389147568,0.03484624113299262,0.036361162771907374,0.036361162771907374
2025-04-10,3083.3582828408,,3206.44921875,21072891,,0,8.072919441491736,8.033774633537774,0.0391448079539618,0.0391448079539618,3.9921061588662496,Thursday,0,0.03433600524773617,0.03676373212860895,0.0024277268808727825,0.0024277268808727825
2025-04-11,3186.3583079035,,3253.001220703125,23929313,,0,8.087333301727854,8.066633947393024,0.02069935433483039,0.02069935433483039,2.0915071802917624,Friday,0,0.03285931385524954,0.014413860236118126,0.018445453619131413,-0.018445453619131413
2025-04-12,3237.4256768,,3238.036865234375,23321039,,0,8.08272251935942,8.082533748771304,0.00018877058811561653,0.00018877058811561653,0.01887884064041599,Saturday,0,0.015899801378280287,-0.004610782368434485,0.020510583746714772,-0.020510583746714772
2025-04-13,3237.8795644793,,3235.987060546875,14486593,,0,8.082089279575479,8.082673939129329,-0.0005846595538496757,0.0005846595538496757,-0.058448867375623305,Sunday,0,0.00014019035802448343,-0.0006332397839408088,0.0007734301419652923,-0.0007734301419652923
2025-04-14,3222.0397831696,,3223.9501953125,30327911,,0,8.078362655403133,8.077769911013144,0.0005927443899889084,0.0005927443899889084,0.05929200976595847,Monday,1,-0.004904028116184733,-0.003726624172346149,0.0011774039438385842,0.0011774039438385842
2025-04-15,3211.4564211787,,3256.637451171875,21412906,,0,8.08845048534748,8.07447982698993,0.013970658357550292,0.013970658357550292,1.4068704060630568,Tuesday,0,-0.0032900840232148454,0.010087829944346538,0.013377913967561383,0.013377913967561383
2025-04-16,3258.2894957634,,3370.43310546875,28516984,,0,8.122796533031932,8.088957642109294,0.03383889092263814,0.03383889092263814,3.4417939182864266,Wednesday,0,0.01447781511936519,0.03434604768445304,0.01986823256508785,0.01986823256508785
2025-04-17,3346.1994702966,,3340.639892578125,24267549,,0,8.11391765222499,8.115580494323568,-0.0016628420985789205,0.0016628420985789205,-0.16614603426442165,Thursday,0,0.026622852214273962,-0.008878880806943101,0.03550173302121706,-0.03550173302121706
2025-04-18,3326.2008499774,,3347.122314453125,15292651,,0,8.115856245047066,8.109586045776084,0.0062701992709826015,0.0062701992709826015,0.6289898120814627,Friday,0,-0.005994448547484765,0.0019385928220767568,0.007933041369561522,0.007933041369561522
2025-04-19,3326.3557477598,,3342.300048828125,19981100,,0,8.11441448634252,8.109632613672245,0.004781872670275078,0.004781872670275078,0.4793324069159734,Saturday,0,4.656789616142021e-05,-0.0014417587045461033,0.0014883266007075235,-0.0014883266007075235
2025-04-20,3326.2738714202,,3364.040283203125,21971278,,0,8.120897995813985,8.109607998942645,0.01128999687134069,0.01128999687134069,1.1353969409259745,Sunday,0,-2.4614729600358487e-05,0.006483509471465254,0.006508124201065613,0.006508124201065613
2025-04-21,3354.1548083319,,3460.28173828125,32502002,,0,8.149105291985668,8.117955097648306,0.031150194337362436,0.031150194337362436,3.1640438803159943,Monday,1,0.008347098705661082,0.028207296171682827,0.019860197466021745,0.019860197466021745
2025-04-22,3418.953034526,,3347.672119140625,61590582,,0,8.116020493462514,8.137089652933664,-0.021069159471149845,0.021069159471149845,-2.0848755354504984,Tuesday,0,0.019134555285358346,-0.033084798523153935,0.05221935380851228,-0.05221935380851228
2025-04-23,3338.6584936307,,3330.671875,47781453,,0,8.110929326887081,8.113324356674774,-0.0023950297876922377,0.0023950297876922377,-0.23921639921951685,Wednesday,0,-0.023765296258890345,-0.005091166575432737,0.018674129683457608,0.018674129683457608
2025-04-24,3314.4245413251,,3362.769287109375,51945047,,0,8.120520106089119,8.106039295190612,0.014480810898506391,0.014480810898506391,1.4586165767692139,Thursday,0,-0.007285061484161304,0.009590779202037325,0.01687584068619863,0.01687584068619863
2025-04-25,3353.4416875055,,3316.6484375,38242387,,0,8.106710045238268,8.117742466840973,-0.0110324216027049,0.0110324216027049,-1.0971787624215112,Friday,0,0.011703171650360389,-0.013810060850850903,0.02551323250121129,-0.02551323250121129
2025-04-26,3319.1715347849,,3317.2734375,16844357,,0,8.106898470731853,8.107470493055427,-0.0005720223235741173,0.0005720223235741173,-0.057185874999464634,Saturday,0,-0.010271973785545896,0.00018842549358488725,0.010460399279130783,0.010460399279130783
2025-04-27,3319.2111960977,,3307.552001953125,20569778,,0,8.103963618300321,8.107482442144356,-0.0035188238440344577,0.0035188238440344577,-0.35126400387785855,Sunday,0,1.1949088928986384e-05,-0.002934852431531354,0.0029468015204603404,-0.0029468015204603404
2025-04-28,3307.7402444817,,3340.429443359375,22255285,,0,8.11385465356168,8.10402052962687,0.009834123934808758,0.009834123934808758,0.9882637831737398,Monday,1,-0.0034619125174852883,0.009891035261357928,0.013352947778843216,0.013352947778843216
2025-04-29,3335.5804026646,,3317.80517578125,20498636,,0,8.10705875166095,8.11240197699009,-0.005343225329140111,0.005343225329140111,-0.5328975691651902,Tuesday,0,0.008381447363220218,-0.006795901900728651,0.01517734926394887,-0.01517734926394887
2025-04-30,3321.5650284376,,3280.657958984375,29551050,,0,8.095799278512585,8.108191344946947,-0.012392066434362192,0.012392066434362192,-1.2315600960089308,Wednesday,0,-0.004210632043143647,-0.011259473148365728,0.007048841105222081,-0.007048841105222081
2025-05-01,3273.577450551,,3250.65576171875,36068089,,0,8.08661202780692,8.09363868746104,-0.007026659654119527,0.007026659654119527,-0.7002030402058071,Thursday,0,-0.014552657485907616,-0.009187250705664951,0.005365406780242665,0.005365406780242665
2025-05-02,3239.6460103597,,3252.212890625,32963910,,0,8.087090933046825,8.083219346755676,0.0038715862911491428,0.0038715862911491428,0.3879090562707685,Friday,0,-0.010419340705363211,0.0004789052399054583,0.01089824594526867,0.01089824594526867
2025-05-03,3240.9584551259,,3254.622802734375,23707424,,0,8.08783166551131,8.083624384523722,0.004207280987587936,0.004207280987587936,0.42161440196382405,Saturday,0,0.0004050377680453465,0.0007407324644841395,0.000335694696438793,0.000335694696438793
2025-05-04,3240.9153900701,,3262.6171875,13429503,,0,8.090284970526087,8.083611096682326,0.006673873843761058,0.006673873843761058,0.6696193765623336,Sunday,0,-1.3287841396092404e-05,0.0024533050147770297,0.002466592856173122,0.002466592856173122
2025-05-05,3247.1275098266,,3342.438720703125,27250874,,0,8.114455975435751,8.085526041373868,0.0289299340618836,0.0289299340618836,2.935246940198373,Monday,1,0.0019149446915420754,0.024171004909664617,0.022256060218122542,0.022256060218122542
2025-05-06,3332.6990096218,,3404.150146484375,34420438,,0,8.132750597558447,8.11153776808582,0.021212829472627703,0.021212829472627703,2.1439420918687553,Tuesday,0,0.02601172671195151,0.018294622122695614,0.0077171045892558965,-0.0077171045892558965
2025-05-07,3397.2122476296,,3379.709716796875,21057762,,0,8.125545102184468,8.130710447112355,-0.005165344927887006,0.005165344927887006,-0.5152027473390066,Wednesday,0,0.019172679026535633,-0.007205495373979076,0.02637817440051471,-0.02637817440051471
2025-05-08,3374.5705858929,,3319.797607421875,36806613,,0,8.107659098432382,8.12402336140221,-0.016364262969828403,0.016364262969828403,-1.623109580223294,Thursday,0,-0.006687085710144203,-0.0178860037520856,0.011198918041941397,-0.011198918041941397
2025-05-09,3319.3500181568,,3329.41015625,20103698,,0,8.110550437029818,8.107524265079972,0.0030261719498465567,0.0030261719498465567,0.3030755430482178,Friday,0,-0.01649909632223867,0.002891338597436288,0.01939043491967496,0.01939043491967496
2025-05-10,3325.5990983636,,3321.339599609375,25895236,,0,8.108123474387023,8.109405116818472,-0.001281642431449015,0.001281642431449015,-0.1280821478548374,Saturday,0,0.0018808517385000556,-0.002426962642795516,0.004307814381295572,-0.004307814381295572
2025-05-11,3325.5570723791,,3288.330810546875,32779711,,0,8.098135362595269,8.109392479621745,-0.011257117026476138,0.011257117026476138,-1.1193992772342818,Sunday,0,-1.263719672728314e-05,-0.009988111791754406,0.009975474595027123,-0.009975474595027123
2025-05-12,3287.3379958744,,3239.13818359375,45097393,,0,8.08306258068606,8.097833396450303,-0.014770815764244105,0.014770815764244105,-1.4662262396242955,Monday,1,-0.011559083171441387,-0.015072781909209354,0.0035136987377679674,-0.0035136987377679674
2025-05-13,3237.7768258714,,3253.6484375,22151408,,0,8.087532241837744,8.082642208413022,0.004890033424722162,0.004890033424722162,0.49020091507784547,Tuesday,0,-0.015191188037281478,0.0044696611516847895,0.019660849188966267,0.019660849188966267
2025-05-14,3248.6528648733,,3190.434814453125,22231086,,0,8.067912491961343,8.085995686277712,-0.018083194316369955,0.018083194316369955,-1.792067445853304,Wednesday,0,0.003353477864690646,-0.01961974987640147,0.022973227741092117,-0.022973227741092117
2025-05-15,3182.4441107121,,3240.385986328125,25740062,,0,8.083447733273527,8.065404768835755,0.018042964437771758,0.018042964437771758,1.820672212938245,Thursday,0,-0.0205909174419574,0.015535241312184311,0.03612615875414171,0.03612615875414171
2025-05-16,3240.5719609511,,3207.92236328125,21859201,,0,8.073378767721378,8.083505124364331,-0.010126356642953027,0.010126356642953027,-1.0075257720944926,Friday,0,0.018100355528575918,-0.010068965552148867,0.028169321080724785,-0.028169321080724785
2025-05-17,3200.398385591,,3210.0712890625,13514500,,0,8.074048424308144,8.071030576536085,0.0030178477720586017,0.0030178477720586017,0.302240605889872,Saturday,0,-0.012474547828245974,0.0006696565867656545,0.013144204415011629,0.013144204415011629
2025-05-18,3202.9990320537,,3238.10791015625,17511050,,0,8.08274445985777,8.071842847409206,0.010901612448563469,0.010901612448563469,1.0961251549314068,Sunday,0,0.0008122708731210793,0.008696035549625947,0.007883764676504867,0.007883764676504867
2025-05-19,3237.933033069,,3224.60986328125,26216845,,0,8.078567249286126,8.082690452451446,-0.004123203165320888,0.004123203165320888,-0.41147144340789277,Monday,1,0.01084760504224036,-0.004177210571643997,0.015024815613884357,-0.015024815613884357
2025-05-20,3223.201896532,,3289.541259765625,25890847,,0,8.098503399315799,8.078130522277311,0.020372877038488113,0.020372877038488113,2.058182061291379,Tuesday,0,-0.004559930174135474,0.019936150029673527,0.024496080203809,0.024496080203809
2025-05-21,3291.6706578173,,3316.66162109375,25029405,,0,8.106714020205105,8.099150513601936,0.007563506603169401,0.007563506603169401,0.7592182169592161,Wednesday,0,0.021019991324624954,0.008210620889306242,0.012809370435318712,-0.012809370435318712
2025-05-22,3322.9932858921,,3300.328857421875,22737587,,0,8.10177739625367,8.108621247856647,-0.006843851602976514,0.006843851602976514,-0.6820485785044438,Thursday,0,0.009470734254710678,-0.004936623951435237,0.014407358206145915,-0.014407358206145915
2025-05-23,3294.7040268532,,3351.74609375,22186476,,0,8.117236711045026,8.100071617971363,0.017165093073662874,0.017165093073662874,1.7313259835142556,Friday,0,-0.00854962988528385,0.015459314791355538,0.024008944676639388,0.024008944676639388
2025-05-24,3357.8760493782,,3352.4599609375,12414315,,0,8.11744967203828,8.119063924918757,-0.0016142528804774514,0.0016142528804774514,-0.16129506750861405,Saturday,0,0.01899230694739451,0.00021296099325418538,0.018779345954140325,-0.018779345954140325
2025-05-25,3357.7542802133,,3338.507568359375,11924013,,0,8.113279150289326,8.11902766051499,-0.005748510225663139,0.005748510225663139,-0.5732019155583407,Sunday,0,-3.6264403767916065e-05,-0.004170521748953604,0.004134257345185688,-0.004134257345185688
2025-05-26,3345.5076356194,,3345.863525390625,15626718,,0,8.115480093324214,8.11537372057549,0.00010637274872316027,0.00010637274872316027,0.010637840650427173,Monday,1,-0.003653939939498585,0.0022009430348877146,0.0058548829743862996,0.0058548829743862996
2025-05-27,3345.4427208352,,3310.17578125,22936732,,0,8.104756573078854,8.115354316819449,-0.010597743740595078,0.010597743740595078,-1.054178550586435,Tuesday,0,-1.940375604192468e-05,-0.010723520245360163,0.010704116489318238,-0.010704116489318238
2025-05-28,3310.6191751725,,3264.326171875,24421509,,0,8.090808641200079,8.104890512862847,-0.014081871662767753,0.014081871662767753,-1.3983185877937148,Wednesday,0,-0.010463803956602291,-0.013947931878774966,0.003484127922172675,-0.003484127922172675
2025-05-29,3261.4903119061,,3314.604248046875,21621935,,0,8.106093513305371,8.089939520790562,0.01615399251480909,0.01615399251480909,1.6285173666431587,Thursday,0,-0.014950992072284564,0.01528487210529228,0.030235864177576843,0.030235864177576843
2025-05-30,3317.9215875591,,3292.457275390625,19775471,,0,8.099389457190227,8.107093838029638,-0.007704380839410163,0.007704380839410163,-0.7674778169549278,Friday,0,0.017154317239075567,-0.006704056115143686,0.023858373354219253,-0.023858373354219253
2025-05-31,3289.5321166889,,3289.120361328125,9707732,,0,8.09837544063292,8.09850061987371,-0.00012517924078991882,0.00012517924078991882,-0.012517140619659311,Saturday,0,-0.008593218155928284,-0.0010140165573080395,0.007579201598620244,0.007579201598620244
2025-06-01,3289.5321166889,,3313.6796875,16436033,,0,8.105814538969973,8.09850061987371,0.007313919096263888,0.007313919096263888,0.7340731129692113,Sunday,0,0.0,0.007439098337053807,0.007439098337053807,0.007439098337053807
2025-06-02,3312.2245264264,,3382.869140625,27488162,,0,8.126479486573798,8.1053753050028,0.021104181570997582,0.021104181570997582,2.132844969746636,Monday,1,0.006874685129091063,0.020664947603824757,0.013790262474733694,0.013790262474733694
2025-06-03,3384.7075528057,,3360.237548828125,21755502,,0,8.11976694951418,8.127022786578866,-0.007255837064686688,0.007255837064686688,-0.7229577030160497,Tuesday,0,0.021647481576065886,-0.006712537059618384,0.02836001863568427,-0.02836001863568427
2025-06-04,3356.745514381,,3379.8798828125,15839539,,0,8.12559545021615,8.11872718665372,0.006868263562429533,0.006868263562429533,0.6891904176943928,Wednesday,0,-0.00829559992514639,0.00582850070196983,0.01412410062711622,0.01412410062711622
2025-06-05,3376.1895581885,,3365.4765625,23341539,,0,8.121324855379571,8.124503002892084,-0.0031781475125125525,0.0031781475125125525,-0.3173102547668609,Thursday,0,0.005775816238363873,-0.004270594836578212,0.010046411074942085,-0.010046411074942085
2025-06-06,3363.6272818427,,3319.46826171875,22957243,,0,8.107559886950304,8.120775218831636,-0.013215331881331949,0.013215331881331949,-1.3128392780712135,Friday,0,-0.0037277840604481582,-0.013764968429267554,0.010037184368819396,-0.010037184368819396
2025-06-07,3310.5139606029,,3318.005126953125,11852737,,0,8.107119015943026,8.104858731423793,0.002260284519232769,0.002260284519232769,0.2262840887963077,Saturday,0,-0.015916487407842794,-0.0004408710072780764,0.015475616400564718,0.015475616400564718
2025-06-08,3310.534783789,,3322.812255859375,16946648,,0,8.108566768371313,8.104865021420109,0.003701746951204399,0.003701746951204399,0.37086068784098947,Sunday,0,6.289996315800295e-06,0.00144775242828743,0.0014414624319716296,0.0014414624319716296
2025-06-09,3316.4690880207,,3330.1005859375,19782176,,0,8.110757788505536,8.106655968259034,0.004101820246502186,0.004101820246502186,0.41102442251121596,Monday,1,0.0017909468389252226,0.0021910201342230096,0.000400073295297787,0.000400073295297787
2025-06-10,3321.4469817347,,3324.93212890625,17351775,,0,8.109204540522597,8.108155804832695,0.0010487356899027134,0.0010487356899027134,0.10492858054684134,Tuesday,0,0.0014998365736609287,-0.0015532479829385437,0.0030530845565994724,-0.0030530845565994724
2025-06-11,3327.4935820968,,3360.5634765625,22587935,,0,8.119863940254836,8.109974621521141,0.009889318733694807,0.009889318733694807,0.9938379639146097,Wednesday,0,0.001818816688446745,0.010659399732238839,0.008840583043792094,0.008840583043792094
2025-06-12,3362.6681292031,,3390.525146484375,30249997,,0,8.128740098844476,8.120490023910067,0.008250074934409213,0.008250074934409213,0.8284200584455781,Thursday,0,0.010515402388925565,0.00887615858963997,0.0016392437992855946,-0.0016392437992855946
2025-06-13,3401.6174010418,,3436.7880859375,67022617,,0,8.142292618253462,8.132006303680699,0.010286314572763189,0.010286314572763189,1.0339400570131292,Friday,0,0.011516279770631854,0.01355251940898583,0.002036239638353976,0.002036239638353976
2025-06-14,3433.0614806382,,3468.164306640625,43221537,,0,8.15138071470219,8.141207702018043,0.010173012684147054,0.010173012684147054,1.0224933692681621,Saturday,0,0.009201398337344457,0.009088096448728322,0.00011330188861613522,-0.00011330188861613522
2025-06-15,3432.9943022594,,3455.3974609375,39902849,,0,8.147692768930405,8.141188133759082,0.006504635171323159,0.006504635171323159,0.6525836254186542,Sunday,0,-1.956825896165526e-05,-0.00368794577178555,0.003668377512823895,-0.003668377512823895
2025-06-16,3441.3362295619,,3406.722900390625,46559534,,0,8.133506081917327,8.143615113770748,-0.010109031853421158,0.010109031853421158,-1.0058107334569104,Monday,1,0.002426980011666302,-0.014186687013078014,0.016613667024744316,-0.016613667024744316
2025-06-17,3400.0768417366,,3393.016357421875,38311551,,0,8.129474585704491,8.13155331085963,-0.0020787251551386277,0.0020787251551386277,-0.2076566102288045,Tuesday,0,-0.012061802911118136,-0.004031496212835606,0.00803030669828253,0.00803030669828253
2025-06-18,3384.9298185576,,3380.6044921875,18297894,,0,8.125809816328866,8.12708845206131,-0.0012786357324436892,0.0012786357324436892,-0.1277818626072143,Wednesday,0,-0.004464858798320037,-0.0036647693756250987,0.0008000894226949384,0.0008000894226949384
2025-06-19,3376.704856073,,3373.9638671875,16828593,,0,8.123843553856958,8.124655618305235,-0.0008120644482776385,0.0008120644482776385,-0.08117348131775,Thursday,0,-0.002432833756074615,-0.001966262471908564,0.00046657128416605076,0.00046657128416605076
2025-06-20,3367.3287620723,,3380.3603515625,20569003,,0,8.125737595682628,8.121875056827477,0.0038625388551505324,0.0038625388551505324,0.3870008071971048,Friday,0,-0.00278056147775807,0.0018940418256701008,0.004674603303428171,0.004674603303428171
2025-06-21,3368.0750272393,,3381.265380859375,15295368,,0,8.126005291452284,8.12209665161033,0.003908639841954553,0.003908639841954553,0.3916288536745127,Saturday,0,0.0002215947828521081,0.00026769576965612885,4.610098680402075e-05,4.610098680402075e-05
2025-06-22,3368.4403413847,,3386.996337890625,59997661,,0,8.1276987715921,8.122205109507556,0.0054936620845431605,0.0054936620845431605,0.5508779917502448,Sunday,0,0.0001084578972267991,0.0016934801398154065,0.0015850222425886074,0.0015850222425886074
2025-06-23,3369.936459848,,3352.57666015625,50454390,,0,8.11748448145853,8.122649168524147,-0.005164687065617457,0.005164687065617457,-0.515137300022955,Monday,1,0.0004440590165906144,-0.010214290133570003,0.010658349150160618,-0.010658349150160618
2025-06-24,3343.8899940445,,3327.04248046875,37091385,,0,8.109839044337548,8.114890077145697,-0.005051032808149003,0.005051032808149003,-0.5038297792617417,Tuesday,0,-0.007759091378449767,-0.007645437120981313,0.00011365425746845403,0.00011365425746845403
2025-06-25,3326.8149938221,,3337.7392578125,18908739,,0,8.113048987873144,8.109770666964687,0.003278320908457033,0.003278320908457033,0.32837004794935765,Wednesday,0,-0.005119410181009698,0.003209943535596338,0.008329353716606036,0.008329353716606036
2025-06-26,3335.0697930056,,3321.4716796875,17078500,,0,8.10816324070661,8.11224888556871,-0.004085644862099613,0.004085644862099613,-0.40773099701296245,Thursday,0,0.0024782186040219756,-0.004885747166534671,0.007363965770556646,-0.007363965770556646
2025-06-27,3317.2160861096,,3282.0205078125,24795013,,0,8.096214520202269,8.1068811818688,-0.010666661666531851,0.010666661666531851,-1.0609974564055902,Friday,0,-0.005367703699908688,-0.011948720504340926,0.006581016804432238,-0.006581016804432238
2025-06-28,3274.2344921613,,3279.038818359375,7059441,,0,8.095305615249528,8.093839377895723,0.0014662373538048001,0.0014662373538048001,0.14673128053525136,Saturday,0,-0.013041803973077748,-0.0009089049527410964,0.012132899020336652,0.012132899020336652
2025-06-29,3274.0672591637,,3268.367919921875,17734488,,0,8.092046032238382,8.093788301142089,-0.0017422689037065453,0.0017422689037065453,-0.17407520343001945,Sunday,0,-5.107675363369424e-05,-0.0032595830111450397,0.0032085062575113454,-0.0032085062575113454
2025-06-30,3267.5552674298,,3312.151123046875,21008107,,0,8.105353143403455,8.091797359641422,0.013555783762033258,0.013555783762033258,1.3648079976365082,Monday,1,-0.0019909415006669207,0.013307111165072882,0.015298052665739803,0.015298052665739803
2025-07-01,3310.8701827667,,3337.509521484375,26660461,,0,8.11298015558365,8.104966328915928,0.008013826667720991,0.008013826667720991,0.8046023325328331,Tuesday,0,0.013168969274506281,0.007627012180194015,0.0055419570943122665,-0.0055419570943122665
2025-07-02,3343.4696187274,,3346.621337890625,25264075,,0,8.11570656003089,8.114764354785304,0.0009422052455860808,0.0009422052455860808,0.09426492603886044,Wednesday,0,0.009798025869375948,0.0027264044472410376,0.0070716214221349105,-0.0070716214221349105
2025-07-03,3346.2946479363,,3327.927001953125,25325890,,0,8.110104867191257,8.115608937423563,-0.00550407023230548,0.00550407023230548,-0.5488950590320102,Thursday,0,0.0008445826382583732,-0.005601692839633188,0.006446275477891561,-0.006446275477891561
2025-07-04,3327.1027788628,,3337.501953125,12140897,,0,8.112977887914326,8.109857167895631,0.003120720018694456,0.003120720018694456,0.3125594534760541,Friday,0,-0.005751769527931216,0.00287302072306872,0.008624790250999936,0.008624790250999936
2025-07-05,3336.7434851752,,3335.83984375,6661772,,0,8.112479753857968,8.112750605906172,-0.0002708520482030963,0.0002708520482030963,-0.027081537109903863,Saturday,0,0.0028934380105400948,-0.0004981340563574577,0.0033915720668975524,-0.0033915720668975524
2025-07-06,3335.7918118987,,3327.411376953125,9141541,,0,8.10994991639186,8.112465355026085,-0.0025154386342247648,0.0025154386342247648,-0.2512277569506024,Sunday,0,-0.0002852508800863518,-0.0025298374661080203,0.0022445865860216685,-0.0022445865860216685
2025-07-07,3324.608452551,,3331.247314453125,28934828,,0,8.111102081745912,8.109107187524584,0.0019948942213279253,0.0019948942213279253,0.19968853466130482,Monday,1,-0.003358167501501086,0.0011521653540516041,0.00451033285555269,0.00451033285555269
2025-07-08,3336.2447629298,,3301.93310546875,27147044,,0,8.102263365482841,8.11260113096997,-0.010337765487129502,0.010337765487129502,-1.0284514446391613,Tuesday,0,0.0034939434453864493,-0.008838716263070978,0.012332659708457427,-0.012332659708457427
2025-07-09,3304.6184024946,,3315.178955078125,30724815,,0,8.106266884595225,8.1030762849524,0.0031905996428260863,0.0031905996428260863,0.3195695023532192,Wednesday,0,-0.00952484601757142,0.0040035191123841685,0.013528365129955588,0.013528365129955588
2025-07-10,3318.9412975534,,3320.06103515625,45304206,,0,8.107738445824756,8.107401124776397,0.0003373210483594846,0.0003373210483594846,0.03373779475025178,Thursday,0,0.004324839823997451,0.0014715612295308489,0.0028532785944666017,-0.0028532785944666017
2025-07-11,3326.5316848816,,3348.71044921875,32795002,,0,8.116330610178771,8.10968550412729,0.006645106051481164,0.006645106051481164,0.6667233755189472,Friday,0,0.0022843793508933175,0.008592164354014997,0.00630778500312168,0.00630778500312168
2025-07-12,3355.6033542611,,3352.81982421875,12461715,,0,8.117557009328634,8.118386870572635,-0.0008298612440018616,0.0008298612440018616,-0.08295170043906447,Saturday,0,0.008701366445345471,0.001226399149862445,0.007474967295483026,-0.007474967295483026
2025-07-13,3355.5132760883,,3361.260986328125,15286855,,0,8.120071476102277,8.118360026106128,0.0017114499961490282,0.0017114499961490282,0.1712915362541978,Sunday,0,-2.6844466507469633e-05,0.00251446677364342,0.0025413112401508897,0.0025413112401508897
2025-07-14,3367.4285473755,,3344.9970703125,42018684,,0,8.115221096721138,8.12190468975963,-0.006683593038491864,0.006683593038491864,-0.6661307507321121,Monday,1,0.0035446636535017007,-0.0048503793811391915,0.008395043034640892,-0.008395043034640892
2025-07-15,3346.6115725159,,3331.618896484375,35936875,,0,8.111213619939798,8.115703642046457,-0.004490022106658387,0.004490022106658387,-0.44799570271772177,Tuesday,0,-0.006201047713172869,-0.004007476781339392,0.0021935709318334773,0.0021935709318334773
2025-07-16,3329.6540655909,,3345.012451171875,24039678,,0,8.11522569487883,8.110623693371215,0.004602001507615583,0.004602001507615583,0.46126069791125945,Wednesday,0,-0.005079948675241752,0.0040120749390322175,0.00909202361427397,0.00909202361427397
2025-07-17,3344.697500541,,3338.706787109375,28985042,,0,8.11333882150533,8.115131535151914,-0.0017927136465836213,0.0017927136465836213,-0.17911076952866334,Thursday,0,0.00450784178069874,-0.001886873373500464,0.006394715154199204,-0.006394715154199204
2025-07-18,3340.2030175394,,3348.7099609375,18888773,,0,8.116330464367033,8.113786867817923,0.00254359654910985,0.00254359654910985,0.25468342353533147,Friday,0,-0.0013446673339903015,0.00299164286170317,0.004336310195693471,0.004336310195693471
2025-07-19,3350.0736513692,,3351.86279296875,8997696,,0,8.117271527878982,8.116737610060778,0.0005339178182044435,0.0005339178182044435,0.0534060377693125,Saturday,0,0.0029507422428540764,0.0009410635119486699,0.0020096787309054065,-0.0020096787309054065
2025-07-20,3350.1522141659,,3346.67919921875,8669498,,0,8.115723849357078,8.116761060851328,-0.0010372114942498456,0.0010372114942498456,-0.10366737763331431,Sunday,0,2.3450790550327838e-05,-0.0015476785219039613,0.001571129312454289,-0.001571129312454289
2025-07-21,3350.3014936314,,3391.445068359375,21037885,,0,8.129011383397932,8.116805618868451,0.0122057645294813,0.0122057645294813,1.2280558870950915,Monday,1,4.4558017123108584e-05,0.013287534040854254,0.013242976023731146,0.013242976023731146
2025-07-22,3392.2476286493,,3421.198486328125,22191361,,0,8.137746203267655,8.129247997976307,0.008498205291347816,0.008498205291347816,0.8534417544969223,Tuesday,0,0.012442379107856283,0.008734819869722799,0.0037075592381334843,-0.0037075592381334843
2025-07-23,3432.7786420752,,3389.77783203125,19193418,,0,8.128519661952932,8.141125311936683,-0.012605649983751022,0.012605649983751022,-1.2526531573254869,Wednesday,0,0.011877313960376057,-0.00922654131472278,0.021103855275098837,-0.021103855275098837
2025-07-24,3390.237336955,,3370.396728515625,21179597,,0,8.12278574001267,8.128655208825027,-0.005869468812356615,0.005869468812356615,-0.5852277132076904,Thursday,0,-0.012470103111656528,-0.005733921940262121,0.006736181171394406,0.006736181171394406
2025-07-25,3370.0534355673,,3345.166015625,24131840,,0,8.115271602309825,8.122683879472122,-0.007412277162297087,0.007412277162297087,-0.7384873984382512,Friday,0,-0.005971329352904675,-0.007514137702845147,0.0015428083499404721,-0.0015428083499404721
2025-07-26,3336.8459198049,,3347.76806640625,11585089,,0,8.116049153942773,8.112781304417421,0.0032678495253524176,0.0032678495253524176,0.32731947665083233,Saturday,0,-0.009902575054701046,0.0007775516329484589,0.010680126687649505,0.010680126687649505
2025-07-27,3337.1142838169,,3337.913330078125,11700154,,0,8.113101139258609,8.112861725637792,0.00023941362081636441,0.00023941362081636441,0.023944228254335672,Sunday,0,8.042122037110744e-05,-0.0029480146841649457,0.003028435904536053,-0.003028435904536053
2025-07-28,3333.5800182547,,3317.89990234375,23649036,,0,8.107087302225327,8.111802086046213,-0.004714783820885415,0.004714783820885415,-0.4703686674711757,Monday,1,-0.0010596395915793977,-0.0060138370332811775,0.00495419744170178,-0.00495419744170178
2025-07-29,3311.3076188221,,3328.127197265625,22066565,,0,8.11016502154294,8.105098441362662,0.0050665801802782795,0.0050665801802782795,0.5079437001841665,Tuesday,0,-0.006703644683550891,0.0030777193176128037,0.009781364001163695,0.009781364001163695
2025-07-30,3329.0178165705,,3292.406005859375,30078436,,0,8.099373885255304,8.11043258948936,-0.011058704234056194,0.011058704234056194,-1.0997781546522942,Wednesday,0,0.0053341481266979685,-0.010791136287636505,0.016125284414334473,-0.016125284414334473
2025-07-31,3284.6461187965,,3294.020751953125,23542033,,0,8.099864210642794,8.097014198722047,0.0028500119207475194,0.0028500119207475194,0.28540770657083075,Thursday,0,-0.013418390767313326,0.0004903253874903868,0.013908716154803713,0.013908716154803713
2025-08-01,3287.7465357837,,3360.583984375,58450660,,0,8.119870042728445,8.09795766554764,0.021912377180806075,0.021912377180806075,2.215421651229503,Friday,0,0.0009434668255927647,0.02000583208565132,0.019062365260058556,0.019062365260058556
2025-08-02,3362.9813771543,,3357.850341796875,21989916,,0,8.119056268984068,8.120583174155595,-0.0015269051715272042,0.0015269051715272042,-0.15257400449141748,Saturday,0,0.022625508607955425,-0.0008137737443778548,0.02343928235233328,-0.02343928235233328
2025-08-03,3362.8829861325,,3357.95361328125,24834048,,0,8.119087023748522,8.120553916645632,-0.0014668928971097728,0.0014668928971097728,-0.14658175356017542,Sunday,0,-2.9257509963187545e-05,3.0754764454243855e-05,6.00122744174314e-05,6.00122744174314e-05
2025-08-04,3356.9032701609,,3375.01513671875,17157244,,0,8.124155088250276,8.118774182195187,0.005380906055089341,0.005380906055089341,0.5395409131637569,Monday,1,-0.0017797344504444368,0.005068064501754677,0.006847798952199113,0.006847798952199113
2025-08-05,3376.7185386913,,3378.900390625,39044403,,0,8.125305607328905,8.124659670359282,0.0006459369696223405,0.0006459369696223405,0.06461456318314965,Tuesday,0,0.005885488164095065,0.001150519078628065,0.004734969085467,-0.004734969085467
2025-08-06,3382.480779053,,3366.62841796875,43018680,,0,8.121667053097323,8.126364677561096,-0.004697624463773309,0.004697624463773309,-0.4686607883308681,Wednesday,0,0.0017050072018136575,-0.003638554231581992,0.005343561433395649,-0.005343561433395649
2025-08-07,3369.0384023211,,3391.55029296875,43120153,,0,8.129042409398622,8.122382642071507,0.006659767327114707,0.006659767327114707,0.6681992889169937,Thursday,0,-0.003982035489588753,0.007375356301299263,0.011357391790888016,0.011357391790888016
2025-08-08,3400.5323873506,,3387.576904296875,91688591,,0,8.127870167305723,8.13168728286106,-0.0038171155553374803,0.0038171155553374803,-0.38098396303817406,Friday,0,0.009304640789553176,-0.0011722420928990118,0.010476882882452188,-0.010476882882452188
2025-08-09,3398.1900560124,,3388.05810546875,25749416,,0,8.128012205999363,8.13099823239595,-0.0029860263965861833,0.0029860263965861833,-0.29815726538671833,Saturday,0,-0.0006890504651106966,0.0001420386936406004,0.000831089158751297,0.000831089158751297
2025-08-10,3398.3159305575,,3386.970703125,26520235,,0,8.127691202979653,8.131035273353572,-0.003344070373918484,0.003344070373918484,-0.33384851980606733,Sunday,0,3.704095762202542e-05,-0.00032100301971027534,0.00035804397733230076,-0.00035804397733230076
2025-08-11,3387.7599555255,,3348.5576171875,50716644,,0,8.116284970067083,8.127924201882145,-0.01163923181506199,0.01163923181506199,-1.1571757991312333,Monday,1,-0.0031110714714266408,-0.011406232912570147,0.008295161441143506,-0.008295161441143506
2025-08-12,3350.6696983526,,3349.889404296875,31373360,,0,8.116682610631425,8.11691551479578,-0.00023290416435450823,0.00023290416435450823,-0.023287704428416864,Tuesday,0,-0.011008687086365043,0.00039764056434243855,0.011406327650707482,0.011406327650707482
2025-08-13,3347.5783952646,,3360.533447265625,35650109,,0,8.11985500442272,8.11599249633953,0.003862508083189553,0.003862508083189553,0.38699771809229877,Wednesday,0,-0.0009230184562500909,0.0031723937912939704,0.004095412247544061,0.004095412247544061
2025-08-14,3367.8266135089,,3338.341064453125,40344022,,0,8.113229275291271,8.122022893487435,-0.008793618196163422,0.008793618196163422,-0.8755067418703765,Thursday,0,0.006030397147904765,-0.00662572913144821,0.012656126279352975,-0.012656126279352975
2025-08-15,3333.7389382375,,3340.937744140625,32689808,,0,8.1140068082833,8.111849757376733,0.0021570509065664822,0.0021570509065664822,0.2159379014522041,Friday,0,-0.010173136110701364,0.0007775329920285401,0.010950669102729904,0.010950669102729904
2025-08-16,3335.6404846686,,3342.650390625,21569948,,0,8.11451930141942,8.112419989286495,0.002099312132925135,0.002099312132925135,0.2101517231434012,Saturday,0,0.0005702319097622421,0.0005124931361208951,5.773877364134705e-05,-5.773877364134705e-05
2025-08-17,3335.6315834944,,3332.236083984375,23764631,,0,8.111398854313467,8.112417320777668,-0.0010184664642007846,0.0010184664642007846,-0.1017948003258712,Sunday,0,-2.668508827241567e-06,-0.0031204471059531613,0.0031177785971259198,-0.0031177785971259198
2025-08-18,3333.5944648998,,3334.600341796875,34309188,,0,8.112108113626466,8.111806419709637,0.00030169391682832725,0.00030169391682832725,0.030173943101535827,Monday,1,-0.0006109010680308558,0.0007092593129982561,0.0013201603810291118,0.0013201603810291118
2025-08-19,3337.6578253223,,3319.093994140625,34876100,,0,8.107447131337237,8.113024590076522,-0.00557745873928539,0.00557745873928539,-0.5561933593322296,Tuesday,0,0.0012181703668847632,-0.004660982289228954,0.0058791526561137175,-0.0058791526561137175
2025-08-20,3314.9167607827,,3348.1123046875,30885186,,0,8.116151974860255,8.106187792435232,0.009964182425022727,0.009964182425022727,1.0013990184466115,Wednesday,0,-0.006836797641289749,0.008704843523018369,0.015541641164308118,0.015541641164308118
2025-08-21,3344.4704198314,,3339.827880859375,25645123,,0,8.113674551966058,8.115063640097583,-0.0013890881315248294,0.0013890881315248294,-0.1388123795174374,Thursday,0,0.008875847662350722,-0.0024774228941968346,0.011353270556547557,-0.011353270556547557
2025-08-22,3337.2145138129,,3369.008544921875,35478431,,0,8.122373779741086,8.112891760117378,0.009482019623707316,0.009482019623707316,0.9527116395238604,Friday,0,-0.0021718799802048494,0.008699227775027296,0.010871107755232146,0.010871107755232146
2025-08-23,3372.0034691172,,3368.630615234375,20241645,,0,8.12226159513787,8.123262347922285,-0.0010007527844155817,0.0010007527844155817,-0.10002521983490148,Saturday,0,0.010370587804906961,-0.00011218460321593682,0.010482772408122898,-0.010482772408122898
2025-08-24,3371.859071127,,3365.6904296875,18736498,,0,8.121388400731462,8.123219524395155,-0.0018311236636936457,0.0018311236636936457,-0.1829448179587794,Sunday,0,-4.282352712969839e-05,-0.0008731944064077624,0.000830370879278064,-0.000830370879278064
2025-08-25,3364.9436136399,,3350.608154296875,33131986,,0,8.116897146939058,8.121166485219236,-0.004269338280177948,0.004269338280177948,-0.4260237611386921,Monday,1,-0.00205303917591948,-0.004491253792403782,0.002438214616484302,-0.002438214616484302
2025-08-26,3365.090817071,,3386.41357421875,44534364,,0,8.127526697649763,8.121210230443019,0.006316467206744392,0.006316467206744392,0.6336458154288251,Tuesday,0,4.374522378292056e-05,0.01062955071070526,0.01058580548692234,0.01058580548692234
2025-08-27,3391.7103208049,,3393.9462890625,23885459,,0,8.12974862040746,8.129089592558843,0.0006590278486164891,0.0006590278486164891,0.06592450551818214,Wednesday,0,0.007879362115824406,0.002221922757696504,0.0056574393581279026,-0.0056574393581279026
2025-08-28,3395.0588991793,,3416.172119140625,28963701,,0,8.136275939804408,8.13007638864328,0.006199551161127914,0.006199551161127914,0.6218808152762417,Thursday,0,0.0009867960844367474,0.006527319396948172,0.005540523312511425,0.005540523312511425
2025-08-29,3417.3722116379,,3457.297607421875,39134174,,0,8.148242524565056,8.136627175547245,0.011615349017811027,0.011615349017811027,1.1683069127796117,Friday,0,0.006550786903964934,0.011966584760648047,0.005415797856683113,0.005415797856683113
2025-08-30,3448.0023998097,,3458.469482421875,21789913,,0,8.148581424067018,8.145550327783834,0.003031096283184098,0.003031096283184098,0.30356947004308305,Saturday,0,0.008923152236588905,0.0003388995019619756,0.00858425273462693,-0.00858425273462693
2025-08-31,3448.1866848271,,3457.418212890625,33476927,,0,8.148277408274495,8.145603773249201,0.002673635025294274,0.002673635025294274,0.2677212374882687,Sunday,0,5.344546536711903e-05,-0.00030401579252270494,0.00035746125788982397,-0.00035746125788982397
2025-09-01,3443.6898172158,,3489.41943359375,60293640,,0,8.157490649952742,8.144298796803923,0.013191853148818211,0.013191853148818211,1.3279249527450832,Monday,1,-0.0013049764452777168,0.00921324167824622,0.010518218123523937,0.010518218123523937
2025-09-02,3481.2674737869,,3536.10546875,90593801,,0,8.170781250447895,8.155151723063184,0.015629527384710684,0.015629527384710684,1.5752307277741986,Tuesday,0,0.010852926259261153,0.013290600495153626,0.002437674235892473,0.002437674235892473
2025-09-03,3530.2756439223,,3562.3291015625,42687973,,0,8.178169851935008,8.16913123297575,0.009038618959257505,0.009038618959257505,0.907959062499359,Wednesday,0,0.013979509912566357,0.007388601487113178,0.006590908425453179,-0.006590908425453179
2025-09-04,3556.4849836313,,3552.754150390625,43832152,,0,8.17547839869045,8.17652797193249,-0.0010495732420405801,0.0010495732420405801,-0.10490226326966787,Thursday,0,0.007396738956739313,-0.0026914532445587724,0.010088192201298085,-0.010088192201298085
2025-09-05,3551.9347921603,,3588.91015625,48636519,,0,8.185603857747063,8.17524774588057,0.010356111866492768,0.010356111866492768,1.0409921987112727,Friday,0,-0.0012802260519197972,0.01012545905661355,0.011405685108533348,0.011405685108533348
2025-09-06,3586.772270807,,3601.785888671875,53033142,,0,8.189185081623737,8.185007988147763,0.0041770934759739475,0.0041770934759739475,0.41858296906864945,Saturday,0,0.009760242267192965,0.0035812238766741444,0.00617901839051882,-0.00617901839051882
2025-09-07,3586.6783592381,,3598.265380859375,52290696,,0,8.188207169672483,8.184981805052974,0.0032253646195083974,0.0032253646195083974,0.32305717047169435,Sunday,0,-2.6183094789189454e-05,-0.0009779119512547396,0.0009517288564655502,-0.0009517288564655502
2025-09-08,3588.742974587,,3633.60205078125,74055714,,0,8.197979735744918,8.185557273812181,0.01242246193273644,0.01242246193273644,1.2499941208359324,Monday,1,0.0005754687592069985,0.00977256607243504,0.009197097313228042,0.009197097313228042
2025-09-09,3636.915124948,,3638.75634765625,80293031,,0,8.199397239518978,8.198891108159284,0.0005061313596943506,0.0005061313596943506,0.0506259465781798,Tuesday,0,0.01333383434710278,0.001417503774060691,0.011916330573042089,-0.011916330573042089
2025-09-10,3631.1005212082,,3643.322998046875,73394297,,0,8.20065145573181,8.197291055197537,0.0033604005342731114,0.0033604005342731114,0.33660530099034897,Wednesday,0,-0.0016000529617468118,0.001254216212831949,0.0028542691745787607,0.0028542691745787607
2025-09-11,3645.3045743104,,3634.212890625,55399700,,0,8.198147830241025,8.201195200433451,-0.003047370192426513,0.003047370192426513,-0.3042731672839196,Thursday,0,0.0039041452359143136,-0.0025036254907853106,0.006407770726699624,-0.006407770726699624
2025-09-12,3633.046334783,,3647.29248046875,59656022,,0,8.201740385144097,8.197826786002521,0.003913599141576185,0.003913599141576185,0.392126727076298,Friday,0,-0.0033684144309304997,0.003592554903072198,0.006960969334002698,0.006960969334002698
2025-09-13,3643.187658046,,3641.1044921875,30646058,,0,8.200042346524274,8.200614307635204,-0.0005719611109302747,0.0005719611109302747,-0.057179757235373635,Saturday,0,0.002787521632683365,-0.0016980386198230946,0.00448556025250646,-0.00448556025250646
2025-09-14,3643.2288042413,,3641.9169921875,26458275,,0,8.200265468206702,8.200625601580729,-0.0003601333740270718,0.0003601333740270718,-0.03600685337887669,Sunday,0,1.1293945524570859e-05,0.00022312168242777375,0.0002118277369032029,0.0002118277369032029
2025-09-15,3640.7908380227,,3680.20751953125,62074454,,0,8.210724420750024,8.199956200225607,0.01076822052441706,0.01076822052441706,1.0826406476554715,Monday,1,-0.0006694013551218347,0.010458952543322297,0.011128353898444132,0.011128353898444132
2025-09-16,3678.4626380389,,3696.88623046875,61054004,,0,8.215246184989695,8.210250182473898,0.004996002515797571,0.004996002515797571,0.5008503345754304,Tuesday,0,0.01029398224829059,0.0045217642396711,0.00577221800861949,-0.00577221800861949
2025-09-17,3694.8688617144,,3670.505615234375,99023717,,0,8.208084701377857,8.214700342012138,-0.006615640634281661,0.006615640634281661,-0.6593805461534137,Wednesday,0,0.004450159538240683,-0.007161483611838548,0.011611643150079232,-0.011611643150079232
2025-09-18,3663.7162759496,,3641.6748046875,62107750,,0,8.20019896598998,8.206233287192454,-0.006034321202474047,0.006034321202474047,-0.6016151252429356,Thursday,0,-0.00846705481968435,-0.007885735387876736,0.0005813194318076143,0.0005813194318076143
2025-09-19,3638.7546289507,,3684.59130859375,50686915,,0,8.211914891714008,8.199396767185632,0.012518124528375196,0.012518124528375196,1.2596804213827375,Friday,0,-0.006836520006821445,0.011715925724027798,0.018552445730849243,0.018552445730849243
2025-09-20,3685.2324994758,,3685.39453125,35838995,,0,8.212132863003745,8.21208889611367,4.396689007535315e-05,4.396689007535315e-05,0.0043967856634005995,Saturday,0,0.012692128928037505,0.00021797128973766178,0.012474157638299843,-0.012474157638299843
2025-09-21,3685.2583034397,,3687.21142578125,25894801,,0,8.21262574017055,8.212095898079914,0.0005298420906356682,0.0005298420906356682,0.05299824817509235,Sunday,0,7.001966244146729e-06,0.0004928771668044618,0.0004858752005603151,0.0004858752005603151
2025-09-22,3690.027368933,,3753.009765625,96648060,,0,8.230313401216634,8.21338915406208,0.016924247154554095,0.016924247154554095,1.7068273591209617,Monday,1,0.0012932559821656753,0.017687661046084102,0.016394405063918427,0.016394405063918427
2025-09-23,3746.9111401289,,3766.3720703125,99122925,,0,8.23386750155219,8.228687083574908,0.005180417977282303,0.005180417977282303,0.519385954344527,Tuesday,0,0.015297929512827935,0.003554100335556143,0.011743829177271792,-0.011743829177271792
2025-09-24,3759.108790488,,3746.810546875,84273350,,0,8.228660236233063,8.231937184482975,-0.0032769482499119817,0.0032769482499119817,-0.3271584915052042,Wednesday,0,0.0032501009080672105,-0.005207265319127075,0.008457366227194285,-0.008457366227194285
2025-09-25,3747.8829146386,,3746.3671875,74007587,,0,8.228541899422906,8.228946403446285,-0.0004045040233791042,0.0004045040233791042,-0.04044222226580147,Thursday,0,-0.002990781036690038,-0.00011833681015716024,0.0028724442265328776,0.0028724442265328776
2025-09-26,3745.3758653223,,3766.44970703125,68232591,,0,8.233888114470176,8.228277255487177,0.005610858982999289,0.005610858982999289,0.5626629333538637,Friday,0,-0.0006691479591083294,0.005346215047270064,0.006015363006378394,0.006015363006378394
2025-09-27,3759.8324317882,,3765.341064453125,48940293,,0,8.233593724299295,8.23212966937707,0.001464054922225344,0.001464054922225344,0.14651271738471727,Saturday,0,0.0038524138898932136,-0.0002943901708807317,0.004146804060773945,-0.004146804060773945
2025-09-28,3759.7264122284,,3771.05908203125,40603183,,0,8.235111164606122,8.232101471031394,0.0030096935747288,0.0030096935747288,0.3014227249618696,Sunday,0,-2.8198345676244685e-05,0.0015174403068272113,0.001545638652503456,0.001545638652503456
2025-09-29,3774.154589372,,3834.155517578125,112465508,,0,8.251704485531542,8.235931686767385,0.01577279876415716,0.01577279876415716,1.5897845937494821,Monday,1,0.0038302157359915157,0.016593320925419874,0.012763105189428359,0.012763105189428359
2025-09-30,3836.5109235057,,3864.6474609375,107229273,,0,8.259625743649831,8.252318618871767,0.007307124778064278,0.007307124778064278,0.7333886959479787,Tuesday,0,0.016386932104381913,0.007921258118289032,0.008465673986092881,-0.008465673986092881
2025-10-01,3865.0464907117,,3865.514404296875,148026125,,0,8.259850045127115,8.259728989593862,0.0001210555332527008,0.0001210555332527008,0.012106286077015605,Wednesday,0,0.007410370722094939,0.0002243014772833618,0.007186069244811577,-0.007186069244811577
2025-10-02,3858.6826920331,,3864.537109375,90117113,,0,8.259597189133762,8.258081132718493,0.0015160564152694178,0.0015160564152694178,0.15172062097739777,Thursday,0,-0.0016478568753690581,-0.0002528559933523411,0.001395000882016717,0.001395000882016717
2025-10-03,3860.5447691935,,3886.626953125,105854915,,0,8.265296953291804,8.25856358441612,0.00673336887568432,0.00673336887568432,0.6756088969523516,Friday,0,0.000482451697626729,0.005699764158041631,0.005217312460414902,0.005217312460414902
2025-10-04,3886.4835873798,,3893.188232421875,55809552,,0,8.266983697949875,8.265260065679188,0.001723632270687503,0.001723632270687503,0.17251185786159462,Saturday,0,0.006696481263068321,0.001686744658071504,0.005009736604996817,-0.005009736604996817
2025-10-05,3886.7962809578,,3910.59423828125,66011071,,0,8.271444620531822,8.26534051912573,0.0061041014060929655,0.0061041014060929655,0.6122769397521859,Sunday,0,8.045344654128428e-05,0.004460922581946747,0.0043804691354054626,0.0043804691354054626
2025-10-06,3904.3054728602,,3973.341796875,118350798,,0,8.287362782034952,8.269835190593893,0.017527591441059087,0.017527591441059087,1.7682101079100645,Monday,1,0.004494671468163958,0.01591816150313008,0.011423490034966122,0.011423490034966122
2025-10-07,3971.681907996,,3995.60498046875,114710918,,0,8.292950281145542,8.286944938372098,0.006005342773443445,0.006005342773443445,0.6023410994870143,Tuesday,0,0.017109747778205175,0.005587499110589533,0.011522248667615642,-0.011522248667615642
2025-10-08,3996.8137400864,,4019.479736328125,185970896,,0,8.298907754413879,8.293252757697166,0.005654996716712546,0.005654996716712546,0.5671016393482287,Wednesday,0,0.006307819325067854,0.005957473268336955,0.00035034605673089914,-0.00035034605673089914
2025-10-09,4018.1604780968,,3991.200439453125,170736917,,0,8.291847326652334,8.298579484372429,-0.006732157720094278,0.006732157720094278,-0.6709547513255281,Thursday,0,0.00532672667526235,-0.007060427761544474,0.012387154436806824,-0.012387154436806824
2025-10-10,3989.0317582774,,4003.831787109375,192794243,,0,8.29500712834117,8.29130381333709,0.0037033150040812757,0.0037033150040812757,0.37101807478128723,Friday,0,-0.007275671035339215,0.003159801688836339,0.010435472724175554,0.010435472724175554
2025-10-11,4017.3646569934,,4011.318603515625,122140499,,0,8.29687529505516,8.298381408679148,-0.0015061136239875594,0.0015061136239875594,-0.15049800040556313,Saturday,0,0.007077595342058984,0.0018681667139901492,0.005209428628068835,-0.005209428628068835
2025-10-12,4017.1645406493,,4043.25048828125,123000255,,0,8.304804223764426,8.298331594598144,0.006472629166282218,0.006472629166282218,0.6493621898727066,Sunday,0,-4.981408100412921e-05,0.007928928709265648,0.007978742790269777,0.007978742790269777
2025-10-13,4032.6369372606,,4133.6572265625,224054529,,0,8.326917821120055,8.302175767825915,0.024742053294140476,0.024742053294140476,2.50506779741307,Monday,1,0.003844173227770753,0.02211359735562901,0.018269424127858258,0.018269424127858258
2025-10-14,4124.2147495117,,4171.7138671875,437421444,,0,8.336082229681299,8.324630916892563,0.011451312788736345,0.011451312788736345,1.151713006249836,Tuesday,0,0.022455149066647806,0.009164408561243675,0.01329074050540413,-0.01329074050540413
2025-10-15,4169.308966224,,4219.32763671875,348419156,,0,8.34743106654427,8.335505585526699,0.011925481017572181,0.011925481017572181,1.199687307895779,Wednesday,0,0.010874668634135887,0.011348836862971723,0.0004741682288358362,0.0004741682288358362
2025-10-16,4213.6577287963,,4384.61474609375,519012002,,0,8.385857043727398,8.34608636866302,0.03977067506437848,0.03977067506437848,4.057211769459182,Thursday,0,0.010580783136321159,0.03842597718312746,0.0278451940468063,0.0278451940468063
2025-10-17,4360.4106111464,,4238.2734375,618435034,,0,8.351911257157463,8.380321508777158,-0.028410251619694904,0.028410251619694904,-2.801047528280567,Friday,0,0.03423514011413786,-0.03394578656993552,0.06818092668407338,-0.06818092668407338
2025-10-18,4252.018858554,,4236.02880859375,168212695,,0,8.351381507593768,8.355149174671665,-0.0037676670778967747,0.0037676670778967747,-0.37605783257715275,Saturday,0,-0.02517233410549302,-0.0005297495636948923,0.02464258454179813,0.02464258454179813
2025-10-19,4250.7355897938,,4237.00390625,244673498,,0,8.351611672563825,8.354847326893339,-0.0032356543295133378,0.0032356543295133378,-0.32304252414029133,Sunday,0,-0.000301847778326092,0.00023016497005734493,0.0005320127483834369,0.0005320127483834369
2025-10-20,4228.1778456165,,4361.1884765625,375911397,,0,8.380499885565712,8.349526409874748,0.030973475690963426,0.030973475690963426,3.14581448090923,Monday,1,-0.0053209170185901655,0.028888213001886598,0.03420913002047676,0.03420913002047676
2025-10-21,4359.1485013683,,4105.08154296875,378307444,,0,8.319980885993438,8.380032019418664,-0.060051133425226055,0.060051133425226055,-5.8283620830949,Tuesday,0,0.03050560954391557,-0.06051899957227391,0.09102460911618948,-0.09102460911618948
2025-10-22,4010.8951957096,,4090.6533203125,436165385,,0,8.316459972298134,8.296769736211427,0.019690236086706392,0.019690236086706392,1.988536740830727,Wednesday,0,-0.08326228320723672,-0.003520913695304273,0.07974136951193245,0.07974136951193245
2025-10-23,4088.8039144573,,4116.4814453125,179857102,,0,8.322754059334299,8.316007764814524,0.006746294519775375,0.006746294519775375,0.6769102024515565,Thursday,0,0.019238028603096424,0.006294087036165408,0.012943941566931016,-0.012943941566931016
2025-10-24,4130.6286527666,,4112.08642578125,199037363,,0,8.321685824857038,8.32618489053762,-0.004499065680581893,0.004499065680581893,-0.4488960045568515,Friday,0,0.01017712572309648,-0.0010682344772607877,0.011245360200357268,-0.011245360200357268
2025-10-25,4113.311870072,,4112.5390625,102722489,,0,8.32179589350876,8.321983790804884,-0.00018789729612400663,0.00018789729612400663,-0.01878796445323182,Saturday,0,-0.004201099732735969,0.00011006865172191738,0.004311168384457886,0.004311168384457886
2025-10-26,4113.3270975295,,4060.993896484375,175516838,,0,8.309183024726384,8.321987492792429,-0.012804468066045516,0.012804468066045516,-1.2722839639122483,Sunday,0,3.701987544957319e-06,-0.012612868782376552,0.012616570769921509,-0.012616570769921509
2025-10-27,4069.7672052461,,3994.620849609375,268417780,,0,8.29270394746605,8.311341079072557,-0.01863713160650704,0.01863713160650704,-1.846453417282886,Monday,1,-0.010646413719872072,-0.016479077260333597,0.005832663540461525,-0.005832663540461525
2025-10-28,3989.0794959718,,3963.995361328125,327771853,,0,8.285007725249427,8.291315780503973,-0.006308055254546474,0.006308055254546474,-0.6288201242668936,Tuesday,0,-0.020025298568583594,-0.007696222216623028,0.012329076351960566,0.012329076351960566
2025-10-29,3964.5207112509,,3951.881591796875,259463630,,0,8.281947096829041,8.285140246876106,-0.0031931500470641083,0.0031931500470641083,-0.31880573654607564,Wednesday,0,-0.006175533627867935,-0.0030606284203855694,0.0031149052074823658,0.0031149052074823658
2025-10-30,3957.8912039034,,4036.007568359375,255483665,,0,8.303011256684668,8.283466638140302,0.019544618544365733,0.019544618544365733,1.9736865020173942,Thursday,0,-0.0016736087358033558,0.021064159855626485,0.02273776859142984,0.02273776859142984
2025-10-31,4030.3095398636,,3998.32958984375,175578118,,0,8.293631950342741,8.301598460890233,-0.007966510547491978,0.007966510547491978,-0.7934862000930184,Friday,0,0.01813182274993075,-0.009379306341926963,0.02751112909185771,-0.02751112909185771
2025-11-01,4002.7282595817,,4004.068603515625,55731434,,0,8.295066274033491,8.294731472496906,0.0003348015365851609,0.0003348015365851609,0.03348575888748972,Saturday,0,-0.006866988393326778,0.001434323690750361,0.00830131208407714,0.00830131208407714
2025-11-02,4002.8163816061,,3976.466796875,79287235,,0,8.28814896452579,8.294753487744677,-0.006604523218886271,0.006604523218886271,-0.658276129082082,Sunday,0,2.201524777056818e-05,-0.006917309507700864,0.006939324755471432,-0.006939324755471432
2025-11-03,3978.7677040242,,3991.376708984375,199082387,,0,8.29189149021706,8.28872742823119,0.003164061985868827,0.003164061985868827,0.31690729135611156,Monday,1,-0.006026059513486004,0.003742525691269094,0.009768585204755098,0.009768585204755098
2025-11-04,3996.5901093187,,3928.888427734375,210912168,,0,8.276111822040052,8.293196803870243,-0.017084981830191026,0.017084981830191026,-1.6939861164763284,Tuesday,0,0.004469375639052586,-0.015779668177007267,0.020249043816059853,-0.020249043816059853
2025-11-05,3936.5475769172,,3967.58203125,175262407,,0,8.285912127990226,8.278059368647561,0.007852759342664939,0.007852759342664939,0.788367312382489,Wednesday,0,-0.015137435222682072,0.009800305950173893,0.024937741172855965,0.024937741172855965
2025-11-06,3974.9214257407,,3976.656982421875,1637751426,,0,8.288196791153965,8.287760259783802,0.00043653137016264054,0.00043653137016264054,0.043662666384691504,Thursday,0,0.009700891136240841,0.002284663163738543,0.007416227972502298,-0.007416227972502298
2025-11-07,3985.0385711883,,3983.643798828125,18225687641,,0,8.289952206782695,8.29030227027115,-0.00035006348845456614,0.00035006348845456614,-0.03500022233810157,Friday,0,0.0025420104873479232,0.0017554156287307165,0.0007865948586172067,-0.0007865948586172067
2025-11-08,4001.0658839515,,3984.7041015625,17257607836,,0,8.290218335409076,8.294316075592814,-0.004097740183738097,0.004097740183738097,-0.40893559025428583,Saturday,0,0.004013805321664066,0.00026612862638053514,0.0037476766952835305,-0.0037476766952835305
2025-11-09,4001.112309222,,3997.04150390625,18709876807,,0,8.293309742421798,8.2943276787512,-0.0010179363294025023,0.0010179363294025023,-0.10174184079680515,Sunday,0,1.1603158386108703e-05,0.003091407012721703,0.0030798038543355943,0.0030798038543355943
2025-11-10,4014.3923996312,,4106.6318359375,12491021283,,0,8.320358466874707,8.297641282333961,0.02271718454074545,0.02271718454074545,2.29771848698134,Monday,1,0.0033136035827610044,0.027048724452908957,0.023735120870147952,0.023735120870147952
2025-11-11,4119.3405924353,,4123.673828125,11007972343,,0,8.324499750865673,8.323448379154362,0.0010513717113109777,0.0010513717113109777,0.1051924596295193,Tuesday,0,0.025807096820400943,0.004141283990966471,0.021665812829434472,-0.021665812829434472
2025-11-12,4143.6881891212,,4170.6904296875,10842751309,,0,8.335836871756001,8.329341537170418,0.006495334585583379,0.006495334585583379,0.6516475017881834,Wednesday,0,0.005893158016055722,0.011337120890328123,0.005443962874272401,0.005443962874272401
2025-11-13,4187.7432293614,,4163.1376953125,18026940607,,0,8.33402432262984,8.339917259070093,-0.005892936440252683,0.005892936440252683,-0.5875607147158427,Thursday,0,0.010575721899675372,-0.0018125491261606896,0.012388271025836062,-0.012388271025836062
2025-11-14,4184.8410827523,,4064.120849609375,15839002221,,0,8.309952725432673,8.339224009144589,-0.029271283711915785,0.029271283711915785,-2.884702925529721,Friday,0,-0.0006932499255043467,-0.02407159719716745,0.023378347271663102,-0.023378347271663102
2025-11-15,4082.0091975831,,4074.082763671875,204076937,,0,8.312400911669227,8.314344596572322,-0.0019436849030949332,0.0019436849030949332,-0.1941797170843768,Saturday,0,-0.024879412572266446,0.002448186236554406,0.027327598808820852,0.027327598808820852
2025-11-16,4082.9391936032,,4078.846923828125,14501752818,,0,8.313569610745786,8.314572398630478,-0.0010027878846923244,0.0010027878846923244,-0.10022852609429506,Sunday,0,0.00022780205815564614,0.001168699076558255,0.0009408970184026089,0.0009408970184026089
2025-11-17,4085.7868142671,,4014.0126953125,12060490074,,0,8.297546692109753,8.315269599338766,-0.01772290722901282,0.01772290722901282,-1.756678021084531,Monday,1,0.0006972007082879372,-0.016022918636032557,0.016720119344320494,-0.016720119344320494
2025-11-18,4038.0953919274,,4053.261962890625,17037484030,,0,8.307277258857544,8.3035284221518,0.0037488367057445515,0.0037488367057445515,0.3755872383189471,Tuesday,0,-0.011741177186966212,0.009730566747791158,0.02147174393475737,0.02147174393475737
2025-11-19,4073.9619646763,,4082.071533203125,7498909277,,0,8.314359867273845,8.312371260630332,0.00198860664351308,0.00198860664351308,0.19905852330335802,Wednesday,0,0.0088428384785324,0.007082608416300928,0.0017602300622314715,-0.0017602300622314715
2025-11-20,4104.9858336939,,4060.83154296875,12345954250,,0,8.30914304516345,8.319957570892486,-0.010814525729035296,0.010814525729035296,-1.0756258977248914,Thursday,0,0.007586310262153617,-0.005216822110394759,0.012803132372548376,-0.012803132372548376
2025-11-21,4079.6294717329,,4054.76513671875,3165942438,,0,8.307648045443944,8.313761447522467,-0.006113402078522512,0.006113402078522512,-0.6094753257968922,Friday,0,-0.00619612337001918,-0.0014949997195063958,0.004701123650512784,0.004701123650512784
2025-11-22,4064.9216770891,,4048.323486328125,3309234790,,0,8.306058120404924,8.31014975416753,-0.004091633762605795,0.004091633762605795,-0.4083274434173313,Saturday,0,-0.003611693354937273,-0.0015899250390205566,0.0020217683159167166,0.0020217683159167166
2025-11-23,4065.1414526946,,4055.626220703125,11198289067,,0,8.307860386365524,8.310203819087333,-0.0023434327218083695,0.0023434327218083695,-0.23406890269876898,Sunday,0,5.406491980330941e-05,0.0018022659606007352,0.0017482010407974258,0.0017482010407974258
2025-11-24,4056.4281608601,,4122.298828125,15518572754,,0,8.324166254728818,8.30805810204194,0.016108152686877375,0.016108152686877375,1.623858839667783,Monday,1,-0.002145717045392459,0.016305868363293285,0.018451585408685744,0.018451585408685744
2025-11-25,4127.8817774659,,4113.74072265625,15997377406,,0,8.322088045051421,8.325519667571518,-0.0034316225200967665,0.0034316225200967665,-0.34257412329117765,Tuesday,0,0.017461565529577783,-0.0020782096773963588,0.01953977520697414,-0.01953977520697414
2025-11-26,4141.0148053702,,4152.1162109375,15898123364,,0,8.331373413600833,8.328696158851951,0.0026772547488818077,0.0026772547488818077,0.2680841795809021,Wednesday,0,0.003176491280433069,0.009285368549411643,0.006108877268978574,0.006108877268978574
2025-11-27,4157.9073418665,,4148.23193359375,15979060687,,0,8.330437482345985,8.332767183866268,-0.0023297015202832227,0.0023297015202832227,-0.23269898718827436,Thursday,0,0.004071025014317442,-0.0009359312548475884,0.0050069562691650304,-0.0050069562691650304
2025-11-28,4178.3329203748,,4211.39404296875,16404047697,,0,8.345548998462018,8.337667623090965,0.007881375371052712,0.007881375371052712,0.7912515164297756,Friday,0,0.00490043922469674,0.015111516116032675,0.010211076891335935,0.010211076891335935
2025-11-29,4216.8631514052,,4218.1611328125,17079273334,,0,8.347154561544846,8.346846801573136,0.00030775997170984226,0.00030775997170984226,0.030780733466939745,Saturday,0,0.009179178482170869,0.0016055630828279988,0.00757361539934287,-0.00757361539934287
2025-11-30,4222.7696808515,,4220.60107421875,15307719136,,0,8.347732831536199,8.348246514221312,-0.0005136826851135368,0.0005136826851135368,-0.05135507727508617,Sunday,0,0.0013997126481761768,0.0005782699913527978,0.000821442656823379,-0.000821442656823379
2025-12-01,4230.2580203577,,4226.07568359375,16579471771,,0,8.349029107053438,8.350018267900534,-0.0009891608470962154,0.0009891608470962154,-0.0988671788771004,Monday,1,0.001771753679221888,0.0012962755172392093,0.00047547816198267867,-0.00047547816198267867
2025-12-02,4202.909758484,,4206.404296875,17637974195,,0,8.344363475483986,8.343532364035621,0.0008311114483650073,0.0008311114483650073,0.08314569171859562,Tuesday,0,-0.006485903864913212,-0.004665631569451989,0.0018202722954612227,0.0018202722954612227
2025-12-03,4216.5804375967,,4203.083984375,16557245485,,0,8.343573816812379,8.346779755696652,-0.0032059388842728964,0.0032059388842728964,-0.32008053496051625,Wednesday,0,0.0032473916610307185,-0.0007896586716071852,0.004037050332637904,-0.004037050332637904
2025-12-04,4212.299915754,,4201.86376953125,16857156293,,0,8.343283460491781,8.345764075788706,-0.002480615296924782,0.002480615296924782,-0.24775411132808065,Thursday,0,-0.0010156799079457102,-0.00029035632059759564,0.0007253235873481145,0.0007253235873481145
2025-12-05,4196.7257145975,,4202.4736328125,15913909203,,0,8.343428591095925,8.342059908469274,0.001368682626651463,0.001368682626651463,0.1369619700188412,Friday,0,-0.003704167319432017,0.00014513060414422796,0.003849297923576245,0.003849297923576245
2025-12-06,4197.722819325,,4203.376953125,15511453574,,0,8.343643517665638,8.342297471360549,0.0013460463050893878,0.0013460463050893878,0.13469526320246458,Saturday,0,0.00023756289127518926,0.0002149265697131142,2.2636321562075068e-05,-2.2636321562075068e-05
2025-12-07,4197.7457265899,,4203.8076171875,15937057621,,0,8.343745969100903,8.342302928415096,0.0014430406858068068,0.0014430406858068068,0.14440823700210823,Sunday,0,5.457054546909035e-06,0.00010245143526432798,9.699438071741895e-05,9.699438071741895e-05
2025-12-08,4204.9191667364,,4194.49462890625,15289518087,,0,8.341528141776827,8.344010349091818,-0.002482207314990603,0.002482207314990603,-0.24791291857914932,Monday,1,0.0017074206767215827,-0.0022178273240758273,0.00392524800079741,-0.00392524800079741
2025-12-09,4196.4474554421,,4207.70947265625,16733836456,,0,8.344673710364917,8.341993602401267,0.002680107963650258,0.002680107963650258,0.26837026636767863,Tuesday,0,-0.0020167466905505194,0.0031455685880903417,0.005162315278640861,0.005162315278640861
2025-12-10,4214.2668102889,,4231.111328125,17072546987,,0,8.350219962859128,8.346230907568378,0.003989055290750443,0.003989055290750443,0.39970221617138424,Wednesday,0,0.004237305167110961,0.005546252494211146,0.001308947327100185,0.001308947327100185
2025-12-11,4242.5625756767,,4274.10986328125,16570729960,,0,8.360331140574754,8.352922746717153,0.007408393857600615,0.007408393857600615,0.7435903900490556,Thursday,0,0.006691839148775358,0.01011117771562553,0.003419338566850172,0.003419338566850172
2025-12-12,4274.3646263842,,4300.9287109375,16681389687,,0,8.366586257649276,8.360390744917806,0.006195512731469677,0.006195512731469677,0.62147446170897,Friday,0,0.007467998200652914,0.006255117074521976,0.001212881126130938,-0.001212881126130938
2025-12-13,4299.9249233108,,4305.86279296875,15464838481,,0,8.367732813266322,8.366352841834068,0.0013799714322537682,0.0013799714322537682,0.13809240309660434,Saturday,0,0.0059620969162619275,0.001146555617046019,0.0048155412992159086,-0.0048155412992159086
2025-12-14,4299.6272653124,,4309.61962890625,13603338856,,0,8.368604926049253,8.366283615439022,0.0023213106102311087,0.0023213106102311087,0.23240069376395806,Sunday,0,-6.922639504658434e-05,0.0008721127829307562,0.0009413391779773406,0.0009413391779773406
2025-12-15,4310.859529349,,4308.19091796875,149581120,,0,8.368273354371546,8.36889258997803,-0.0006192356064840254,0.0006192356064840254,-0.06190439196827143,Monday,1,0.002608974539008102,-0.0003315716777070321,0.002940546216715134,-0.002940546216715134
2025-12-16,4304.7245643511,,4309.6533203125,146414464,,0,8.368612743740245,8.36746843440875,0.0011443093314955632,0.0011443093314955632,0.11449643032256007,Tuesday,0,-0.0014241555692802166,0.0003393893686993721,0.0017635449379795887,0.0017635449379795887
2025-12-17,4317.7874275529,,4343.00927734375,154716879,,0,8.37632276869274,8.370498380486593,0.0058243882061468355,0.0058243882061468355,0.5841382933745819,Wednesday,0,0.0030299460778433485,0.007710024952494621,0.004680078874651272,0.004680078874651272
2025-12-18,4330.1646631716,,4335.9130859375,119030528,,0,8.374687498162471,8.37336084871957,0.0013266494429018394,0.0013266494429018394,0.13275298315536366,Thursday,0,0.002862468232976312,-0.0016352705302686843,0.004497738763244996,-0.004497738763244996
2025-12-19,4326.150193552,,4339.990234375,104238730,,0,8.375627376947909,8.372433324715683,0.003194052232226241,0.003194052232226241,0.3199158652334391,Friday,0,-0.0009275240038864041,0.0009398787854379975,0.0018674027893244016,0.0018674027893244016
2025-12-20,4338.8691518552,,4343.908203125,43963061,,0,8.376529729513187,8.375369029053067,0.0011607004601206228,0.0011607004601206228,0.11613743335970059,Saturday,0,0.002935704337383882,0.0009023525652782638,0.0020333517721056182,-0.0020333517721056182
2025-12-21,4338.9293952053,,4355.38330078125,54941864,,0,8.37916789937026,8.375382913530743,0.003784985839518029,0.003784985839518029,0.3792157944338045,Sunday,0,1.3884477676029405e-05,0.0026381698570734358,0.0026242853793974064,0.0026242853793974064
2025-12-22,4365.8037073532,,4464.044921875,148590472,,0,8.403810567154554,8.381557576720624,0.022252990433930364,0.022252990433930364,2.2502435085740466,Monday,1,0.0061746631898813575,0.024642667784293693,0.018468004594412335,0.018468004594412335
2025-12-23,4484.216454922,,4510.98828125,168432067,,0,8.414271539588572,8.408319055757111,0.005952483831460853,0.005952483831460853,0.5970235067179869,Tuesday,0,0.0267614790364874,0.01046097243401789,0.01630050660246951,-0.01630050660246951
2025-12-24,4512.7596021371,,4481.39892578125,156400609,,0,8.407690536884985,8.414664130545843,-0.006973593660857702,0.006973593660857702,-0.6949334580330542,Wednesday,0,0.006345074788731253,-0.006581002703587302,0.012926077492318555,-0.012926077492318555
2025-12-25,4479.5883079161,,4498.24169921875,79280437,,0,8.41144186589524,8.407286425631934,0.004155440263305721,0.004155440263305721,0.416408607676878,Thursday,0,-0.007377704913908545,0.003751329010254878,0.011129033924163423,0.011129033924163423
2025-12-26,4514.8255584275,,4536.501953125,180930939,,0,8.419911499145247,8.415121829097497,0.004789670047749439,0.004789670047749439,0.4801158852535947,Friday,0,0.007835403465563218,0.008469633250006936,0.0006342297844437184,0.0006342297844437184
2025-12-27,4533.6998980824,,4543.439453125,67381150,,0,8.42143959300391,8.419293639658168,0.002145953345742413,0.002145953345742413,0.21482575515682964,Saturday,0,0.004171810560670508,0.0015280938586634818,0.0026437167020070262,-0.0026437167020070262
2025-12-28,4533.6012389425,,4535.671875,76150602,,0,8.41972850482811,8.419271878135437,0.000456626692672657,0.000456626692672657,0.045673096251037826,Sunday,0,-2.1761522731367222e-05,-0.0017110881758011232,0.001689326653069756,-0.001689326653069756
2025-12-29,4513.2239718989,,4347.04736328125,418356934,,0,8.377252126554291,8.414767026758405,-0.037514900204113744,0.037514900204113744,-3.681993396568196,Monday,1,-0.004504851377031827,-0.04247637827381823,0.0379715268967864,-0.0379715268967864
2025-12-30,4333.7001088192,,4343.80078125,213072426,,0,8.37650499989225,8.374176984690498,0.002328015201751299,0.002328015201751299,0.23307271332053603,Tuesday,0,-0.040590042067906396,-0.000747126662041353,0.03984291540586504,0.03984291540586504
2025-12-31,4354.1471727869,,4323.82275390625,162010737,,0,8.371895186685412,8.378884042965739,-0.0069888562803264165,0.0069888562803264165,-0.6964491019085348,Wednesday,0,0.004707058275240428,-0.004609813206837288,0.009316871482077715,-0.009316871482077715
2026-01-01,4318.5500727244,,4349.37451171875,108864469,,0,8.377787323334415,8.370674993587564,0.007112329746851387,0.007112329746851387,0.713768243398051,Thursday,0,-0.008209049378175237,0.005892136649002566,0.014101186027177803,0.014101186027177803
2026-01-02,4350.4817723515,,4339.69482421875,204119275,,0,8.375559307621806,8.378041870214863,-0.002482562593057125,0.002482562593057125,-0.24794835830145956,Friday,0,0.007366876627299845,-0.0022280157126086664,0.009594892339908512,-0.009594892339908512
2026-01-03,4331.9072694602,,4339.0361328125,123811408,,0,8.37540751321528,8.37376320194999,0.001644311265289744,0.001644311265289744,0.16456638863343648,Saturday,0,-0.004278668264873886,-0.00015179440652701714,0.004126873858346869,0.004126873858346869
2026-01-04,4331.9091460031,,4371.8212890625,154654830,,0,8.382934972217262,8.373763635140817,0.00917133707644524,0.00917133707644524,0.9213522655761397,Sunday,0,4.3319082720927327e-07,0.007527459001982706,0.007527025811155497,0.007527025811155497
2026-01-05,4402.6970922387,,4431.62890625,220950324,,0,8.396522494382262,8.389972607622399,0.006549886759863455,0.006549886759863455,0.6571384177735627,Monday,1,0.01620897248158215,0.013587522165000365,0.002621450316581786,-0.002621450316581786
2026-01-06,4440.5328284151,,4487.07568359375,232520032,,0,8.408956473137888,8.398529654625875,0.010426818512012659,0.010426818512012659,1.0481367209092751,Tuesday,0,0.00855704700347637,0.012433978755625574,0.003876931752149204,0.003876931752149204
2026-01-07,4472.22791189,,4456.39013671875,137454309,,0,8.402094330898166,8.405641977733532,-0.003547646835366791,0.003547646835366791,-0.35413613713967584,Wednesday,0,0.0071123231076573035,-0.0068621422397221465,0.01397446534737945,-0.01397446534737945
2026-01-08,4457.8178981389,,4465.7255859375,125364006,,0,8.404186985357212,8.402414664780162,0.0017723205770501238,0.0017723205770501238,0.17738920654209092,Thursday,0,-0.0032273129533706424,0.0020926544590462726,0.005319967412416915,0.005319967412416915
2026-01-09,4458.8554653083,,4491.9248046875,119037863,,0,8.41003657588908,8.402647389952833,0.0073891859362476,0.0073891859362476,0.7416553336723446,Friday,0,0.00023272517267081128,0.005849590531868287,0.005616865359197476,0.005616865359197476
2026-01-10,4509.5950654207,,4501.443359375,48581984,,0,8.412153370858018,8.413962642527965,-0.0018092716699467104,0.0018092716699467104,-0.1807635924610332,Saturday,0,0.011315252575132106,0.0021167949689377963,0.00919845760619431,-0.00919845760619431
2026-01-11,4509.6052336675,,4529.7861328125,62081939,,0,8.418430006062922,8.41396489732805,0.004465108734871492,0.004465108734871492,0.4475092186414593,Sunday,0,2.2548000853106487e-06,0.0062766352049035135,0.006274380404818203,0.006274380404818203
2026-01-12,4581.5362257488,,4590.13916015625,308095184,,0,8.431665620711836,8.429789641336532,0.0018759793753044818,0.0018759793753044818,0.1877740125484743,Monday,1,0.015824744008481773,0.013235614648914762,0.0025891293595670106,-0.0025891293595670106
2026-01-13,4594.6655014595,,4592.029296875,169732864,,0,8.43207731796054,8.432651235939689,-0.0005739179791497406,0.0005739179791497406,-0.05737533197275127,Tuesday,0,0.002861594603157158,0.0004116972487029358,0.0024498973544542224,-0.0024498973544542224
2026-01-14,4615.7993272011,,4609.82666015625,182788562,,0,8.43594553444998,8.437240333932957,-0.0012947994829772824,0.0012947994829772824,-0.12939615917990055,Wednesday,0,0.004589097993267899,0.003868216489440357,0.0007208815038275418,-0.0007208815038275418
2026-01-15,4613.9699012287,,4602.20654296875,143026643,,0,8.434291150720028,8.436843915354967,-0.0025527646349381428,0.0025527646349381428,-0.2549509102089619,Thursday,0,-0.00039641857799033176,-0.001654383729951192,0.0012579651519608603,-0.0012579651519608603
2026-01-16,4602.7821977272,,4591.96484375,125021086,,0,8.432063281992308,8.434416225236776,-0.0023529432444675535,0.0023529432444675535,-0.23501772433510232,Friday,0,-0.002427690118190995,-0.0022278687277204057,0.00019982139047058922,0.00019982139047058922
2026-01-17,4596.4944375523,,4598.51220703125,44548554,,0,8.433488096907295,8.43304921315455,0.00043888375274470093,0.00043888375274470093,0.04389800763088598,Saturday,0,-0.0013670120822251164,0.001424814914987138,0.0027918269972122545,0.0027918269972122545
2026-01-18,4596.380350474,,4669.421875,97176105,,0,8.448790547496435,8.433024392392616,0.015766155103818846,0.015766155103818846,1.5891096679687904,Sunday,0,-2.4820761934662983e-05,0.015302450589139482,0.015327271351074145,0.015327271351074145
2026-01-19,4666.4775187779,,4664.86181640625,125983524,,0,8.44781349149358,8.448159787417405,-0.00034629592382451335,0.00034629592382451335,-0.03462359703112294,Monday,1,0.015135395024788778,-0.0009770560028545816,0.01611245102764336,-0.01611245102764336
2026-01-20,4670.5379198638,,4778.5302734375,202501603,,0,8.47188830402937,8.449029530295853,0.022858773733517523,0.022858773733517523,2.3122037638193293,Tuesday,0,0.0008697428784483208,0.024074812535790358,0.023205069657342037,0.023205069657342037
2026-01-21,4803.1662471901,,4792.63134765625,422260073,,0,8.474834881462598,8.477030614263823,-0.002195732801224537,0.002195732801224537,-0.21933239433494495,Wednesday,0,0.028001083967970075,0.002946577433228015,0.02505450653474206,-0.02505450653474206
2026-01-22,4785.5132941559,,4955.705078125,216570613,,0,8.508294732932557,8.473348569639814,0.03494616329274258,0.03494616329274258,3.556395594531915,Thursday,0,-0.0036820446240088955,0.033459851469958224,0.03714189609396712,0.03714189609396712
2026-01-23,4947.051705595,,4988.65087890625,270305006,,0,8.514920787241726,8.506547063082326,0.008373724159399742,0.008373724159399742,0.8408881852640011,Friday,0,0.033198493442512245,0.006626054309169405,0.02657243913334284,-0.02657243913334284
2026-01-24,4985.7830396624,,5022.49462890625,318594472,,0,8.521682027282097,8.514345749230287,0.007336278051809586,0.007336278051809586,0.7363254468115696,Saturday,0,0.007798686147960865,0.0067612400403707085,0.0010374461075901564,-0.0010374461075901564
2026-01-25,4985.5816977302,,5038.33837890625,393769492,,0,8.524831619981848,8.51430536520312,0.010526254778728372,0.010526254778728372,1.0581850699602116,Sunday,0,-4.038402716766143e-05,0.0031495926997511248,0.003189976726918786,0.003189976726918786
2026-01-26,5057.8056608984,,5046.427734375,575903453,,0,8.526435892626912,8.528688004368076,-0.002252111741164242,0.002252111741164242,-0.22495776402327697,Monday,1,0.014382639164956856,0.001604272645064242,0.012778366519892614,-0.012778366519892614
2026-01-27,5063.6423893708,,5171.466796875,374983287,,0,8.550911640392142,8.529841343117711,0.02107029727443077,0.02107029727443077,2.129384328769678,Tuesday,0,0.001153338749634969,0.024475747765229983,0.023322409015595014,0.023322409015595014
2026-01-28,5185.9258122197,,5521.54345703125,786015289,,0,8.616412711968076,8.553703660600934,0.06270905136714156,0.06270905136714156,6.471701620195332,Wednesday,0,0.023862317483223094,0.06550107157593388,0.041638754092710784,0.041638754092710784
2026-01-29,5477.7892080979,,5438.201171875,1744418104,,0,8.60120361823288,8.608456869363401,-0.007253251130521221,0.007253251130521221,-0.7227009787886027,Thursday,0,0.0547532087624667,-0.015209093735196078,0.06996230249766278,-0.06996230249766278
2026-01-30,5335.0775480197,,4885.9111328125,2027862135,,0,8.494111063525489,8.582058699341495,-0.08794763581600584,0.08794763581600584,-8.419116895009775,Friday,0,-0.026398170021906253,-0.10709255470739087,0.08069438468548462,-0.08069438468548462
2026-01-31,4890.3533867164,,4803.951171875,652947719,,0,8.477194019092225,8.495019847079936,-0.017825827987710596,0.017825827987710596,-1.7667887780071847,Saturday,0,-0.08703885226155883,-0.016917044433263584,0.07012180782829525,0.07012180782829525
2026-02-01,4892.3320034344,,4733.9833984375,693772430,,0,8.462522283189347,8.495424361109789,-0.03290207792044164,0.03290207792044164,-3.23666923842739,Sunday,0,0.0004045140298529759,-0.01467173590287807,0.015076249932731045,-0.015076249932731045
2026-02-02,4636.466270867,,4762.92431640625,1852920119,,0,8.468617110774604,8.441707775516743,0.026909335257860434,0.026909335257860434,2.727466094897366,Monday,1,-0.05371658559304571,0.006094827585256368,0.059811413178302075,0.059811413178302075
2026-02-03,4822.6704090589,,4931.5078125,1199046218,,0,8.503400064596383,8.48108308040418,0.022316984192203293,0.022316984192203293,2.2567870953125855,Tuesday,0,0.0393753048874359,0.03478295382177876,0.004592351065657141,-0.004592351065657141
2026-02-04,5040.9044189072,,4993.1767578125,1103801150,,0,8.515827610998079,8.525340793162385,-0.009513182164306855,0.009513182164306855,-0.9468074997749478,Wednesday,0,0.044257712758206225,0.012427546401696077,0.03183016635651015,-0.03183016635651015
2026-02-05,4979.8787997098,,4657.9794921875,1076244469,,0,8.446337047726887,8.513160832314869,-0.06682378458798155,0.06682378458798155,-6.463998833486836,Thursday,0,-0.012179960847516824,-0.06949056327119152,0.057310602423674695,-0.057310602423674695
2026-02-06,4758.2477086658,,4906.1796875,930762929,,0,8.498250850217834,8.467634751018005,0.030616099199828994,0.030616099199828994,3.108959177656594,Friday,0,-0.0455260812968632,0.05191380249094735,0.09743988378781054,0.09743988378781054
2026-02-07,4954.1714371209,,4952.9716796875,269413922,,0,8.507743014761978,8.507985215248056,-0.00024220048607759281,0.00024220048607759281,-0.02421711579075358,Saturday,0,0.040350464230050065,0.009492164544143478,0.030858299685906587,-0.030858299685906587
2026-02-08,4953.0083334365,,5012.953125,321122055,,0,8.519780466531575,8.50775041508965,0.012030051441925593,0.012030051441925593,1.2102703554691807,Sunday,0,-0.0002348001584060455,0.01203745176959714,0.012272251928003186,0.012272251928003186
2026-02-09,4967.8949787002,,5012.92236328125,487905876,,0,8.519774330066229,8.51075148383677,0.009022846229457926,0.009022846229457926,0.9063674810780871,Monday,1,0.0030010687471211384,-6.1364653465290075e-06,0.0030072052124676674,-0.0030072052124676674
2026-02-10,5032.3783221245,,5012.7080078125,359189301,,0,8.51973156857177,8.523647978806244,-0.003916410234474199,0.003916410234474199,-0.3908751101943417,Tuesday,0,0.012896494969472982,-4.276149445914257e-05,0.012939256463932125,-0.012939256463932125
2026-02-11,5044.9479638842,,5036.00830078125,537311198,,0,8.524369043451452,8.526142618340899,-0.0017735748894462944,0.0017735748894462944,-0.17720030349069343,Wednesday,0,0.0024946395346550077,0.004637474879682912,0.0021428353450279047,0.0021428353450279047
2026-02-12,5049.887841991,,4891.4892578125,791363442,,0,8.49525208780236,8.527121312516037,-0.03186922471367737,0.03186922471367737,-3.1366752913080247,Thursday,0,0.000978694175138628,-0.029116955649092446,0.030095649824231074,-0.030095649824231074
2026-02-13,4952.2945466323,,5012.93896484375,465279479,,0,8.519777641814109,8.507606292933248,0.012171348880860577,0.012171348880860577,1.2245721178416178,Friday,0,-0.019515019582788895,0.02452555401174905,0.044040573594537946,0.044040573594537946
2026-02-14,5042.3303634007,,4993.18115234375,168101866,,0,8.515828491104978,8.525623627894253,-0.00979513678927546,0.00979513678927546,-0.9747320686025428,Saturday,0,0.018017334961005105,-0.003949150709130933,0.021966485670136038,-0.021966485670136038
2026-02-15,5042.4396936819,,4991.9775390625,208406999,,0,8.515587410652623,8.525645310149889,-0.010057899497265765,0.010057899497265765,-1.0007487979009166,Sunday,0,2.1682255635369074e-05,-0.00024108045235493591,0.000262762707990305,-0.000262762707990305
2026-02-16,5021.6231091078,,4966.58544921875,252498076,,0,8.510487850625445,8.521508488933907,-0.011020638308462338,0.011020638308462338,-1.0960133545113548,Monday,1,-0.004136821215981357,-0.0050995600271779296,0.0009627388111965729,-0.0009627388111965729
2026-02-17,4946.8755039629,,4841.33740234375,446975481,,0,8.484946284338859,8.506511444944374,-0.021565160605515388,0.021565160605515388,-2.1334295058487878,Tuesday,0,-0.014997043989533054,-0.025541566286586104,0.01054452229705305,-0.01054452229705305
2026-02-18,4888.2473335833,,4952.15966796875,307331921,,0,8.50757905697241,8.494589099731536,0.012989957240874261,0.012989957240874261,1.3074693243600528,Wednesday,0,-0.011922345212838081,0.022632772633551568,0.03455511784638965,0.03455511784638965
2026-02-19,4963.8384369866,,4975.52099609375,271361807,,0,8.512285366942555,8.509934598854182,0.0023507680883732007,0.0023507680883732007,0.23535333100491268,Thursday,0,0.015345499122645379,0.004706309970144318,0.01063918915250106,-0.01063918915250106
2026-02-20,5013.6471475356,,5084.15087890625,357856541,,0,8.533883309073204,8.519918902794684,0.013964406278519803,0.013964406278519803,1.4062364042771756,Friday,0,0.009984303940502315,0.021597942130648917,0.011613638190146602,0.011613638190146602
2026-02-21,5107.1766557084,,5105.29931640625,158991444,,0,8.538034360889037,8.538402016945888,-0.00036765605685040725,0.00036765605685040725,-0.03675884796449784,Saturday,0,0.01848311415120385,0.00415105181583364,0.01433206233537021,-0.01433206233537021
2026-02-22,5107.0305936668,,5151.5810546875,311701792,,0,8.54705894745284,8.538373417165593,0.008685530287246834,0.008685530287246834,0.872335894677167,Sunday,0,-2.8599780295124333e-05,0.009024586563802117,0.009053186344097242,0.009053186344097242
2026-02-23,5148.0767042837,,5214.5078125,473518038,,0,8.559199983786245,8.546378468427024,0.012821515359220825,0.012821515359220825,1.2904063407024067,Monday,1,0.008005051261431362,0.012141036333405353,0.004135985071973991,0.004135985071973991
2026-02-24,5189.5563292607,,5136.41259765625,564158824,,0,8.544110176577787,8.554403486814245,-0.010293310236457742,0.010293310236457742,-1.0240515418400151,Tuesday,0,0.008025018387220584,-0.015089807208457984,0.023114825595678568,-0.023114825595678568
2026-02-25,5170.1763547155,,5146.208984375,386217893,,0,8.546015603049925,8.550662078084242,-0.0046464750343169214,0.0046464750343169214,-0.4635696869148386,Wednesday,0,-0.0037414087300025045,0.0019054264721383163,0.005646835202140821,0.005646835202140821
2026-02-26,5189.7556299767,,5165.8515625,353923471,,0,8.549825239696705,8.554441890268501,-0.004616650571795944,0.004616650571795944,-0.46060102211031345,Thursday,0,0.003779812184259157,0.0038096366467801346,2.982446252097759e-05,2.982446252097759e-05
2026-02-27,5177.3072410855,,5260.37890625,428332745,,0,8.567958338546076,8.552040362462824,0.015917976083251517,0.015917976083251517,1.604534196952209,Friday,0,-0.0024015278056772615,0.0181330988493702,0.02053462665504746,0.02053462665504746
2026-02-28,5278.7886658073,,5304.05517578125,1660246432,,0,8.57622693448528,8.571451931024983,0.004775003460297356,0.004775003460297356,0.4786421956539085,Saturday,0,0.019411568562158976,0.008268595939204815,0.011142972622954161,-0.011142972622954161
2026-03-01,5277.7829089556,,5363.00634765625,1009365605,,0,8.587279982583986,8.571261384909207,0.016018597674779755,0.016018597674779755,1.6147583212647654,Sunday,0,-0.00019054611577651315,0.011053048098705887,0.0112435942144824,0.0112435942144824
2026-03-02,5336.1394311889,,5309.54541015625,1145383987,,0,8.577261500431161,8.582257717536848,-0.00499621710568654,0.00499621710568654,-0.4983756773148007,Monday,1,0.010996332627641436,-0.010018482152824859,0.021014814780466295,-0.021014814780466295
2026-03-03,5363.1352030295,,5101.2900390625,1343447312,,0,8.537248735562038,8.58730400900069,-0.05005527343865168,0.05005527343865168,-4.882315176747557,Tuesday,0,0.005046291463841612,-0.04001276486912353,0.04505905633296514,-0.04505905633296514
2026-03-04,5160.7256393107,,5129.16748046875,638726246,,0,8.542698640486243,8.548832476361842,-0.006133835875598237,0.006133835875598237,-0.611506230859525,Wednesday,0,-0.03847153263884806,0.005449904924205384,0.043921437563053445,0.043921437563053445
2026-03-05,5180.9981711076,,5066.30126953125,897898839,,0,8.530366297709966,8.552753013814842,-0.02238671610487586,0.02238671610487586,-2.21379930639562,Thursday,0,0.00392053745300025,-0.012332342776277372,0.016252880229277622,-0.016252880229277622
2026-03-06,5082.6799548251,,5139.43017578125,727815076,,0,8.544697491560758,8.533593951629284,0.01110353993147406,0.01110353993147406,1.1165413022371322,Friday,0,-0.019159062185558184,0.014331193850791735,0.03349025603634992,0.03349025603634992
2026-03-07,5171.9197855929,,5143.76611328125,374611459,,0,8.545540797014642,8.550999230412021,-0.005458433397379281,0.005458433397379281,-0.5443563218067613,Saturday,0,0.017405278782737454,0.0008433054538841134,0.01656197332885334,-0.01656197332885334
2026-03-08,5171.8743131104,,5041.90234375,489890311,,0,8.525538739006148,8.550990438187029,-0.025451699180880638,0.025451699180880638,-2.5130535177726343,Sunday,0,-8.792224992504316e-06,-0.02000205800849386,0.019993265783501357,-0.019993265783501357
2026-03-09,5064.4450634322,,5107.20458984375,621071006,,0,8.53840748651564,8.52999984768569,0.008407638829948993,0.008407638829948993,0.8443082287592526,Monday,1,-0.02099059050133789,0.01286874750949174,0.03385933801082963,0.03385933801082963
2026-03-10,5144.0884906679,,5157.2734375,569559251,,0,8.548163315235964,8.545603468465428,0.0025598467705361116,0.0025598467705361116,0.2563125975771818,Tuesday,0,0.015603620779737426,0.009755828720324544,0.005847792059412882,-0.005847792059412882
2026-03-11,5217.4938394441,,5104.92041015625,672877838,,0,8.537960139910385,8.559772458202044,-0.021812318291658528,0.021812318291658528,-2.15761499202544,Wednesday,0,0.014168989736615956,-0.010203175325578684,0.02437216506219464,-0.02437216506219464
2026-03-12,5156.228569425,,5081.29345703125,426664740,,0,8.533321125688824,8.547960693841627,-0.014639568152803761,0.014639568152803761,-1.4532930684666452,Thursday,0,-0.011811764360416532,-0.004639014221561766,0.0071727501388547665,0.0071727501388547665
2026-03-13,5119.1586560366,,4999.9658203125,451227349,,0,8.517186355455372,8.54074537953787,-0.023559024082498325,0.023559024082498325,-2.3283676817389933,Friday,0,-0.00721531430375677,-0.016134770233451334,0.008919455929694564,-0.008919455929694564
2026-03-14,5018.78783225,,4991.80029296875,173209883,,0,8.515551903834112,8.520943715848478,-0.005391812014366337,0.005391812014366337,-0.5377302285590171,Saturday,0,-0.019801663689392512,-0.0016344516212605242,0.018167212068131988,0.018167212068131988
2026-03-15,5019.5864262352,,4959.73876953125,323792663,,0,8.50910835089878,8.521102824079815,-0.011994473181035303,0.011994473181035303,-1.1922826229498111,Sunday,0,0.00015910823133680196,-0.006443552935332164,0.006602661166668966,-0.006602661166668966
2026-03-16,4999.7450130043,,4973.08251953125,480167066,,0,8.511795152088279,8.517142192716685,-0.0053470406284059635,0.0053470406284059635,-0.5332770652043431,Monday,1,-0.003960631363129963,0.002686801189499377,0.00664743255262934,0.00664743255262934
2026-03-17,5010.7078827454,,4968.66650390625,352586625,,0,8.510906774016165,8.519332478059017,-0.008425704042851478,0.008425704042851478,-0.8390307282514139,Tuesday,0,0.002190285342331677,-0.0008883780721138379,0.003078663414445515,-0.003078663414445515
2026-03-18,5011.9987249475,,4815.66748046875,684256272,,0,8.479629939851792,8.519590061615986,-0.039960121764194056,0.039960121764194056,-3.9172245495893723,Wednesday,0,0.0002575835569693652,-0.03127683416437321,0.03153441772134258,-0.03153441772134258
2026-03-19,4838.9102580542,,4647.5048828125,1183150456,,0,8.444085770227108,8.484444821065283,-0.04035905083817504,0.04035905083817504,-3.9555471177237194,Thursday,0,-0.035145240550702894,-0.035544169624683875,0.0003989290739809803,-0.0003989290739809803
2026-03-20,4656.534048577,,4495.44189453125,1015655362,,0,8.410819250089656,8.446026683988453,-0.03520743389879755,0.03520743389879755,-3.4594862265632678,Friday,0,-0.03841813707682995,-0.03326652013745246,0.00515161693937749,0.00515161693937749
2026-03-21,4492.6172820205,,4488.99169921875,273626885,,0,8.409383389642052,8.410190724498479,-0.0008073348564270333,0.0008073348564270333,-0.08070090493262778,Saturday,0,-0.0358359594899742,-0.0014358604476036874,0.03440009904237051,0.03440009904237051
2026-03-22,4493.778139477,,4463.849609375,439686437,,0,8.4037668138375,8.410449083363964,-0.006682269526464779,0.006682269526464779,-0.6659992810745025,Sunday,0,0.00025835886548541964,-0.005616575804552326,0.005874934670037746,-0.005874934670037746
2026-03-23,4410.4701031874,,4432.314453125,2216114103,,0,8.39667717652509,8.391736562121805,0.004940614403285082,0.004940614403285082,0.49528393632717727,Monday,1,-0.018712521242159497,-0.007089637312409636,0.011622883929749861,0.011622883929749861
2026-03-24,4347.8979217918,,4539.49951171875,976421885,,0,8.420572045249024,8.377447770916707,0.04312427433231747,0.04312427433231747,4.406763759715618,Tuesday,0,-0.014288791205098406,0.023894868723933982,0.03818365992903239,0.03818365992903239
2026-03-25,4572.9713613096,,4491.75927734375,767271805,,0,8.409999725229094,8.427918461077676,-0.017918735848581946,0.017918735848581946,-1.775914991573284,Wednesday,0,0.050470690160969056,-0.010572320019930359,0.061043010180899415,-0.061043010180899415
2026-03-26,4538.6280362854,,4401.62060546875,927317360,,0,8.38972807151812,8.420380050714597,-0.03065197919647744,0.03065197919647744,-3.0186970538520472,Thursday,0,-0.007538410363078896,-0.02027165371097439,0.012733243347895495,-0.012733243347895495
2026-03-27,4397.05204043,,4491.8759765625,644705407,,0,8.410025705629112,8.388689604550844,0.021336101078267333,0.021336101078267333,2.156534315732759,Friday,0,-0.031690446163752384,0.02029763411099239,0.051988080274744775,0.051988080274744775
2026-03-28,4493.8690145035,,4485.92236328125,198928068,,0,8.408699408483951,8.410469305570055,-0.0017698970861044216,0.0017698970861044216,-0.17683317418916272,Saturday,0,0.021779701019211117,-0.0013262971451606376,0.023105998164371755,-0.023105998164371755
2026-03-29,4493.856897621,,4445.6796875,334669075,,0,8.399688046832052,8.410466609252294,-0.01077856242024211,0.01077856242024211,-1.0720681859385512,Sunday,0,-2.6963177610639377e-06,-0.009011361651898753,0.009008665334137689,-0.009008665334137689
2026-03-30,4425.95575195,,4500.75,581634374,,0,8.411999328537732,8.395241523260976,0.016757805276755633,0.016757805276755633,1.6899004924991978,Monday,1,-0.01522508599131811,0.012311281705679633,0.027536367696997743,0.027536367696997743
2026-03-31,4518.495557867,,4666.734375,573871710,,0,8.448214828752604,8.41593437624249,0.0322804525101148,0.0322804525101148,3.2807118040628978,Tuesday,0,0.020692852981513354,0.03621550021487252,0.015522647233359166,0.015522647233359166
2026-04-01,4697.8859982796,,4745.35205078125,496141314,,0,8.464920902344737,8.45486789891328,0.010053003431456986,0.010053003431456986,1.0103704627790493,Wednesday,0,0.03893352267079031,0.016706073592132498,0.022227449078657813,-0.022227449078657813
2026-04-02,4791.9916235986,,4649.49560546875,611573213,,0,8.44451402075569,8.474701391796804,-0.03018737104111402,0.03018737104111402,-2.9736282807364596,Thursday,0,0.01983349288352443,-0.020406881589046577,0.040240374472571006,-0.040240374472571006
2026-04-03,4676.7172438048,,4631.2353515625,136754800,,0,8.44057892608393,8.450351699153552,-0.009772773069622431,0.009772773069622431,-0.9725174705088167,Friday,0,-0.02434969264325204,-0.003935094671760453,0.020414597971491588,0.020414597971491588
2026-04-04,4676.7456771671,,4635.30517578125,182513126,,0,8.441457317424996,8.45035777890445,-0.008900461479454336,0.008900461479454336,-0.8860969624277854,Saturday,0,6.079750898280167e-06,0.0008783913410663757,0.0008723115901680956,0.0008723115901680956
2026-04-05,4676.642881261,,4586.6728515625,333579351,,0,8.430910171269442,8.450335798441337,-0.019425627171894888,0.019425627171894888,-1.9238165492388604,Sunday,0,-2.198046311363555e-05,-0.010547146155554188,0.010525165692440552,-0.010525165692440552
2026-04-06,4624.7372571146,,4624.873046875,365770346,,0,8.439204200245461,8.439174839060298,2.9361185163168102e-05,2.9361185163168102e-05,0.0029361616206706924,Monday,1,-0.011160959381038893,0.008294028976019163,0.019454988357058056,0.019454988357058056
2026-04-07,4659.8691601937,,4772.68115234375,588002201,,0,8.470663512416202,8.446742649513867,0.02392086290233486,0.02392086290233486,2.420926173501422,Tuesday,0,0.007567810453569024,0.031459312170740716,0.023891501717171693,0.023891501717171693
2026-04-08,4840.0976925318,,4691.45703125,528017598,,0,8.453498480837048,8.484690183914372,-0.031191703077324107,0.031191703077324107,-3.0710260561713536,Wednesday,0,0.037947534400505134,-0.017165031579153833,0.05511256597965897,-0.05511256597965897
2026-04-09,4700.0741671704,,4736.5087890625,303496417,,0,8.463055600916633,8.455333567822665,0.007722033093967795,0.007722033093967795,0.7751924883780055,Thursday,0,-0.029356616091707366,0.009557120079584536,0.0389137361712919,0.0389137361712919
2026-04-10,4752.9262578738,,4723.3466796875,292228945,,0,8.460272869634537,8.466515761634364,-0.006242891999827194,0.006242891999827194,-0.6223445637789493,Friday,0,0.011182193811698937,-0.0027827312820960515,0.013964925093794989,-0.013964925093794989
2026-04-11,4749.1273478498,,4724.68408203125,124356190,,0,8.460555976746782,8.465716163908644,-0.005160187161861174,0.005160187161861174,-0.5146896267082945,Saturday,0,-0.0007995977257202469,0.0002831071122457729,0.0010827048379660198,0.0010827048379660198
2026-04-12,4749.04615408,,4645.505859375,279622574,,0,8.44365554938183,8.465699067196358,-0.02204351781452729,0.02204351781452729,-2.180233489961899,Sunday,0,-1.7096712285891158e-05,-0.01690042736495201,0.016883330652666118,-0.016883330652666118
2026-04-13,4670.6099069241,,4731.73046875,383341700,,0,8.462046264209341,8.44904494318978,0.013001321019562084,0.013001321019562084,1.3086205665621924,Monday,1,-0.016654124006578286,0.01839071482751109,0.035044838834089376,0.035044838834089376
2026-04-14,4757.8854815028,,4813.345703125,465337477,,0,8.47914769367672,8.467558621952568,0.011589071724152689,0.011589071724152689,1.1656485183977734,Tuesday,0,0.018513678762788643,0.017101429467379248,0.0014122492954093957,-0.0014122492954093957
2026-04-15,4832.4750052312,,4802.9326171875,577353405,,0,8.4769819722488,8.483114038845871,-0.0061320665970718835,0.0061320665970718835,-0.611330384776336,Wednesday,0,0.015555416893302976,-0.0021657214279215964,0.017721138321224572,-0.017721138321224572
2026-04-16,4830.3065022688,,4773.38525390625,400633015,,0,8.470811029002366,8.48266520265991,-0.011854173657543043,0.011854173657543043,-1.1784189747754876,Thursday,0,-0.0004488361859618095,-0.006170943246432969,0.00572210706047116,-0.00572210706047116
2026-04-17,4789.8042311215,,4815.24658203125,1486841107,,0,8.47954253414242,8.474244819240205,0.005297714902214423,0.005297714902214423,0.5311772607414577,Friday,0,-0.00842038341970408,0.008731505140053386,0.017151888559757467,0.017151888559757467
2026-04-18,4830.4581641264,,4777.9091796875,80384501,,0,8.471758319686577,8.482696600145067,-0.010938280458489658,0.010938280458489658,-1.0878674993845836,Saturday,0,0.00845178090486165,-0.007784214455842431,0.01623599536070408,-0.01623599536070408
2026-04-19,4831.1746034813,,4734.40869140625,147223994,,0,8.462612117443147,8.482844906207498,-0.02023278876435164,0.02023278876435164,-2.0029479374502794,Sunday,0,0.0001483060624316579,-0.009146202243430324,0.009294508305861982,-0.009294508305861982
2026-04-20,4751.3680376422,,4802.64697265625,176120897,,0,8.476922497538572,8.46618786348704,0.01073463405153241,0.01073463405153241,1.079245695298666,Monday,1,-0.016657042720458648,0.014310380095425401,0.03096742281588405,0.03096742281588405
2026-04-21,4829.3827372748,,4727.2529296875,219559297,,0,8.461099536805703,8.482473940814128,-0.02137440400842472,0.02137440400842472,-2.1147590311910442,Tuesday,0,0.016286077327087867,-0.015822960732869262,0.03210903805995713,-0.03210903805995713
2026-04-22,4745.1633736024,,4710.865234375,135864649,,0,8.457626871705214,8.464881141136743,-0.007254269431529181,0.007254269431529181,-0.722802072910745,Wednesday,0,-0.017592799677384363,-0.0034726651004888254,0.014120134576895538,0.014120134576895538
2026-04-23,4706.3430208698,,4688.24560546875,191399419,,0,8.452813720129567,8.456666456743532,-0.00385273661396468,0.00385273661396468,-0.38453243464828013,Thursday,0,-0.008214684393211158,-0.004813151575646657,0.003401532817564501,0.003401532817564501
2026-04-24,4696.3901197345,,4692.07275390625,179035701,,0,8.453629715600774,8.454549432958277,-0.0009197173575028472,0.0009197173575028472,-0.09192945471264222,Friday,0,-0.0021170237852548013,0.0008159954712070316,0.002933019256461833,0.002933019256461833
2026-04-25,4709.4526721199,,4691.61083984375,146294906,,0,8.453531265123782,8.457326974763369,-0.00379570963958642,0.00379570963958642,-0.37885150395021744,Saturday,0,0.002777541805091488,-9.845047699208465e-05,0.0028759922820835726,-0.0028759922820835726
2026-04-26,4709.3506511855,,4675.861328125,96457967,,0,8.450168666062602,8.457305311515734,-0.007136645453131862,0.007136645453131862,-0.7111240071297282,Sunday,0,-2.166324763486216e-05,-0.0033625990611803047,0.0033409358135454426,-0.0033409358135454426
2026-04-27,4679.0280348644,,4686.95947265625,126751367,,0,8.45253935112967,8.450845682484172,0.0016936686454975813,0.0016936686454975813,0.1695103712299041,Monday,1,-0.006459629031562386,0.0023706850670670576,0.008830314098629444,0.008830314098629444
2026-04-28,4699.5175475286,,4587.6533203125,250106876,,0,8.431123913125871,8.455215132967334,-0.024091219841462674,0.024091219841462674,-2.380334280801381,Tuesday,0,0.004369450483162396,-0.02141543800379786,0.025784888486960256,-0.025784888486960256
2026-04-29,4609.5460933866,,4555.63916015625,195797031,,0,8.424121120411247,8.435884669838636,-0.011763549427389108,0.011763549427389108,-1.1694629392618725,Wednesday,0,-0.019330463128698128,-0.007002792714624562,0.012327670414073566,0.012327670414073566
2026-04-30,4560.7080408019,,4616.265625,194375240,,0,8.437341350943065,8.425233162560646,0.012108188382418561,0.012108188382418561,1.2181789253129067,Thursday,0,-0.01065150727798958,0.013220230531818089,0.02387173780980767,0.02387173780980767
2026-05-01,4622.7746540662,,4601.9111328125,181538713,,0,8.43422695985095,8.438750378276314,-0.004523418425364412,0.004523418425364412,-0.4513203176656803,Friday,0,0.013517215715667774,-0.0031143910921151985,0.016631606807782973,-0.016631606807782973
2026-05-02,4614.3531299849,,4597.65966796875,49166915,,0,8.433302685178038,8.436926970262153,-0.003624285084114831,0.003624285084114831,-0.36177252901761997,Saturday,0,-0.001823408014161032,-0.0009242746729114515,0.0008991333412495806,0.0008991333412495806
2026-05-03,4614.4744990296,,4607.513671875,88288732,,0,8.435443656848312,8.436953272420906,-0.001509615572594214,0.001509615572594214,-0.15084766761771384,Sunday,0,2.6302158753210847e-05,0.002140971670273828,0.002114669511520617,0.002114669511520617
2026-05-04,4611.5293768256,,4517.2060546875,278101142,,0,8.415648952211564,8.436314832996066,-0.020665880784502377,0.020665880784502377,-2.0453804894338163,Monday,1,-0.0006384394248399872,-0.01979470463674815,0.019156265211908163,-0.019156265211908163
2026-05-05,4527.5747412038,,4584.009765625,157085606,,0,8.430329388764251,8.41794169789382,0.012387690870431456,0.012387690870431456,1.246473612188123,Tuesday,0,-0.018373135102246252,0.014680436552687581,0.03305357165493383,0.03305357165493383
2026-05-06,4590.0658123636,,4683.2783203125,289726089,,0,8.4517536394723,8.431649641157378,0.020103998314921157,0.020103998314921157,2.0307444764261664,Wednesday,0,0.013707943263558064,0.021424250708047765,0.007716307444489701,0.007716307444489701
2026-05-07,4698.5879333684,,4693.91943359375,252348455,,0,8.454023212564001,8.455017302848248,-0.0009940902842462407,0.0009940902842462407,-0.09935963401887188,Thursday,0,0.023367661690869568,0.0022695730917021706,0.021098088599167397,-0.021098088599167397
2026-05-08,4704.144586588,,4700.4140625,184966814,,0,8.455405882221969,8.45619922605082,-0.0007933438288514338,0.0007933438288514338,-0.07930292148408218,Friday,0,0.001181923202572932,0.0013826696579677389,0.00020074645539480684,0.00020074645539480684
2026-05-09,4715.2840746467,,4707.45166015625,63105140,,0,8.456901991791648,8.458564442382388,-0.0016624505907394393,0.0016624505907394393,-0.16610694852010263,Saturday,0,0.002365216331567055,0.0014961095696790494,0.0008691067618880055,-0.0008691067618880055
2026-05-10,4715.0328449188,,4688.052734375,262453492,,0,8.45277257999371,8.45851116109182,-0.005738581098110984,0.005738581098110984,-0.5722146892969242,Sunday,0,-5.328129056714204e-05,-0.004129411797938687,0.004076130507371545,-0.004076130507371545
2026-05-11,4681.7356130265,,4750.95849609375,467717603,,0,8.46610166532341,8.451424177645348,0.014677487678062207,0.014677487678062207,1.4785730931632257,Monday,1,-0.007086983446471962,0.013329085329701229,0.02041606877617319,0.02041606877617319
2026-05-12,4767.1554431142,,4710.23486328125,219611522,,0,8.457493050582807,8.469505062836438,-0.012012012253631354,0.012012012253631354,-1.1940156034804335,Tuesday,0,0.018080885191089635,-0.008608614740603926,0.02668949993169356,-0.02668949993169356
2026-05-13,4722.3405430881,,4686.57861328125,159893735,,0,8.452458088457727,8.46005983344575,-0.00760174498802435,0.00760174498802435,-0.7572924798740652,Wednesday,0,-0.00944522939068726,-0.005034962125080256,0.004410267265607004,0.004410267265607004
2026-05-14,4696.4805514044,,4649.40185546875,238765271,,0,8.444493857074912,8.454568688343146,-0.010074831268234163,0.010074831268234163,-1.0024250163576647,Thursday,0,-0.005491145102604733,-0.007964231382814546,0.002473086280209813,-0.002473086280209813
2026-05-15,4648.0669619119,,4538.505859375,488545710,,0,8.420353131003637,8.444206705035525,-0.023853574031887703,0.023853574031887703,-2.357132619531665,Friday,0,-0.010361983307621614,-0.024140726071275154,0.01377874276365354,-0.01377874276365354
2026-05-16,4540.154946408,,4536.89453125,111804102,,0,8.419998033030527,8.420716419617765,-0.0007183865872377737,0.0007183865872377737,-0.07181286093725513,Saturday,0,-0.023490285417759438,-0.0003550979731095083,0.02313518744464993,0.02313518744464993
2026-05-17,4540.4188082309,,4532.83349609375,147878344,,0,8.419102518762536,8.42077453528977,-0.0016720165272339216,0.0016720165272339216,-0.16706194863344848,Sunday,0,5.8115672004532826e-05,-0.000895514267991615,0.0009536299399961479,-0.0009536299399961479
2026-05-18,4526.9721527835,,4573.30419921875,307287688,,0,8.427991242158257,8.41780859605488,0.01018264610337738,0.01018264610337738,1.0234665659863151,Monday,1,-0.0029659392348904134,0.008888723395720888,0.011854662630611301,0.011854662630611301
2026-05-19,4580.5645729059,,4490.955078125,339327799,,0,8.409820670393534,8.429577538704637,-0.019756868311102238,0.019756868311102238,-1.9562980360748772,Tuesday,0,0.011768942649757363,-0.018170571764722254,0.029939514414479618,-0.029939514414479618
2026-05-20,4488.0442987924,,4533.92724609375,328894957,,0,8.41934378464269,8.409172317651235,0.010171466991454992,0.010171466991454992,1.0223372196592613,Wednesday,0,-0.02040522105340159,0.00952311424915564,0.02992833530255723,0.02992833530255723
2026-05-21,4544.3577027545,,4523.0126953125,257075404,,0,8.416933576308416,8.421641677099071,-0.004708100790654868,0.004708100790654868,-0.46970350571350905,Thursday,0,0.012469359447836226,-0.0024102083342736336,0.01487956778210986,-0.01487956778210986
2026-05-22,4532.5080542668,,4492.1357421875,201791743,,0,8.410083534054364,8.419030719630582,-0.00894718557621843,0.00894718557621843,-0.8907278618356695,Friday,0,-0.002610957468489161,-0.006850042254052724,0.004239084785563563,-0.004239084785563563
2026-05-23,4509.5767626921,,4507.96044921875,127328210,,0,8.413600101655952,8.413958583900643,-0.00035848224469070544,0.00035848224469070544,-0.035841799760933546,Saturday,0,-0.005072135729939475,0.0035165676015882497,0.008588703331527725,0.008588703331527725
2026-05-24,4509.5991327139,,4552.36962890625,293627253,,0,8.423403173938826,8.413963544447386,0.009439629491440726,0.009439629491440726,0.9484323314256656,Sunday,0,4.960546743149052e-06,0.009803072282874581,0.009798111736131432,0.009798111736131432
2026-05-25,4572.6556108999,,4540.88525390625,140015407,,0,8.420877261874535,8.427849411594073,-0.006972149719537413,0.006972149719537413,-0.6947900672405509,Monday,1,0.013885867146687048,-0.0025259120642910915,0.01641177921097814,-0.01641177921097814
2026-05-26,4551.5929892724,,4507.15087890625,280644083,,0,8.413420498701488,8.42323255820405,-0.00981205950256303,0.00981205950256303,-0.9764078306407211,Tuesday,0,-0.0046168533900221576,-0.007456763173047776,0.002839909783025618,-0.002839909783025618
2026-05-27,4521.7564310681,,4435.1064453125,346016376,,0,8.397306895653514,8.41665578828864,-0.019348892635125736,0.019348892635125736,-1.9162904299808146,Wednesday,0,-0.006576769915410452,-0.016113603047973157,0.009536833132562705,-0.009536833132562705
2026-05-28,4447.6150998312,,4472.02490234375,349322495,,0,8.405596583322058,8.400123298874865,0.005473284447193194,0.005473284447193194,0.5488290233000791,Thursday,0,-0.016532489413775053,0.008289687668543877,0.02482217708231893,0.02482217708231893
2026-05-29,4497.316900737,,4517.63037109375,254231325,,0,8.415742881174205,8.411236253653435,0.004506627520770579,0.004506627520770579,0.45167976384811526,Friday,0,0.011112954778569772,0.010146297852147157,0.0009666569264226155,-0.0009666569264226155
2026-05-30,4539.7839426026,,4503.08154296875,79514159,,0,8.412517228724944,8.420634700167856,-0.00811747144291175,0.00811747144291175,-0.8084613738866452,Saturday,0,0.00939844651442101,-0.003225652449261318,0.012624098963682329,-0.012624098963682329
2026-05-31,4539.2481552496,,4518.7431640625,95163799,,0,8.415989173112017,8.42051667275087,-0.004527499638852461,0.004527499638852461,-0.45172659625110584,Sunday,0,-0.00011802741698652142,0.0034719443870727673,0.0035899718040592887,0.0035899718040592887
2026-06-01,4540.5342574229,,4463.306640625,264196888,,0,8.40364516955673,8.420799961958354,-0.017154792401623098,0.017154792401623098,-1.7008486759382453,Monday,1,0.0002832892074842164,-0.01234400355528642,0.012627292762770637,-0.012627292762770637
2026-06-02,4480.3329066563,,4445.6865234375,262693655,,0,8.399689584489447,8.407452632169711,-0.007763047680263924,0.007763047680263924,-0.7732993047754775,Tuesday,0,-0.01334732978864217,-0.003955585067282996,0.009391744721359174,0.009391744721359174
2026-06-03,4475.6286356091,,4429.927734375,269196545,,0,8.39613855012396,8.406402098074038,-0.010263547950078333,0.010263547950078333,-1.021105747480767,Wednesday,0,-0.001050534095673683,-0.0035510343654880927,0.0025005002698144096,-0.0025005002698144096
2026-06-04,4455.3570990992,,4436.2060546875,260202678,,0,8.397554797952216,8.40186249361714,-0.0043076956649237275,0.0043076956649237275,-0.4298430852057238,Thursday,0,-0.004539604456898161,0.001416247828256445,0.005955852285154606,0.005955852285154606
2026-06-05,4455.8037735311,,4299.82470703125,316685190,,0,8.36632953504402,8.401962744176782,-0.03563320913276158,0.03563320913276158,-3.5005820369921925,Friday,0,0.00010025055964213436,-0.031225262908195717,0.03132551346783785,-0.03132551346783785
2026-06-06,4328.7401072056,,4288.39501953125,107091086,,0,8.363667820599835,8.373031810344248,-0.009363989744413104,0.009363989744413104,-0.932028411851101,Saturday,0,-0.028930933832533867,-0.0026617144441853924,0.026269219388348475,0.026269219388348475
2026-06-07,4328.9987069281,,4321.166015625,124892290,,0,8.371280555843034,8.373091548742028,-0.0018109928989940016,0.0018109928989940016,-0.18093540408234013,Sunday,0,5.97383977805066e-05,0.007612735243199609,0.007552996845419102,0.007552996845419102
2026-06-08,4344.0241214971,,4297.52978515625,187222516,,0,8.36579566804305,8.376556414429178,-0.010760746386127451,0.010760746386127451,-1.0703056668301054,Monday,1,0.003464865687149654,-0.005484887799983795,0.00894975348713345,-0.00894975348713345
2026-06-09,4319.5312790219,,4206.048828125,209143097,,0,8.344278965354793,8.370902175125169,-0.026623209770376022,0.026623209770376022,-2.627193636680807,Tuesday,0,-0.005654239304009323,-0.021516702688257894,0.01586246338424857,-0.01586246338424857
2026-06-10,4218.7577783347,,4042.158203125,664887806,,0,8.304534037010836,8.34729599837255,-0.042761961361714285,0.042761961361714285,-4.186056286915104,Wednesday,0,-0.02360617675261878,-0.03974492834395704,0.016138751591338263,-0.016138751591338263
2026-06-11,4048.2715904445,,4199.8037109375,593934015,,0,8.342793067688252,8.306045301217813,0.0367477664704392,0.0367477664704392,3.7431312872060016,Thursday,0,-0.04125069715473728,0.038259030677416206,0.07950972783215349,0.07950972783215349
2026-06-12,4217.106777987,,4200.23388671875,1129207851,,0,8.342895490034968,8.346904574267112,-0.004009084232144744,0.004009084232144744,-0.4001058582705396,Friday,0,0.040859273049299816,0.00010242234671586914,0.04075685070258395,-0.04075685070258395
2026-06-13,4219.1048662734,,4211.080078125,196621886,,0,8.345474444396459,8.34737826753324,-0.0019038231367822789,0.0019038231367822789,-0.19020120150481554,Saturday,0,0.00047369326612844986,0.002578954361490915,0.002105261095362465,0.002105261095362465
2026-06-14,4216.496875365,,4277.15087890625,679513772,,0,8.36104238441233,8.346759937964974,0.014282446447356989,0.014282446447356989,1.4384927899655908,Sunday,0,-0.0006183295682671286,0.01556794001587214,0.016186269584139268,0.016186269584139268
2026-06-15,4299.8916427306,,4296.7900390625,211445140,,0,8.365623520366281,8.366345101999167,-0.0007215816328862701,0.0007215816328862701,-0.07213213554680842,Monday,1,0.019585164034193525,0.004581135953950266,0.015004028080243259,-0.015004028080243259
2026-06-16,4315.1323925769,,4308.39501953125,251937603,,0,8.368320728485614,8.369883284988191,-0.0015625565025771948,0.0015625565025771948,-0.15613363467689095,Tuesday,0,0.0035381829890237526,0.002697208119332828,0.0008409748696909247,-0.0008409748696909247
2026-06-17,4338.5378433302,,4255.04052734375,660360615,,0,8.355859565602245,8.375292667871589,-0.01943310226934436,0.01943310226934436,-1.9245496755275264,Wednesday,0,0.005409382883398095,-0.01246116288336907,0.017870545766767165,-0.017870545766767165
2026-06-18,4296.444348586,,4174.0439453125,169111351,,0,8.336640615926836,8.365543063937167,-0.028902448010331483,0.028902448010331483,-2.8488767302149105,Thursday,0,-0.009749603934421813,-0.019218949675408936,0.009469345740987123,-0.009469345740987123
2026-06-19,4193.2343003211,,4146.17236328125,150875656,,0,8.329940865523097,8.34122762453187,-0.011286759008772407,0.011286759008772407,-1.122330250810123,Friday,0,-0.024315439405297568,-0.006699750403738491,0.017615689001559076,0.017615689001559076
2026-06-20,4155.6835413738,,4141.2333984375,40052553,,0,8.328748944777214,8.332232204318448,-0.003483259541233963,0.003483259541233963,-0.34772000303764583,Saturday,0,-0.008995420213421923,-0.001191920745883479,0.007803499467538444,0.007803499467538444
2026-06-21,4155.6006484399,,4126.39208984375,58976420,,0,8.325158718162212,8.332212257236383,-0.007053539074171056,0.007053539074171056,-0.7028721252874937,Sunday,0,-1.9947082064319943e-05,-0.003590226615001413,0.003570279532937093,-0.003570279532937093
2026-06-22,4155.9892376503,,4171.57763671875,135828834,,0,8.336049573392422,8.332305762622479,0.0037438107699436785,0.0037438107699436785,0.3750827583293504,Monday,1,9.350538609531611e-05,0.01089085523021005,0.010797349844114734,0.010797349844114734
2026-06-23,4184.0986677411,,4086.484619140625,151564471,,0,8.315440373126913,8.339046587622798,-0.02360621449588507,0.02360621449588507,-2.332976737691866,Tuesday,0,0.0067408250003193615,-0.020609200265509386,0.027350025265828748,-0.027350025265828748
2026-06-24,4108.4684985232,,4006.101806640625,389449757,,0,8.295573929442691,8.320805609950634,-0.02523168050794311,0.02523168050794311,-2.4916022094211194,Wednesday,0,-0.01824097767216415,-0.01986644368422219,0.001625466012058041,-0.001625466012058041
2026-06-25,4009.9945103175,,4006.470947265625,264636552,,0,8.295666069791766,8.296545151301547,-0.0008790815097814431,0.0008790815097814431,-0.0878695230831141,Thursday,0,-0.024260458649086658,9.214034907500945e-05,0.024352598998161668,0.024352598998161668
2026-06-26,4016.1529672342,,4070.471435546875,167961430,,0,8.311514103558352,8.298079750096928,0.013434353461423854,0.013434353461423854,1.352499985828044,Friday,0,0.0015345987953807594,0.015848033766586056,0.014313434971205297,0.014313434971205297
2026-06-27,4089.0045441107,,4064.048583984375,43294081,,0,8.309934943907425,8.316056831665248,-0.006121887757823075,0.006121887757823075,-0.610318718336189,Saturday,0,0.01797708156832023,-0.001579159650926698,0.019556241219246928,-0.019556241219246928
2026-06-28,4089.2888031592,,4050.39892578125,55938052,,0,8.30657065544266,8.31612634715865,-0.009555691715990022,0.009555691715990022,-0.9510181170844567,Sunday,0,6.951549340250551e-05,-0.003364288464764442,0.0034338039581669477,-0.0034338039581669477
2026-06-29,4059.6311094403,,4005.65283203125,146206424,,0,8.295461850471208,8.308847388724013,-0.013385538252805418,0.013385538252805418,-1.329635032196113,Monday,1,-0.007278958434637772,-0.011108804971453168,0.0038298465368153956,-0.0038298465368153956
2026-06-30,4012.1761521867,,3996.261962890625,196685799,,0,8.29311469389866,8.297089054445664,-0.003974360547003286,0.003974360547003286,-0.3966473228599815,Tuesday,0,-0.01175833427834938,-0.0023471565725472487,0.009411177705802132,0.009411177705802132
2026-07-01,4008.933507428,,4027.085693359375,224189357,,0,8.3007982403269,8.296280526680066,0.004517713646833954,0.004517713646833954,0.45279339000612745,Wednesday,0,-0.0008085277655975887,0.0076835464282396515,0.00849207419383724,0.00849207419383724
2026-07-02,4042.6254426675,,4116.39404296875,205586100,,0,8.322732826815022,8.304649621932706,0.018083204882316295,0.018083204882316295,1.824769604491834,Thursday,0,0.008369095252639625,0.021934586488121965,0.013565491235482341,0.013565491235482341
2026-07-03,4130.3744432255,,4160.40283203125,127295710,,0,8.333367183190036,8.326123346064575,0.007243837125461283,0.007243837125461283,0.7270137179693654,Friday,0,0.02147372413186943,0.01063435637501442,0.010839367756855012,-0.010839367756855012
2026-07-04,4130.3744432255,,4161.0908203125,45259535,,1,8.333532535303865,8.326123346064575,0.007409189239290015,0.007409189239290015,0.7436705196881156,Saturday,0,0.0,0.00016535211382873172,0.00016535211382873172,0.00016535211382873172
